market,method,impact category,unit,layer 1 group,component,absolute contribution,score per kg H2,share of total impact (%)
Cement,"('EF v3.1', 'acidification', 'accumulated exceedance (AE)')",acidification,mol H+-Eq,Hydrogen distribution,Hydrogen distribution,0.001956077883981787,0.019196698153048503,10.18965797340078
Cement,"('EF v3.1', 'acidification', 'accumulated exceedance (AE)')",acidification,mol H+-Eq,Hydrogen distribution,Hydrogen leakage — distribution,0.0,0.019196698153048503,0.0
Cement,"('EF v3.1', 'acidification', 'accumulated exceedance (AE)')",acidification,mol H+-Eq,Production technology,Ammonia leakage — Coal gasification with CCS,2.2894452822838273e-08,0.019196698153048503,0.00011926245149196428
Cement,"('EF v3.1', 'acidification', 'accumulated exceedance (AE)')",acidification,mol H+-Eq,Production technology,Biomass gasification,1.013739587077069e-08,0.019196698153048503,5.280801828496135e-05
Cement,"('EF v3.1', 'acidification', 'accumulated exceedance (AE)')",acidification,mol H+-Eq,Production technology,Biomass gasification with CCS,0.0013055591727496596,0.019196698153048503,6.8009569267636385
Cement,"('EF v3.1', 'acidification', 'accumulated exceedance (AE)')",acidification,mol H+-Eq,Production technology,Coal gasification with CCS,1.4141957247873182e-08,0.019196698153048503,7.366869622642574e-05
Cement,"('EF v3.1', 'acidification', 'accumulated exceedance (AE)')",acidification,mol H+-Eq,Production technology,PEM electrolysis,0.015866941982374032,0.019196698153048503,82.65453702440128
Cement,"('EF v3.1', 'acidification', 'accumulated exceedance (AE)')",acidification,mol H+-Eq,Production technology,Steam methane reforming with CCS,6.80718676738782e-05,0.019196698153048503,0.3546019587908567
Chemicals,"('EF v3.1', 'acidification', 'accumulated exceedance (AE)')",acidification,mol H+-Eq,Hydrogen distribution,Hydrogen distribution,0.0008038559583652075,0.018044476214448164,4.4548589208788565
Chemicals,"('EF v3.1', 'acidification', 'accumulated exceedance (AE)')",acidification,mol H+-Eq,Hydrogen distribution,Hydrogen leakage — distribution,0.0,0.018044476214448164,0.0
Chemicals,"('EF v3.1', 'acidification', 'accumulated exceedance (AE)')",acidification,mol H+-Eq,Production technology,Ammonia leakage — Coal gasification with CCS,2.2894452822838273e-08,0.018044476214448164,0.00012687790186177166
Chemicals,"('EF v3.1', 'acidification', 'accumulated exceedance (AE)')",acidification,mol H+-Eq,Production technology,Biomass gasification,1.013739587077069e-08,0.018044476214448164,5.618005061656323e-05
Chemicals,"('EF v3.1', 'acidification', 'accumulated exceedance (AE)')",acidification,mol H+-Eq,Production technology,Biomass gasification with CCS,0.0013055591727496596,0.018044476214448164,7.2352289821762845
Chemicals,"('EF v3.1', 'acidification', 'accumulated exceedance (AE)')",acidification,mol H+-Eq,Production technology,Coal gasification with CCS,1.4141957247873182e-08,0.018044476214448164,7.837277779528871e-05
Chemicals,"('EF v3.1', 'acidification', 'accumulated exceedance (AE)')",acidification,mol H+-Eq,Production technology,PEM electrolysis,0.015866941982374032,0.018044476214448164,87.93240542870075
Chemicals,"('EF v3.1', 'acidification', 'accumulated exceedance (AE)')",acidification,mol H+-Eq,Production technology,Steam methane reforming with CCS,6.80718676738782e-05,0.018044476214448164,0.3772449078869534
Generic,"('EF v3.1', 'acidification', 'accumulated exceedance (AE)')",acidification,mol H+-Eq,Hydrogen distribution,Hydrogen distribution,0.0010048199479565094,0.018245440192061084,5.5072387258364115
Generic,"('EF v3.1', 'acidification', 'accumulated exceedance (AE)')",acidification,mol H+-Eq,Hydrogen distribution,Hydrogen leakage — distribution,0.0,0.018245440192061084,0.0
Generic,"('EF v3.1', 'acidification', 'accumulated exceedance (AE)')",acidification,mol H+-Eq,Production technology,Ammonia leakage — Coal gasification with CCS,2.2894452822838273e-08,0.018245440192061084,0.00012548040815589672
Generic,"('EF v3.1', 'acidification', 'accumulated exceedance (AE)')",acidification,mol H+-Eq,Production technology,Biomass gasification,1.013739587077069e-08,0.018245440192061084,5.5561256752696224e-05
Generic,"('EF v3.1', 'acidification', 'accumulated exceedance (AE)')",acidification,mol H+-Eq,Production technology,Biomass gasification with CCS,0.0013055591727496596,0.018245440192061084,7.155536720444441
Generic,"('EF v3.1', 'acidification', 'accumulated exceedance (AE)')",acidification,mol H+-Eq,Production technology,Coal gasification with CCS,1.4141957247873182e-08,0.018245440192061084,7.750954265289033e-05
Generic,"('EF v3.1', 'acidification', 'accumulated exceedance (AE)')",acidification,mol H+-Eq,Production technology,PEM electrolysis,0.015866941982374032,0.018245440192061084,86.9638759895638
Generic,"('EF v3.1', 'acidification', 'accumulated exceedance (AE)')",acidification,mol H+-Eq,Production technology,Steam methane reforming with CCS,6.80718676738782e-05,0.018245440192061084,0.37308975260294064
Other end uses,"('EF v3.1', 'acidification', 'accumulated exceedance (AE)')",acidification,mol H+-Eq,Hydrogen distribution,Hydrogen distribution,0.0021592516811388073,0.01939987192834374,11.13023678256392
Other end uses,"('EF v3.1', 'acidification', 'accumulated exceedance (AE)')",acidification,mol H+-Eq,Hydrogen distribution,Hydrogen leakage — distribution,0.0,0.01939987192834374,0.0
Other end uses,"('EF v3.1', 'acidification', 'accumulated exceedance (AE)')",acidification,mol H+-Eq,Production technology,Ammonia leakage — Coal gasification with CCS,2.2894452822838273e-08,0.01939987192834374,0.0001180134224978509
Other end uses,"('EF v3.1', 'acidification', 'accumulated exceedance (AE)')",acidification,mol H+-Eq,Production technology,Biomass gasification,1.013739587077069e-08,0.01939987192834374,5.2254962858593303e-05
Other end uses,"('EF v3.1', 'acidification', 'accumulated exceedance (AE)')",acidification,mol H+-Eq,Production technology,Biomass gasification with CCS,0.0013055591727496596,0.01939987192834374,6.7297308846776565
Other end uses,"('EF v3.1', 'acidification', 'accumulated exceedance (AE)')",acidification,mol H+-Eq,Production technology,Coal gasification with CCS,1.4141957247873182e-08,0.01939987192834374,7.28971680849676e-05
Other end uses,"('EF v3.1', 'acidification', 'accumulated exceedance (AE)')",acidification,mol H+-Eq,Production technology,PEM electrolysis,0.015866941982374032,0.01939987192834374,81.78890067409155
Other end uses,"('EF v3.1', 'acidification', 'accumulated exceedance (AE)')",acidification,mol H+-Eq,Production technology,Steam methane reforming with CCS,6.80718676738782e-05,0.01939987192834374,0.3508882322796335
Steel,"('EF v3.1', 'acidification', 'accumulated exceedance (AE)')",acidification,mol H+-Eq,Hydrogen distribution,Hydrogen distribution,0.001956077883981787,0.019196698153048503,10.18965797340078
Steel,"('EF v3.1', 'acidification', 'accumulated exceedance (AE)')",acidification,mol H+-Eq,Hydrogen distribution,Hydrogen leakage — distribution,0.0,0.019196698153048503,0.0
Steel,"('EF v3.1', 'acidification', 'accumulated exceedance (AE)')",acidification,mol H+-Eq,Production technology,Ammonia leakage — Coal gasification with CCS,2.2894452822838273e-08,0.019196698153048503,0.00011926245149196428
Steel,"('EF v3.1', 'acidification', 'accumulated exceedance (AE)')",acidification,mol H+-Eq,Production technology,Biomass gasification,1.013739587077069e-08,0.019196698153048503,5.280801828496135e-05
Steel,"('EF v3.1', 'acidification', 'accumulated exceedance (AE)')",acidification,mol H+-Eq,Production technology,Biomass gasification with CCS,0.0013055591727496596,0.019196698153048503,6.8009569267636385
Steel,"('EF v3.1', 'acidification', 'accumulated exceedance (AE)')",acidification,mol H+-Eq,Production technology,Coal gasification with CCS,1.4141957247873182e-08,0.019196698153048503,7.366869622642574e-05
Steel,"('EF v3.1', 'acidification', 'accumulated exceedance (AE)')",acidification,mol H+-Eq,Production technology,PEM electrolysis,0.015866941982374032,0.019196698153048503,82.65453702440128
Steel,"('EF v3.1', 'acidification', 'accumulated exceedance (AE)')",acidification,mol H+-Eq,Production technology,Steam methane reforming with CCS,6.80718676738782e-05,0.019196698153048503,0.3546019587908567
Transport,"('EF v3.1', 'acidification', 'accumulated exceedance (AE)')",acidification,mol H+-Eq,Hydrogen distribution,Hydrogen distribution,0.0018452276860640297,0.019085847945418205,9.668041427035467
Transport,"('EF v3.1', 'acidification', 'accumulated exceedance (AE)')",acidification,mol H+-Eq,Hydrogen distribution,Hydrogen leakage — distribution,0.0,0.019085847945418205,0.0
Transport,"('EF v3.1', 'acidification', 'accumulated exceedance (AE)')",acidification,mol H+-Eq,Production technology,Ammonia leakage — Coal gasification with CCS,2.2894452822838273e-08,0.019085847945418205,0.00011995512532800185
Transport,"('EF v3.1', 'acidification', 'accumulated exceedance (AE)')",acidification,mol H+-Eq,Production technology,Biomass gasification,1.013739587077069e-08,0.019085847945418205,5.311472615605899e-05
Transport,"('EF v3.1', 'acidification', 'accumulated exceedance (AE)')",acidification,mol H+-Eq,Production technology,Biomass gasification with CCS,0.0013055591727496596,0.019085847945418205,6.840456743044919
Transport,"('EF v3.1', 'acidification', 'accumulated exceedance (AE)')",acidification,mol H+-Eq,Production technology,Coal gasification with CCS,1.4141957247873182e-08,0.019085847945418205,7.40965624808309e-05
Transport,"('EF v3.1', 'acidification', 'accumulated exceedance (AE)')",acidification,mol H+-Eq,Production technology,PEM electrolysis,0.015866941982374032,0.019085847945418205,83.1345928551374
Transport,"('EF v3.1', 'acidification', 'accumulated exceedance (AE)')",acidification,mol H+-Eq,Production technology,Steam methane reforming with CCS,6.80718676738782e-05,0.019085847945418205,0.35666147958712885
Cement,"('IPCC 2021', 'climate change', 'GWP 100a, incl. H')","climate change — GWP 100a, incl. H (premise_gwp)",kg CO2-Eq,Hydrogen distribution,Hydrogen distribution,0.06911829422210725,0.6477818763424286,10.669995062592664
Cement,"('IPCC 2021', 'climate change', 'GWP 100a, incl. H')","climate change — GWP 100a, incl. H (premise_gwp)",kg CO2-Eq,Hydrogen distribution,Hydrogen leakage — distribution,0.1000612661987543,0.6477818763424286,15.446752966250047
Cement,"('IPCC 2021', 'climate change', 'GWP 100a, incl. H')","climate change — GWP 100a, incl. H (premise_gwp)",kg CO2-Eq,Production technology,Ammonia leakage — Coal gasification with CCS,0.0,0.6477818763424286,0.0
Cement,"('IPCC 2021', 'climate change', 'GWP 100a, incl. H')","climate change — GWP 100a, incl. H (premise_gwp)",kg CO2-Eq,Production technology,Biomass gasification,4.7448830999291417e-07,0.6477818763424286,7.324816073460067e-05
Cement,"('IPCC 2021', 'climate change', 'GWP 100a, incl. H')","climate change — GWP 100a, incl. H (premise_gwp)",kg CO2-Eq,Production technology,Biomass gasification with CCS,0.0678351273760055,0.6477818763424286,10.471908809647939
Cement,"('IPCC 2021', 'climate change', 'GWP 100a, incl. H')","climate change — GWP 100a, incl. H (premise_gwp)",kg CO2-Eq,Production technology,Coal gasification with CCS,4.839446909214738e-06,0.6477818763424286,0.000747079701664349
Cement,"('IPCC 2021', 'climate change', 'GWP 100a, incl. H')","climate change — GWP 100a, incl. H (premise_gwp)",kg CO2-Eq,Production technology,PEM electrolysis,0.40896688258507785,0.6477818763424286,63.13342461728444
Cement,"('IPCC 2021', 'climate change', 'GWP 100a, incl. H')","climate change — GWP 100a, incl. H (premise_gwp)",kg CO2-Eq,Production technology,Steam methane reforming with CCS,0.001794989934839375,0.6477818763424286,0.2770978936574188
Chemicals,"('IPCC 2021', 'climate change', 'GWP 100a, incl. H')","climate change — GWP 100a, incl. H (premise_gwp)",kg CO2-Eq,Hydrogen distribution,Hydrogen distribution,0.027978712334433664,0.5674272928922389,4.930801299990896
Chemicals,"('IPCC 2021', 'climate change', 'GWP 100a, incl. H')","climate change — GWP 100a, incl. H (premise_gwp)",kg CO2-Eq,Hydrogen distribution,Hydrogen leakage — distribution,0.06084626540541649,0.5674272928922389,10.723182717432646
Chemicals,"('IPCC 2021', 'climate change', 'GWP 100a, incl. H')","climate change — GWP 100a, incl. H (premise_gwp)",kg CO2-Eq,Production technology,Ammonia leakage — Coal gasification with CCS,0.0,0.5674272928922389,0.0
Chemicals,"('IPCC 2021', 'climate change', 'GWP 100a, incl. H')","climate change — GWP 100a, incl. H (premise_gwp)",kg CO2-Eq,Production technology,Biomass gasification,4.7448830999291417e-07,0.5674272928922389,8.362098826342939e-05
Chemicals,"('IPCC 2021', 'climate change', 'GWP 100a, incl. H')","climate change — GWP 100a, incl. H (premise_gwp)",kg CO2-Eq,Production technology,Biomass gasification with CCS,0.0678351273760055,0.5674272928922389,11.954858045379249
Chemicals,"('IPCC 2021', 'climate change', 'GWP 100a, incl. H')","climate change — GWP 100a, incl. H (premise_gwp)",kg CO2-Eq,Production technology,Coal gasification with CCS,4.839446909214738e-06,0.5674272928922389,0.0008528752440770955
Chemicals,"('IPCC 2021', 'climate change', 'GWP 100a, incl. H')","climate change — GWP 100a, incl. H (premise_gwp)",kg CO2-Eq,Production technology,PEM electrolysis,0.40896688258507785,0.5674272928922389,72.07388289352967
Chemicals,"('IPCC 2021', 'climate change', 'GWP 100a, incl. H')","climate change — GWP 100a, incl. H (premise_gwp)",kg CO2-Eq,Production technology,Steam methane reforming with CCS,0.001794989934839375,0.5674272928922389,0.31633831458654643
Generic,"('IPCC 2021', 'climate change', 'GWP 100a, incl. H')","climate change — GWP 100a, incl. H (premise_gwp)",kg CO2-Eq,Hydrogen distribution,Hydrogen distribution,0.034973390418042066,0.5896335360036256,5.9313774204707075
Generic,"('IPCC 2021', 'climate change', 'GWP 100a, incl. H')","climate change — GWP 100a, incl. H (premise_gwp)",kg CO2-Eq,Hydrogen distribution,Hydrogen leakage — distribution,0.07605783175677061,0.5896335360036256,12.89916992718388
Generic,"('IPCC 2021', 'climate change', 'GWP 100a, incl. H')","climate change — GWP 100a, incl. H (premise_gwp)",kg CO2-Eq,Production technology,Ammonia leakage — Coal gasification with CCS,0.0,0.5896335360036256,0.0
Generic,"('IPCC 2021', 'climate change', 'GWP 100a, incl. H')","climate change — GWP 100a, incl. H (premise_gwp)",kg CO2-Eq,Production technology,Biomass gasification,4.7448830999291417e-07,0.5896335360036256,8.047173049363267e-05
Generic,"('IPCC 2021', 'climate change', 'GWP 100a, incl. H')","climate change — GWP 100a, incl. H (premise_gwp)",kg CO2-Eq,Production technology,Biomass gasification with CCS,0.0678351273760055,0.5896335360036256,11.50462503129883
Generic,"('IPCC 2021', 'climate change', 'GWP 100a, incl. H')","climate change — GWP 100a, incl. H (premise_gwp)",kg CO2-Eq,Production technology,Coal gasification with CCS,4.839446909214738e-06,0.5896335360036256,0.0008207550306611089
Generic,"('IPCC 2021', 'climate change', 'GWP 100a, incl. H')","climate change — GWP 100a, incl. H (premise_gwp)",kg CO2-Eq,Production technology,PEM electrolysis,0.40896688258507785,0.5896335360036256,69.35950172660519
Generic,"('IPCC 2021', 'climate change', 'GWP 100a, incl. H')","climate change — GWP 100a, incl. H (premise_gwp)",kg CO2-Eq,Production technology,Steam methane reforming with CCS,0.001794989934839375,0.5896335360036256,0.3044246680752463
Other end uses,"('IPCC 2021', 'climate change', 'GWP 100a, incl. H')","climate change — GWP 100a, incl. H (premise_gwp)",kg CO2-Eq,Hydrogen distribution,Hydrogen distribution,0.07839696336121979,0.6529844444129502,12.005946547731421
Other end uses,"('IPCC 2021', 'climate change', 'GWP 100a, incl. H')","climate change — GWP 100a, incl. H (premise_gwp)",kg CO2-Eq,Hydrogen distribution,Hydrogen leakage — distribution,0.0959851669264026,0.6529844444129502,14.699456893294867
Other end uses,"('IPCC 2021', 'climate change', 'GWP 100a, incl. H')","climate change — GWP 100a, incl. H (premise_gwp)",kg CO2-Eq,Production technology,Ammonia leakage — Coal gasification with CCS,0.0,0.6529844444129502,0.0
Other end uses,"('IPCC 2021', 'climate change', 'GWP 100a, incl. H')","climate change — GWP 100a, incl. H (premise_gwp)",kg CO2-Eq,Production technology,Biomass gasification,4.7448830999291417e-07,0.6529844444129502,7.26645656037781e-05
Other end uses,"('IPCC 2021', 'climate change', 'GWP 100a, incl. H')","climate change — GWP 100a, incl. H (premise_gwp)",kg CO2-Eq,Production technology,Biomass gasification with CCS,0.0678351273760055,0.6529844444129502,10.38847524721527
Other end uses,"('IPCC 2021', 'climate change', 'GWP 100a, incl. H')","climate change — GWP 100a, incl. H (premise_gwp)",kg CO2-Eq,Production technology,Coal gasification with CCS,4.839446909214738e-06,0.6529844444129502,0.0007411274419508606
Other end uses,"('IPCC 2021', 'climate change', 'GWP 100a, incl. H')","climate change — GWP 100a, incl. H (premise_gwp)",kg CO2-Eq,Production technology,PEM electrolysis,0.40896688258507785,0.6529844444129502,62.63041732223033
Other end uses,"('IPCC 2021', 'climate change', 'GWP 100a, incl. H')","climate change — GWP 100a, incl. H (premise_gwp)",kg CO2-Eq,Production technology,Steam methane reforming with CCS,0.001794989934839375,0.6529844444129502,0.27489015246804493
Steel,"('IPCC 2021', 'climate change', 'GWP 100a, incl. H')","climate change — GWP 100a, incl. H (premise_gwp)",kg CO2-Eq,Hydrogen distribution,Hydrogen distribution,0.06911829422210725,0.6477818763424286,10.669995062592664
Steel,"('IPCC 2021', 'climate change', 'GWP 100a, incl. H')","climate change — GWP 100a, incl. H (premise_gwp)",kg CO2-Eq,Hydrogen distribution,Hydrogen leakage — distribution,0.1000612661987543,0.6477818763424286,15.446752966250047
Steel,"('IPCC 2021', 'climate change', 'GWP 100a, incl. H')","climate change — GWP 100a, incl. H (premise_gwp)",kg CO2-Eq,Production technology,Ammonia leakage — Coal gasification with CCS,0.0,0.6477818763424286,0.0
Steel,"('IPCC 2021', 'climate change', 'GWP 100a, incl. H')","climate change — GWP 100a, incl. H (premise_gwp)",kg CO2-Eq,Production technology,Biomass gasification,4.7448830999291417e-07,0.6477818763424286,7.324816073460067e-05
Steel,"('IPCC 2021', 'climate change', 'GWP 100a, incl. H')","climate change — GWP 100a, incl. H (premise_gwp)",kg CO2-Eq,Production technology,Biomass gasification with CCS,0.0678351273760055,0.6477818763424286,10.471908809647939
Steel,"('IPCC 2021', 'climate change', 'GWP 100a, incl. H')","climate change — GWP 100a, incl. H (premise_gwp)",kg CO2-Eq,Production technology,Coal gasification with CCS,4.839446909214738e-06,0.6477818763424286,0.000747079701664349
Steel,"('IPCC 2021', 'climate change', 'GWP 100a, incl. H')","climate change — GWP 100a, incl. H (premise_gwp)",kg CO2-Eq,Production technology,PEM electrolysis,0.40896688258507785,0.6477818763424286,63.13342461728444
Steel,"('IPCC 2021', 'climate change', 'GWP 100a, incl. H')","climate change — GWP 100a, incl. H (premise_gwp)",kg CO2-Eq,Production technology,Steam methane reforming with CCS,0.001794989934839375,0.6477818763424286,0.2770978936574188
Transport,"('IPCC 2021', 'climate change', 'GWP 100a, incl. H')","climate change — GWP 100a, incl. H (premise_gwp)",kg CO2-Eq,Hydrogen distribution,Hydrogen distribution,0.07149411242401532,0.6179114282145076,11.570284859531062
Transport,"('IPCC 2021', 'climate change', 'GWP 100a, incl. H')","climate change — GWP 100a, incl. H (premise_gwp)",kg CO2-Eq,Hydrogen distribution,Hydrogen leakage — distribution,0.06781500097364189,0.6179114282145076,10.974874047822263
Transport,"('IPCC 2021', 'climate change', 'GWP 100a, incl. H')","climate change — GWP 100a, incl. H (premise_gwp)",kg CO2-Eq,Production technology,Ammonia leakage — Coal gasification with CCS,0.0,0.6179114282145076,0.0
Transport,"('IPCC 2021', 'climate change', 'GWP 100a, incl. H')","climate change — GWP 100a, incl. H (premise_gwp)",kg CO2-Eq,Production technology,Biomass gasification,4.7448830999291417e-07,0.6179114282145076,7.678904909785805e-05
Transport,"('IPCC 2021', 'climate change', 'GWP 100a, incl. H')","climate change — GWP 100a, incl. H (premise_gwp)",kg CO2-Eq,Production technology,Biomass gasification with CCS,0.0678351273760055,0.6179114282145076,10.978131214051048
Transport,"('IPCC 2021', 'climate change', 'GWP 100a, incl. H')","climate change — GWP 100a, incl. H (premise_gwp)",kg CO2-Eq,Production technology,Coal gasification with CCS,4.839446909214738e-06,0.6179114282145076,0.000783194271580089
Transport,"('IPCC 2021', 'climate change', 'GWP 100a, incl. H')","climate change — GWP 100a, incl. H (premise_gwp)",kg CO2-Eq,Production technology,PEM electrolysis,0.40896688258507785,0.6179114282145076,66.18535665650535
Transport,"('IPCC 2021', 'climate change', 'GWP 100a, incl. H')","climate change — GWP 100a, incl. H (premise_gwp)",kg CO2-Eq,Production technology,Steam methane reforming with CCS,0.001794989934839375,0.6179114282145076,0.29049307924698964
Cement,"('EF v3.1', 'ecotoxicity: freshwater', 'comparative toxic unit for ecosystems (CTUe)')",ecotoxicity: freshwater,CTUe,Hydrogen distribution,Hydrogen distribution,2.840969364339051,26.877369747832898,10.570116759911434
Cement,"('EF v3.1', 'ecotoxicity: freshwater', 'comparative toxic unit for ecosystems (CTUe)')",ecotoxicity: freshwater,CTUe,Hydrogen distribution,Hydrogen leakage — distribution,0.0,26.877369747832898,0.0
Cement,"('EF v3.1', 'ecotoxicity: freshwater', 'comparative toxic unit for ecosystems (CTUe)')",ecotoxicity: freshwater,CTUe,Production technology,Ammonia leakage — Coal gasification with CCS,8.81284814786407e-07,26.877369747832898,3.278910187472732e-06
Cement,"('EF v3.1', 'ecotoxicity: freshwater', 'comparative toxic unit for ecosystems (CTUe)')",ecotoxicity: freshwater,CTUe,Production technology,Biomass gasification,1.3398334935261456e-05,26.877369747832898,4.984987393099265e-05
Cement,"('EF v3.1', 'ecotoxicity: freshwater', 'comparative toxic unit for ecosystems (CTUe)')",ecotoxicity: freshwater,CTUe,Production technology,Biomass gasification with CCS,1.7505626897084663,26.877369747832898,6.513147328523888
Cement,"('EF v3.1', 'ecotoxicity: freshwater', 'comparative toxic unit for ecosystems (CTUe)')",ecotoxicity: freshwater,CTUe,Production technology,Coal gasification with CCS,3.905451871338876e-05,26.877369747832898,0.00014530632677156848
Cement,"('EF v3.1', 'ecotoxicity: freshwater', 'comparative toxic unit for ecosystems (CTUe)')",ecotoxicity: freshwater,CTUe,Production technology,PEM electrolysis,22.23307230606173,26.877369747832898,82.7204168959069
Cement,"('EF v3.1', 'ecotoxicity: freshwater', 'comparative toxic unit for ecosystems (CTUe)')",ecotoxicity: freshwater,CTUe,Production technology,Steam methane reforming with CCS,0.05271194890347335,26.877369747832898,0.19612019106789078
Chemicals,"('EF v3.1', 'ecotoxicity: freshwater', 'comparative toxic unit for ecosystems (CTUe)')",ecotoxicity: freshwater,CTUe,Hydrogen distribution,Hydrogen distribution,1.1772931110817788,25.213693476352994,4.6692608212514335
Chemicals,"('EF v3.1', 'ecotoxicity: freshwater', 'comparative toxic unit for ecosystems (CTUe)')",ecotoxicity: freshwater,CTUe,Hydrogen distribution,Hydrogen leakage — distribution,0.0,25.213693476352994,0.0
Chemicals,"('EF v3.1', 'ecotoxicity: freshwater', 'comparative toxic unit for ecosystems (CTUe)')",ecotoxicity: freshwater,CTUe,Production technology,Ammonia leakage — Coal gasification with CCS,8.81284814786407e-07,25.213693476352994,3.4952626659514677e-06
Chemicals,"('EF v3.1', 'ecotoxicity: freshwater', 'comparative toxic unit for ecosystems (CTUe)')",ecotoxicity: freshwater,CTUe,Production technology,Biomass gasification,1.3398334935261456e-05,25.213693476352994,5.313912040624777e-05
Chemicals,"('EF v3.1', 'ecotoxicity: freshwater', 'comparative toxic unit for ecosystems (CTUe)')",ecotoxicity: freshwater,CTUe,Production technology,Biomass gasification with CCS,1.7505626897084663,25.213693476352994,6.94290462184866
Chemicals,"('EF v3.1', 'ecotoxicity: freshwater', 'comparative toxic unit for ecosystems (CTUe)')",ecotoxicity: freshwater,CTUe,Production technology,Coal gasification with CCS,3.905451871338876e-05,25.213693476352994,0.00015489408067095197
Chemicals,"('EF v3.1', 'ecotoxicity: freshwater', 'comparative toxic unit for ecosystems (CTUe)')",ecotoxicity: freshwater,CTUe,Production technology,PEM electrolysis,22.23307230606173,25.213693476352994,88.17856188706871
Chemicals,"('EF v3.1', 'ecotoxicity: freshwater', 'comparative toxic unit for ecosystems (CTUe)')",ecotoxicity: freshwater,CTUe,Production technology,Steam methane reforming with CCS,0.05271194890347335,25.213693476352994,0.20906079846219267
Generic,"('EF v3.1', 'ecotoxicity: freshwater', 'comparative toxic unit for ecosystems (CTUe)')",ecotoxicity: freshwater,CTUe,Hydrogen distribution,Hydrogen distribution,1.4716163888522233,25.508016736580974,5.769230920810016
Generic,"('EF v3.1', 'ecotoxicity: freshwater', 'comparative toxic unit for ecosystems (CTUe)')",ecotoxicity: freshwater,CTUe,Hydrogen distribution,Hydrogen leakage — distribution,0.0,25.508016736580974,0.0
Generic,"('EF v3.1', 'ecotoxicity: freshwater', 'comparative toxic unit for ecosystems (CTUe)')",ecotoxicity: freshwater,CTUe,Production technology,Ammonia leakage — Coal gasification with CCS,8.81284814786407e-07,25.508016736580974,3.4549327134577223e-06
Generic,"('EF v3.1', 'ecotoxicity: freshwater', 'comparative toxic unit for ecosystems (CTUe)')",ecotoxicity: freshwater,CTUe,Production technology,Biomass gasification,1.3398334935261456e-05,25.508016736580974,5.252597672968805e-05
Generic,"('EF v3.1', 'ecotoxicity: freshwater', 'comparative toxic unit for ecosystems (CTUe)')",ecotoxicity: freshwater,CTUe,Production technology,Biomass gasification with CCS,1.7505626897084663,25.508016736580974,6.862794186574251
Generic,"('EF v3.1', 'ecotoxicity: freshwater', 'comparative toxic unit for ecosystems (CTUe)')",ecotoxicity: freshwater,CTUe,Production technology,Coal gasification with CCS,3.905451871338876e-05,25.508016736580974,0.00015310684133816168
Generic,"('EF v3.1', 'ecotoxicity: freshwater', 'comparative toxic unit for ecosystems (CTUe)')",ecotoxicity: freshwater,CTUe,Production technology,PEM electrolysis,22.23307230606173,25.508016736580974,87.16111697612831
Generic,"('EF v3.1', 'ecotoxicity: freshwater', 'comparative toxic unit for ecosystems (CTUe)')",ecotoxicity: freshwater,CTUe,Production technology,Steam methane reforming with CCS,0.05271194890347335,25.508016736580974,0.20664855856033407
Other end uses,"('EF v3.1', 'ecotoxicity: freshwater', 'comparative toxic unit for ecosystems (CTUe)')",ecotoxicity: freshwater,CTUe,Hydrogen distribution,Hydrogen distribution,3.1394560205039044,27.175856373104835,11.552371992997925
Other end uses,"('EF v3.1', 'ecotoxicity: freshwater', 'comparative toxic unit for ecosystems (CTUe)')",ecotoxicity: freshwater,CTUe,Hydrogen distribution,Hydrogen leakage — distribution,0.0,27.175856373104835,0.0
Other end uses,"('EF v3.1', 'ecotoxicity: freshwater', 'comparative toxic unit for ecosystems (CTUe)')",ecotoxicity: freshwater,CTUe,Production technology,Ammonia leakage — Coal gasification with CCS,8.81284814786407e-07,27.175856373104835,3.242896204215258e-06
Other end uses,"('EF v3.1', 'ecotoxicity: freshwater', 'comparative toxic unit for ecosystems (CTUe)')",ecotoxicity: freshwater,CTUe,Production technology,Biomass gasification,1.3398334935261456e-05,27.175856373104835,4.930234672759532e-05
Other end uses,"('EF v3.1', 'ecotoxicity: freshwater', 'comparative toxic unit for ecosystems (CTUe)')",ecotoxicity: freshwater,CTUe,Production technology,Biomass gasification with CCS,1.7505626897084663,27.175856373104835,6.441610029411797
Other end uses,"('EF v3.1', 'ecotoxicity: freshwater', 'comparative toxic unit for ecosystems (CTUe)')",ecotoxicity: freshwater,CTUe,Production technology,Coal gasification with CCS,3.905451871338876e-05,27.175856373104835,0.00014371035148699084
Other end uses,"('EF v3.1', 'ecotoxicity: freshwater', 'comparative toxic unit for ecosystems (CTUe)')",ecotoxicity: freshwater,CTUe,Production technology,PEM electrolysis,22.23307230606173,27.175856373104835,81.81185534990229
Other end uses,"('EF v3.1', 'ecotoxicity: freshwater', 'comparative toxic unit for ecosystems (CTUe)')",ecotoxicity: freshwater,CTUe,Production technology,Steam methane reforming with CCS,0.05271194890347335,27.175856373104835,0.19396610057021368
Steel,"('EF v3.1', 'ecotoxicity: freshwater', 'comparative toxic unit for ecosystems (CTUe)')",ecotoxicity: freshwater,CTUe,Hydrogen distribution,Hydrogen distribution,2.840969364339051,26.877369747832898,10.570116759911434
Steel,"('EF v3.1', 'ecotoxicity: freshwater', 'comparative toxic unit for ecosystems (CTUe)')",ecotoxicity: freshwater,CTUe,Hydrogen distribution,Hydrogen leakage — distribution,0.0,26.877369747832898,0.0
Steel,"('EF v3.1', 'ecotoxicity: freshwater', 'comparative toxic unit for ecosystems (CTUe)')",ecotoxicity: freshwater,CTUe,Production technology,Ammonia leakage — Coal gasification with CCS,8.81284814786407e-07,26.877369747832898,3.278910187472732e-06
Steel,"('EF v3.1', 'ecotoxicity: freshwater', 'comparative toxic unit for ecosystems (CTUe)')",ecotoxicity: freshwater,CTUe,Production technology,Biomass gasification,1.3398334935261456e-05,26.877369747832898,4.984987393099265e-05
Steel,"('EF v3.1', 'ecotoxicity: freshwater', 'comparative toxic unit for ecosystems (CTUe)')",ecotoxicity: freshwater,CTUe,Production technology,Biomass gasification with CCS,1.7505626897084663,26.877369747832898,6.513147328523888
Steel,"('EF v3.1', 'ecotoxicity: freshwater', 'comparative toxic unit for ecosystems (CTUe)')",ecotoxicity: freshwater,CTUe,Production technology,Coal gasification with CCS,3.905451871338876e-05,26.877369747832898,0.00014530632677156848
Steel,"('EF v3.1', 'ecotoxicity: freshwater', 'comparative toxic unit for ecosystems (CTUe)')",ecotoxicity: freshwater,CTUe,Production technology,PEM electrolysis,22.23307230606173,26.877369747832898,82.7204168959069
Steel,"('EF v3.1', 'ecotoxicity: freshwater', 'comparative toxic unit for ecosystems (CTUe)')",ecotoxicity: freshwater,CTUe,Production technology,Steam methane reforming with CCS,0.05271194890347335,26.877369747832898,0.19612019106789078
Transport,"('EF v3.1', 'ecotoxicity: freshwater', 'comparative toxic unit for ecosystems (CTUe)')",ecotoxicity: freshwater,CTUe,Hydrogen distribution,Hydrogen distribution,2.7006442836771205,26.737044652369928,10.100758400153772
Transport,"('EF v3.1', 'ecotoxicity: freshwater', 'comparative toxic unit for ecosystems (CTUe)')",ecotoxicity: freshwater,CTUe,Hydrogen distribution,Hydrogen leakage — distribution,0.0,26.737044652369928,0.0
Transport,"('EF v3.1', 'ecotoxicity: freshwater', 'comparative toxic unit for ecosystems (CTUe)')",ecotoxicity: freshwater,CTUe,Production technology,Ammonia leakage — Coal gasification with CCS,8.81284814786407e-07,26.737044652369928,3.2961190222955e-06
Transport,"('EF v3.1', 'ecotoxicity: freshwater', 'comparative toxic unit for ecosystems (CTUe)')",ecotoxicity: freshwater,CTUe,Production technology,Biomass gasification,1.3398334935261456e-05,26.737044652369928,5.011150300814511e-05
Transport,"('EF v3.1', 'ecotoxicity: freshwater', 'comparative toxic unit for ecosystems (CTUe)')",ecotoxicity: freshwater,CTUe,Production technology,Biomass gasification with CCS,1.7505626897084663,26.737044652369928,6.547330538842105
Transport,"('EF v3.1', 'ecotoxicity: freshwater', 'comparative toxic unit for ecosystems (CTUe)')",ecotoxicity: freshwater,CTUe,Production technology,Coal gasification with CCS,3.905451871338876e-05,26.737044652369928,0.00014606894374890095
Transport,"('EF v3.1', 'ecotoxicity: freshwater', 'comparative toxic unit for ecosystems (CTUe)')",ecotoxicity: freshwater,CTUe,Production technology,PEM electrolysis,22.23307230606173,26.737044652369928,83.15456175180165
Transport,"('EF v3.1', 'ecotoxicity: freshwater', 'comparative toxic unit for ecosystems (CTUe)')",ecotoxicity: freshwater,CTUe,Production technology,Steam methane reforming with CCS,0.05271194890347335,26.737044652369928,0.19714949647137253
Cement,"('EF v3.1', 'energy resources: non-renewable', 'abiotic depletion potential (ADP): fossil fuels')",energy resources: non-renewable,"MJ, net calorific value",Hydrogen distribution,Hydrogen distribution,1.6848708783748627,14.415889086015445,11.687596015214359
Cement,"('EF v3.1', 'energy resources: non-renewable', 'abiotic depletion potential (ADP): fossil fuels')",energy resources: non-renewable,"MJ, net calorific value",Hydrogen distribution,Hydrogen leakage — distribution,0.0,14.415889086015445,0.0
Cement,"('EF v3.1', 'energy resources: non-renewable', 'abiotic depletion potential (ADP): fossil fuels')",energy resources: non-renewable,"MJ, net calorific value",Production technology,Ammonia leakage — Coal gasification with CCS,0.0,14.415889086015445,0.0
Cement,"('EF v3.1', 'energy resources: non-renewable', 'abiotic depletion potential (ADP): fossil fuels')",energy resources: non-renewable,"MJ, net calorific value",Production technology,Biomass gasification,6.5267990398795196e-06,14.415889086015445,4.52750364610604e-05
Cement,"('EF v3.1', 'energy resources: non-renewable', 'abiotic depletion potential (ADP): fossil fuels')",energy resources: non-renewable,"MJ, net calorific value",Production technology,Biomass gasification with CCS,0.926894688767836,14.415889086015445,6.429674113315683
Cement,"('EF v3.1', 'energy resources: non-renewable', 'abiotic depletion potential (ADP): fossil fuels')",energy resources: non-renewable,"MJ, net calorific value",Production technology,Coal gasification with CCS,0.00018911350970991076,14.415889086015445,0.0013118407652939412
Cement,"('EF v3.1', 'energy resources: non-renewable', 'abiotic depletion potential (ADP): fossil fuels')",energy resources: non-renewable,"MJ, net calorific value",Production technology,PEM electrolysis,11.791329005023853,14.415889086015445,81.79397701153496
Cement,"('EF v3.1', 'energy resources: non-renewable', 'abiotic depletion potential (ADP): fossil fuels')",energy resources: non-renewable,"MJ, net calorific value",Production technology,Steam methane reforming with CCS,0.012598815902984716,14.415889086015445,0.08739534431633889
Chemicals,"('EF v3.1', 'energy resources: non-renewable', 'abiotic depletion potential (ADP): fossil fuels')",energy resources: non-renewable,"MJ, net calorific value",Hydrogen distribution,Hydrogen distribution,0.7046675504660185,13.435685747396297,5.244745699731598
Chemicals,"('EF v3.1', 'energy resources: non-renewable', 'abiotic depletion potential (ADP): fossil fuels')",energy resources: non-renewable,"MJ, net calorific value",Hydrogen distribution,Hydrogen leakage — distribution,0.0,13.435685747396297,0.0
Chemicals,"('EF v3.1', 'energy resources: non-renewable', 'abiotic depletion potential (ADP): fossil fuels')",energy resources: non-renewable,"MJ, net calorific value",Production technology,Ammonia leakage — Coal gasification with CCS,0.0,13.435685747396297,0.0
Chemicals,"('EF v3.1', 'energy resources: non-renewable', 'abiotic depletion potential (ADP): fossil fuels')",energy resources: non-renewable,"MJ, net calorific value",Production technology,Biomass gasification,6.5267990398795196e-06,13.435685747396297,4.8578086467557853e-05
Chemicals,"('EF v3.1', 'energy resources: non-renewable', 'abiotic depletion potential (ADP): fossil fuels')",energy resources: non-renewable,"MJ, net calorific value",Production technology,Biomass gasification with CCS,0.926894688767836,13.435685747396297,6.898752368835799
Chemicals,"('EF v3.1', 'energy resources: non-renewable', 'abiotic depletion potential (ADP): fossil fuels')",energy resources: non-renewable,"MJ, net calorific value",Production technology,Coal gasification with CCS,0.00018911350970991076,13.435685747396297,0.001407546390005133
Chemicals,"('EF v3.1', 'energy resources: non-renewable', 'abiotic depletion potential (ADP): fossil fuels')",energy resources: non-renewable,"MJ, net calorific value",Production technology,PEM electrolysis,11.791329005023853,13.435685747396297,87.76127416725934
Chemicals,"('EF v3.1', 'energy resources: non-renewable', 'abiotic depletion potential (ADP): fossil fuels')",energy resources: non-renewable,"MJ, net calorific value",Production technology,Steam methane reforming with CCS,0.012598815902984716,13.435685747396297,0.0937712904265139
Generic,"('EF v3.1', 'energy resources: non-renewable', 'abiotic depletion potential (ADP): fossil fuels')",energy resources: non-renewable,"MJ, net calorific value",Hydrogen distribution,Hydrogen distribution,0.880834438082523,13.611852624512759,6.471084152764641
Generic,"('EF v3.1', 'energy resources: non-renewable', 'abiotic depletion potential (ADP): fossil fuels')",energy resources: non-renewable,"MJ, net calorific value",Hydrogen distribution,Hydrogen leakage — distribution,0.0,13.611852624512759,0.0
Generic,"('EF v3.1', 'energy resources: non-renewable', 'abiotic depletion potential (ADP): fossil fuels')",energy resources: non-renewable,"MJ, net calorific value",Production technology,Ammonia leakage — Coal gasification with CCS,0.0,13.611852624512759,0.0
Generic,"('EF v3.1', 'energy resources: non-renewable', 'abiotic depletion potential (ADP): fossil fuels')",energy resources: non-renewable,"MJ, net calorific value",Production technology,Biomass gasification,6.5267990398795196e-06,13.611852624512759,4.79493807340068e-05
Generic,"('EF v3.1', 'energy resources: non-renewable', 'abiotic depletion potential (ADP): fossil fuels')",energy resources: non-renewable,"MJ, net calorific value",Production technology,Biomass gasification with CCS,0.926894688767836,13.611852624512759,6.809467559901784
Generic,"('EF v3.1', 'energy resources: non-renewable', 'abiotic depletion potential (ADP): fossil fuels')",energy resources: non-renewable,"MJ, net calorific value",Production technology,Coal gasification with CCS,0.00018911350970991076,13.611852624512759,0.0013893296888136133
Generic,"('EF v3.1', 'energy resources: non-renewable', 'abiotic depletion potential (ADP): fossil fuels')",energy resources: non-renewable,"MJ, net calorific value",Production technology,PEM electrolysis,11.791329005023853,13.611852624512759,86.62545305397711
Generic,"('EF v3.1', 'energy resources: non-renewable', 'abiotic depletion potential (ADP): fossil fuels')",energy resources: non-renewable,"MJ, net calorific value",Production technology,Steam methane reforming with CCS,0.012598815902984716,13.611852624512759,0.0925576866759215
Other end uses,"('EF v3.1', 'energy resources: non-renewable', 'abiotic depletion potential (ADP): fossil fuels')",energy resources: non-renewable,"MJ, net calorific value",Hydrogen distribution,Hydrogen distribution,1.8602112838174698,14.591229473129417,12.74883166797668
Other end uses,"('EF v3.1', 'energy resources: non-renewable', 'abiotic depletion potential (ADP): fossil fuels')",energy resources: non-renewable,"MJ, net calorific value",Hydrogen distribution,Hydrogen leakage — distribution,0.0,14.591229473129417,0.0
Other end uses,"('EF v3.1', 'energy resources: non-renewable', 'abiotic depletion potential (ADP): fossil fuels')",energy resources: non-renewable,"MJ, net calorific value",Production technology,Ammonia leakage — Coal gasification with CCS,0.0,14.591229473129417,0.0
Other end uses,"('EF v3.1', 'energy resources: non-renewable', 'abiotic depletion potential (ADP): fossil fuels')",energy resources: non-renewable,"MJ, net calorific value",Production technology,Biomass gasification,6.5267990398795196e-06,14.591229473129417,4.4730973849043995e-05
Other end uses,"('EF v3.1', 'energy resources: non-renewable', 'abiotic depletion potential (ADP): fossil fuels')",energy resources: non-renewable,"MJ, net calorific value",Production technology,Biomass gasification with CCS,0.926894688767836,14.591229473129417,6.352409784759848
Other end uses,"('EF v3.1', 'energy resources: non-renewable', 'abiotic depletion potential (ADP): fossil fuels')",energy resources: non-renewable,"MJ, net calorific value",Production technology,Coal gasification with CCS,0.00018911350970991076,14.591229473129417,0.0012960765921622582
Other end uses,"('EF v3.1', 'energy resources: non-renewable', 'abiotic depletion potential (ADP): fossil fuels')",energy resources: non-renewable,"MJ, net calorific value",Production technology,PEM electrolysis,11.791329005023853,14.591229473129417,80.81107234135587
Other end uses,"('EF v3.1', 'energy resources: non-renewable', 'abiotic depletion potential (ADP): fossil fuels')",energy resources: non-renewable,"MJ, net calorific value",Production technology,Steam methane reforming with CCS,0.012598815902984716,14.591229473129417,0.08634512894328855
Steel,"('EF v3.1', 'energy resources: non-renewable', 'abiotic depletion potential (ADP): fossil fuels')",energy resources: non-renewable,"MJ, net calorific value",Hydrogen distribution,Hydrogen distribution,1.6848708783748627,14.415889086015445,11.687596015214359
Steel,"('EF v3.1', 'energy resources: non-renewable', 'abiotic depletion potential (ADP): fossil fuels')",energy resources: non-renewable,"MJ, net calorific value",Hydrogen distribution,Hydrogen leakage — distribution,0.0,14.415889086015445,0.0
Steel,"('EF v3.1', 'energy resources: non-renewable', 'abiotic depletion potential (ADP): fossil fuels')",energy resources: non-renewable,"MJ, net calorific value",Production technology,Ammonia leakage — Coal gasification with CCS,0.0,14.415889086015445,0.0
Steel,"('EF v3.1', 'energy resources: non-renewable', 'abiotic depletion potential (ADP): fossil fuels')",energy resources: non-renewable,"MJ, net calorific value",Production technology,Biomass gasification,6.5267990398795196e-06,14.415889086015445,4.52750364610604e-05
Steel,"('EF v3.1', 'energy resources: non-renewable', 'abiotic depletion potential (ADP): fossil fuels')",energy resources: non-renewable,"MJ, net calorific value",Production technology,Biomass gasification with CCS,0.926894688767836,14.415889086015445,6.429674113315683
Steel,"('EF v3.1', 'energy resources: non-renewable', 'abiotic depletion potential (ADP): fossil fuels')",energy resources: non-renewable,"MJ, net calorific value",Production technology,Coal gasification with CCS,0.00018911350970991076,14.415889086015445,0.0013118407652939412
Steel,"('EF v3.1', 'energy resources: non-renewable', 'abiotic depletion potential (ADP): fossil fuels')",energy resources: non-renewable,"MJ, net calorific value",Production technology,PEM electrolysis,11.791329005023853,14.415889086015445,81.79397701153496
Steel,"('EF v3.1', 'energy resources: non-renewable', 'abiotic depletion potential (ADP): fossil fuels')",energy resources: non-renewable,"MJ, net calorific value",Production technology,Steam methane reforming with CCS,0.012598815902984716,14.415889086015445,0.08739534431633889
Transport,"('EF v3.1', 'energy resources: non-renewable', 'abiotic depletion potential (ADP): fossil fuels')",energy resources: non-renewable,"MJ, net calorific value",Hydrogen distribution,Hydrogen distribution,1.602731023557334,14.333749222498405,11.181519912750185
Transport,"('EF v3.1', 'energy resources: non-renewable', 'abiotic depletion potential (ADP): fossil fuels')",energy resources: non-renewable,"MJ, net calorific value",Hydrogen distribution,Hydrogen leakage — distribution,0.0,14.333749222498405,0.0
Transport,"('EF v3.1', 'energy resources: non-renewable', 'abiotic depletion potential (ADP): fossil fuels')",energy resources: non-renewable,"MJ, net calorific value",Production technology,Ammonia leakage — Coal gasification with CCS,0.0,14.333749222498405,0.0
Transport,"('EF v3.1', 'energy resources: non-renewable', 'abiotic depletion potential (ADP): fossil fuels')",energy resources: non-renewable,"MJ, net calorific value",Production technology,Biomass gasification,6.5267990398795196e-06,14.333749222498405,4.553448604803959e-05
Transport,"('EF v3.1', 'energy resources: non-renewable', 'abiotic depletion potential (ADP): fossil fuels')",energy resources: non-renewable,"MJ, net calorific value",Production technology,Biomass gasification with CCS,0.926894688767836,14.333749222498405,6.46651950149213
Transport,"('EF v3.1', 'energy resources: non-renewable', 'abiotic depletion potential (ADP): fossil fuels')",energy resources: non-renewable,"MJ, net calorific value",Production technology,Coal gasification with CCS,0.00018911350970991076,14.333749222498405,0.0013193582975002535
Transport,"('EF v3.1', 'energy resources: non-renewable', 'abiotic depletion potential (ADP): fossil fuels')",energy resources: non-renewable,"MJ, net calorific value",Production technology,PEM electrolysis,11.791329005023853,14.333749222498405,82.26269918630959
Transport,"('EF v3.1', 'energy resources: non-renewable', 'abiotic depletion potential (ADP): fossil fuels')",energy resources: non-renewable,"MJ, net calorific value",Production technology,Steam methane reforming with CCS,0.012598815902984716,14.333749222498405,0.08789616524900186
Cement,"('EF v3.1', 'eutrophication: freshwater', 'fraction of nutrients reaching freshwater end compartment (P)')",eutrophication: freshwater,kg P-Eq,Hydrogen distribution,Hydrogen distribution,0.00011311248081749241,0.000992987029027244,11.391133772240746
Cement,"('EF v3.1', 'eutrophication: freshwater', 'fraction of nutrients reaching freshwater end compartment (P)')",eutrophication: freshwater,kg P-Eq,Hydrogen distribution,Hydrogen leakage — distribution,0.0,0.000992987029027244,0.0
Cement,"('EF v3.1', 'eutrophication: freshwater', 'fraction of nutrients reaching freshwater end compartment (P)')",eutrophication: freshwater,kg P-Eq,Production technology,Ammonia leakage — Coal gasification with CCS,0.0,0.000992987029027244,0.0
Cement,"('EF v3.1', 'eutrophication: freshwater', 'fraction of nutrients reaching freshwater end compartment (P)')",eutrophication: freshwater,kg P-Eq,Production technology,Biomass gasification,2.2979748990039369e-10,0.000992987029027244,2.3142043469138695e-05
Cement,"('EF v3.1', 'eutrophication: freshwater', 'fraction of nutrients reaching freshwater end compartment (P)')",eutrophication: freshwater,kg P-Eq,Production technology,Biomass gasification with CCS,4.369882540559394e-05,0.000992987029027244,4.400744836355258
Cement,"('EF v3.1', 'eutrophication: freshwater', 'fraction of nutrients reaching freshwater end compartment (P)')",eutrophication: freshwater,kg P-Eq,Production technology,Coal gasification with CCS,1.0497697068568791e-08,0.000992987029027244,0.001057183705496396
Cement,"('EF v3.1', 'eutrophication: freshwater', 'fraction of nutrients reaching freshwater end compartment (P)')",eutrophication: freshwater,kg P-Eq,Production technology,PEM electrolysis,0.0008342451730266569,0.000992987029027244,84.01370296285795
Cement,"('EF v3.1', 'eutrophication: freshwater', 'fraction of nutrients reaching freshwater end compartment (P)')",eutrophication: freshwater,kg P-Eq,Production technology,Steam methane reforming with CCS,1.9198173126292145e-06,0.000992987029027244,0.19333760225548138
Chemicals,"('EF v3.1', 'eutrophication: freshwater', 'fraction of nutrients reaching freshwater end compartment (P)')",eutrophication: freshwater,kg P-Eq,Hydrogen distribution,Hydrogen distribution,4.76024292603292e-05,0.0009274769765831158,5.132464790198845
Chemicals,"('EF v3.1', 'eutrophication: freshwater', 'fraction of nutrients reaching freshwater end compartment (P)')",eutrophication: freshwater,kg P-Eq,Hydrogen distribution,Hydrogen leakage — distribution,0.0,0.0009274769765831158,0.0
Chemicals,"('EF v3.1', 'eutrophication: freshwater', 'fraction of nutrients reaching freshwater end compartment (P)')",eutrophication: freshwater,kg P-Eq,Production technology,Ammonia leakage — Coal gasification with CCS,0.0,0.0009274769765831158,0.0
Chemicals,"('EF v3.1', 'eutrophication: freshwater', 'fraction of nutrients reaching freshwater end compartment (P)')",eutrophication: freshwater,kg P-Eq,Production technology,Biomass gasification,2.2979748990039369e-10,0.0009274769765831158,2.4776624725174557e-05
Chemicals,"('EF v3.1', 'eutrophication: freshwater', 'fraction of nutrients reaching freshwater end compartment (P)')",eutrophication: freshwater,kg P-Eq,Production technology,Biomass gasification with CCS,4.369882540559394e-05,0.0009274769765831158,4.711580611583825
Chemicals,"('EF v3.1', 'eutrophication: freshwater', 'fraction of nutrients reaching freshwater end compartment (P)')",eutrophication: freshwater,kg P-Eq,Production technology,Coal gasification with CCS,1.0497697068568791e-08,0.0009274769765831158,0.0011318552733506093
Chemicals,"('EF v3.1', 'eutrophication: freshwater', 'fraction of nutrients reaching freshwater end compartment (P)')",eutrophication: freshwater,kg P-Eq,Production technology,PEM electrolysis,0.0008342451730266569,0.0009274769765831158,89.9478039983342
Chemicals,"('EF v3.1', 'eutrophication: freshwater', 'fraction of nutrients reaching freshwater end compartment (P)')",eutrophication: freshwater,kg P-Eq,Production technology,Steam methane reforming with CCS,1.9198173126292145e-06,0.0009274769765831158,0.20699352772097304
Generic,"('EF v3.1', 'eutrophication: freshwater', 'fraction of nutrients reaching freshwater end compartment (P)')",eutrophication: freshwater,kg P-Eq,Hydrogen distribution,Hydrogen distribution,5.95030365754115e-05,0.0009393775831888655,6.334304505481071
Generic,"('EF v3.1', 'eutrophication: freshwater', 'fraction of nutrients reaching freshwater end compartment (P)')",eutrophication: freshwater,kg P-Eq,Hydrogen distribution,Hydrogen leakage — distribution,0.0,0.0009393775831888655,0.0
Generic,"('EF v3.1', 'eutrophication: freshwater', 'fraction of nutrients reaching freshwater end compartment (P)')",eutrophication: freshwater,kg P-Eq,Production technology,Ammonia leakage — Coal gasification with CCS,0.0,0.0009393775831888655,0.0
Generic,"('EF v3.1', 'eutrophication: freshwater', 'fraction of nutrients reaching freshwater end compartment (P)')",eutrophication: freshwater,kg P-Eq,Production technology,Biomass gasification,2.2979748990039369e-10,0.0009393775831888655,2.4462739372629037e-05
Generic,"('EF v3.1', 'eutrophication: freshwater', 'fraction of nutrients reaching freshwater end compartment (P)')",eutrophication: freshwater,kg P-Eq,Production technology,Biomass gasification with CCS,4.369882540559394e-05,0.0009393775831888655,4.651891442549797
Generic,"('EF v3.1', 'eutrophication: freshwater', 'fraction of nutrients reaching freshwater end compartment (P)')",eutrophication: freshwater,kg P-Eq,Production technology,Coal gasification with CCS,1.0497697068568791e-08,0.0009393775831888655,0.001117516242290209
Generic,"('EF v3.1', 'eutrophication: freshwater', 'fraction of nutrients reaching freshwater end compartment (P)')",eutrophication: freshwater,kg P-Eq,Production technology,PEM electrolysis,0.0008342451730266569,0.0009393775831888655,88.80829050600505
Generic,"('EF v3.1', 'eutrophication: freshwater', 'fraction of nutrients reaching freshwater end compartment (P)')",eutrophication: freshwater,kg P-Eq,Production technology,Steam methane reforming with CCS,1.9198173126292145e-06,0.0009393775831888655,0.204371207806779
Other end uses,"('EF v3.1', 'eutrophication: freshwater', 'fraction of nutrients reaching freshwater end compartment (P)')",eutrophication: freshwater,kg P-Eq,Hydrogen distribution,Hydrogen distribution,0.000122077381218733,0.0010019519278972047,12.183955918417828
Other end uses,"('EF v3.1', 'eutrophication: freshwater', 'fraction of nutrients reaching freshwater end compartment (P)')",eutrophication: freshwater,kg P-Eq,Hydrogen distribution,Hydrogen leakage — distribution,0.0,0.0010019519278972047,0.0
Other end uses,"('EF v3.1', 'eutrophication: freshwater', 'fraction of nutrients reaching freshwater end compartment (P)')",eutrophication: freshwater,kg P-Eq,Production technology,Ammonia leakage — Coal gasification with CCS,0.0,0.0010019519278972047,0.0
Other end uses,"('EF v3.1', 'eutrophication: freshwater', 'fraction of nutrients reaching freshwater end compartment (P)')",eutrophication: freshwater,kg P-Eq,Production technology,Biomass gasification,2.2979748990039369e-10,0.0010019519278972047,2.2934981559711096e-05
Other end uses,"('EF v3.1', 'eutrophication: freshwater', 'fraction of nutrients reaching freshwater end compartment (P)')",eutrophication: freshwater,kg P-Eq,Production technology,Biomass gasification with CCS,4.369882540559394e-05,0.0010019519278972047,4.3613694618368175
Other end uses,"('EF v3.1', 'eutrophication: freshwater', 'fraction of nutrients reaching freshwater end compartment (P)')",eutrophication: freshwater,kg P-Eq,Production technology,Coal gasification with CCS,1.0497697068568791e-08,0.0010019519278972047,0.0010477246239348325
Other end uses,"('EF v3.1', 'eutrophication: freshwater', 'fraction of nutrients reaching freshwater end compartment (P)')",eutrophication: freshwater,kg P-Eq,Production technology,PEM electrolysis,0.0008342451730266569,0.0010019519278972047,83.26199589011084
Other end uses,"('EF v3.1', 'eutrophication: freshwater', 'fraction of nutrients reaching freshwater end compartment (P)')",eutrophication: freshwater,kg P-Eq,Production technology,Steam methane reforming with CCS,1.9198173126292145e-06,0.0010019519278972047,0.191607726795669
Steel,"('EF v3.1', 'eutrophication: freshwater', 'fraction of nutrients reaching freshwater end compartment (P)')",eutrophication: freshwater,kg P-Eq,Hydrogen distribution,Hydrogen distribution,0.00011311248081749241,0.000992987029027244,11.391133772240746
Steel,"('EF v3.1', 'eutrophication: freshwater', 'fraction of nutrients reaching freshwater end compartment (P)')",eutrophication: freshwater,kg P-Eq,Hydrogen distribution,Hydrogen leakage — distribution,0.0,0.000992987029027244,0.0
Steel,"('EF v3.1', 'eutrophication: freshwater', 'fraction of nutrients reaching freshwater end compartment (P)')",eutrophication: freshwater,kg P-Eq,Production technology,Ammonia leakage — Coal gasification with CCS,0.0,0.000992987029027244,0.0
Steel,"('EF v3.1', 'eutrophication: freshwater', 'fraction of nutrients reaching freshwater end compartment (P)')",eutrophication: freshwater,kg P-Eq,Production technology,Biomass gasification,2.2979748990039369e-10,0.000992987029027244,2.3142043469138695e-05
Steel,"('EF v3.1', 'eutrophication: freshwater', 'fraction of nutrients reaching freshwater end compartment (P)')",eutrophication: freshwater,kg P-Eq,Production technology,Biomass gasification with CCS,4.369882540559394e-05,0.000992987029027244,4.400744836355258
Steel,"('EF v3.1', 'eutrophication: freshwater', 'fraction of nutrients reaching freshwater end compartment (P)')",eutrophication: freshwater,kg P-Eq,Production technology,Coal gasification with CCS,1.0497697068568791e-08,0.000992987029027244,0.001057183705496396
Steel,"('EF v3.1', 'eutrophication: freshwater', 'fraction of nutrients reaching freshwater end compartment (P)')",eutrophication: freshwater,kg P-Eq,Production technology,PEM electrolysis,0.0008342451730266569,0.000992987029027244,84.01370296285795
Steel,"('EF v3.1', 'eutrophication: freshwater', 'fraction of nutrients reaching freshwater end compartment (P)')",eutrophication: freshwater,kg P-Eq,Production technology,Steam methane reforming with CCS,1.9198173126292145e-06,0.000992987029027244,0.19333760225548138
Transport,"('EF v3.1', 'eutrophication: freshwater', 'fraction of nutrients reaching freshwater end compartment (P)')",eutrophication: freshwater,kg P-Eq,Hydrogen distribution,Hydrogen distribution,9.891260670779753e-05,0.0009787871545426634,10.10562983471256
Transport,"('EF v3.1', 'eutrophication: freshwater', 'fraction of nutrients reaching freshwater end compartment (P)')",eutrophication: freshwater,kg P-Eq,Hydrogen distribution,Hydrogen leakage — distribution,0.0,0.0009787871545426634,0.0
Transport,"('EF v3.1', 'eutrophication: freshwater', 'fraction of nutrients reaching freshwater end compartment (P)')",eutrophication: freshwater,kg P-Eq,Production technology,Ammonia leakage — Coal gasification with CCS,0.0,0.0009787871545426634,0.0
Transport,"('EF v3.1', 'eutrophication: freshwater', 'fraction of nutrients reaching freshwater end compartment (P)')",eutrophication: freshwater,kg P-Eq,Production technology,Biomass gasification,2.2979748990039369e-10,0.0009787871545426634,2.3477779498216458e-05
Transport,"('EF v3.1', 'eutrophication: freshwater', 'fraction of nutrients reaching freshwater end compartment (P)')",eutrophication: freshwater,kg P-Eq,Production technology,Biomass gasification with CCS,4.369882540559394e-05,0.0009787871545426634,4.464589180883983
Transport,"('EF v3.1', 'eutrophication: freshwater', 'fraction of nutrients reaching freshwater end compartment (P)')",eutrophication: freshwater,kg P-Eq,Production technology,Coal gasification with CCS,1.0497697068568791e-08,0.0009787871545426634,0.0010725209275425996
Transport,"('EF v3.1', 'eutrophication: freshwater', 'fraction of nutrients reaching freshwater end compartment (P)')",eutrophication: freshwater,kg P-Eq,Production technology,PEM electrolysis,0.0008342451730266569,0.0009787871545426634,85.23254204500226
Transport,"('EF v3.1', 'eutrophication: freshwater', 'fraction of nutrients reaching freshwater end compartment (P)')",eutrophication: freshwater,kg P-Eq,Production technology,Steam methane reforming with CCS,1.9198173126292145e-06,0.0009787871545426634,0.19614247119193606
Cement,"('EF v3.1', 'eutrophication: marine', 'fraction of nutrients reaching marine end compartment (N)')",eutrophication: marine,kg N-Eq,Hydrogen distribution,Hydrogen distribution,0.00020900161225849255,0.002233148223938479,9.359056869493779
Cement,"('EF v3.1', 'eutrophication: marine', 'fraction of nutrients reaching marine end compartment (N)')",eutrophication: marine,kg N-Eq,Hydrogen distribution,Hydrogen leakage — distribution,0.0,0.002233148223938479,0.0
Cement,"('EF v3.1', 'eutrophication: marine', 'fraction of nutrients reaching marine end compartment (N)')",eutrophication: marine,kg N-Eq,Production technology,Ammonia leakage — Coal gasification with CCS,6.974469071858017e-10,0.002233148223938479,3.123155461466653e-05
Cement,"('EF v3.1', 'eutrophication: marine', 'fraction of nutrients reaching marine end compartment (N)')",eutrophication: marine,kg N-Eq,Production technology,Biomass gasification,4.747064639806812e-09,0.002233148223938479,0.00021257275217650704
Cement,"('EF v3.1', 'eutrophication: marine', 'fraction of nutrients reaching marine end compartment (N)')",eutrophication: marine,kg N-Eq,Production technology,Biomass gasification with CCS,0.0004901456854299213,0.002233148223938479,21.948640944463534
Cement,"('EF v3.1', 'eutrophication: marine', 'fraction of nutrients reaching marine end compartment (N)')",eutrophication: marine,kg N-Eq,Production technology,Coal gasification with CCS,7.3781443017206825e-09,0.002233148223938479,0.0003303920547068864
Cement,"('EF v3.1', 'eutrophication: marine', 'fraction of nutrients reaching marine end compartment (N)')",eutrophication: marine,kg N-Eq,Production technology,PEM electrolysis,0.001530061787191866,0.002233148223938479,68.51590820484729
Cement,"('EF v3.1', 'eutrophication: marine', 'fraction of nutrients reaching marine end compartment (N)')",eutrophication: marine,kg N-Eq,Production technology,Steam methane reforming with CCS,3.926323242726247e-06,0.002233148223938479,0.17582009114476108
Chemicals,"('EF v3.1', 'eutrophication: marine', 'fraction of nutrients reaching marine end compartment (N)')",eutrophication: marine,kg N-Eq,Hydrogen distribution,Hydrogen distribution,7.798165600005854e-05,0.0021021282671600202,3.7096526039018505
Chemicals,"('EF v3.1', 'eutrophication: marine', 'fraction of nutrients reaching marine end compartment (N)')",eutrophication: marine,kg N-Eq,Hydrogen distribution,Hydrogen leakage — distribution,0.0,0.0021021282671600202,0.0
Chemicals,"('EF v3.1', 'eutrophication: marine', 'fraction of nutrients reaching marine end compartment (N)')",eutrophication: marine,kg N-Eq,Production technology,Ammonia leakage — Coal gasification with CCS,6.974469071858017e-10,0.0021021282671600202,3.31781327562877e-05
Chemicals,"('EF v3.1', 'eutrophication: marine', 'fraction of nutrients reaching marine end compartment (N)')",eutrophication: marine,kg N-Eq,Production technology,Biomass gasification,4.747064639806812e-09,0.0021021282671600202,0.00022582183561139715
Chemicals,"('EF v3.1', 'eutrophication: marine', 'fraction of nutrients reaching marine end compartment (N)')",eutrophication: marine,kg N-Eq,Production technology,Biomass gasification with CCS,0.0004901456854299213,0.0021021282671600202,23.316640239660977
Chemicals,"('EF v3.1', 'eutrophication: marine', 'fraction of nutrients reaching marine end compartment (N)')",eutrophication: marine,kg N-Eq,Production technology,Coal gasification with CCS,7.3781443017206825e-09,0.0021021282671600202,0.00035098449590274393
Chemicals,"('EF v3.1', 'eutrophication: marine', 'fraction of nutrients reaching marine end compartment (N)')",eutrophication: marine,kg N-Eq,Production technology,PEM electrolysis,0.001530061787191866,0.0021021282671600202,72.78631904127252
Chemicals,"('EF v3.1', 'eutrophication: marine', 'fraction of nutrients reaching marine end compartment (N)')",eutrophication: marine,kg N-Eq,Production technology,Steam methane reforming with CCS,3.926323242726247e-06,0.0021021282671600202,0.18677848084078705
Generic,"('EF v3.1', 'eutrophication: marine', 'fraction of nutrients reaching marine end compartment (N)')",eutrophication: marine,kg N-Eq,Hydrogen distribution,Hydrogen distribution,9.747707000007316e-05,0.002121623679998039,4.5944561667111135
Generic,"('EF v3.1', 'eutrophication: marine', 'fraction of nutrients reaching marine end compartment (N)')",eutrophication: marine,kg N-Eq,Hydrogen distribution,Hydrogen leakage — distribution,0.0,0.002121623679998039,0.0
Generic,"('EF v3.1', 'eutrophication: marine', 'fraction of nutrients reaching marine end compartment (N)')",eutrophication: marine,kg N-Eq,Production technology,Ammonia leakage — Coal gasification with CCS,6.974469071858017e-10,0.002121623679998039,3.287326182117492e-05
Generic,"('EF v3.1', 'eutrophication: marine', 'fraction of nutrients reaching marine end compartment (N)')",eutrophication: marine,kg N-Eq,Production technology,Biomass gasification,4.747064639806812e-09,0.002121623679998039,0.00022374677868467228
Generic,"('EF v3.1', 'eutrophication: marine', 'fraction of nutrients reaching marine end compartment (N)')",eutrophication: marine,kg N-Eq,Production technology,Biomass gasification with CCS,0.0004901456854299213,0.002121623679998039,23.102385689359117
Generic,"('EF v3.1', 'eutrophication: marine', 'fraction of nutrients reaching marine end compartment (N)')",eutrophication: marine,kg N-Eq,Production technology,Coal gasification with CCS,7.3781443017206825e-09,0.002121623679998039,0.0003477593303317345
Generic,"('EF v3.1', 'eutrophication: marine', 'fraction of nutrients reaching marine end compartment (N)')",eutrophication: marine,kg N-Eq,Production technology,PEM electrolysis,0.001530061787191866,0.002121623679998039,72.11749197639423
Generic,"('EF v3.1', 'eutrophication: marine', 'fraction of nutrients reaching marine end compartment (N)')",eutrophication: marine,kg N-Eq,Production technology,Steam methane reforming with CCS,3.926323242726247e-06,0.002121623679998039,0.1850621898568683
Other end uses,"('EF v3.1', 'eutrophication: marine', 'fraction of nutrients reaching marine end compartment (N)')",eutrophication: marine,kg N-Eq,Hydrogen distribution,Hydrogen distribution,0.0002498784098638972,0.0022740250209302973,10.988375570365212
Other end uses,"('EF v3.1', 'eutrophication: marine', 'fraction of nutrients reaching marine end compartment (N)')",eutrophication: marine,kg N-Eq,Hydrogen distribution,Hydrogen leakage — distribution,0.0,0.0022740250209302973,0.0
Other end uses,"('EF v3.1', 'eutrophication: marine', 'fraction of nutrients reaching marine end compartment (N)')",eutrophication: marine,kg N-Eq,Production technology,Ammonia leakage — Coal gasification with CCS,6.974469071858017e-10,0.0022740250209302973,3.067015097751555e-05
Other end uses,"('EF v3.1', 'eutrophication: marine', 'fraction of nutrients reaching marine end compartment (N)')",eutrophication: marine,kg N-Eq,Production technology,Biomass gasification,4.747064639806812e-09,0.0022740250209302973,0.00020875164503971911
Other end uses,"('EF v3.1', 'eutrophication: marine', 'fraction of nutrients reaching marine end compartment (N)')",eutrophication: marine,kg N-Eq,Production technology,Biomass gasification with CCS,0.0004901456854299213,0.0022740250209302973,21.55410256785143
Other end uses,"('EF v3.1', 'eutrophication: marine', 'fraction of nutrients reaching marine end compartment (N)')",eutrophication: marine,kg N-Eq,Production technology,Coal gasification with CCS,7.3781443017206825e-09,0.0022740250209302973,0.0003244530835769918
Other end uses,"('EF v3.1', 'eutrophication: marine', 'fraction of nutrients reaching marine end compartment (N)')",eutrophication: marine,kg N-Eq,Production technology,PEM electrolysis,0.001530061787191866,0.0022740250209302973,67.28429868225118
Other end uses,"('EF v3.1', 'eutrophication: marine', 'fraction of nutrients reaching marine end compartment (N)')",eutrophication: marine,kg N-Eq,Production technology,Steam methane reforming with CCS,3.926323242726247e-06,0.0022740250209302973,0.1726596324397521
Steel,"('EF v3.1', 'eutrophication: marine', 'fraction of nutrients reaching marine end compartment (N)')",eutrophication: marine,kg N-Eq,Hydrogen distribution,Hydrogen distribution,0.00020900161225849255,0.002233148223938479,9.359056869493779
Steel,"('EF v3.1', 'eutrophication: marine', 'fraction of nutrients reaching marine end compartment (N)')",eutrophication: marine,kg N-Eq,Hydrogen distribution,Hydrogen leakage — distribution,0.0,0.002233148223938479,0.0
Steel,"('EF v3.1', 'eutrophication: marine', 'fraction of nutrients reaching marine end compartment (N)')",eutrophication: marine,kg N-Eq,Production technology,Ammonia leakage — Coal gasification with CCS,6.974469071858017e-10,0.002233148223938479,3.123155461466653e-05
Steel,"('EF v3.1', 'eutrophication: marine', 'fraction of nutrients reaching marine end compartment (N)')",eutrophication: marine,kg N-Eq,Production technology,Biomass gasification,4.747064639806812e-09,0.002233148223938479,0.00021257275217650704
Steel,"('EF v3.1', 'eutrophication: marine', 'fraction of nutrients reaching marine end compartment (N)')",eutrophication: marine,kg N-Eq,Production technology,Biomass gasification with CCS,0.0004901456854299213,0.002233148223938479,21.948640944463534
Steel,"('EF v3.1', 'eutrophication: marine', 'fraction of nutrients reaching marine end compartment (N)')",eutrophication: marine,kg N-Eq,Production technology,Coal gasification with CCS,7.3781443017206825e-09,0.002233148223938479,0.0003303920547068864
Steel,"('EF v3.1', 'eutrophication: marine', 'fraction of nutrients reaching marine end compartment (N)')",eutrophication: marine,kg N-Eq,Production technology,PEM electrolysis,0.001530061787191866,0.002233148223938479,68.51590820484729
Steel,"('EF v3.1', 'eutrophication: marine', 'fraction of nutrients reaching marine end compartment (N)')",eutrophication: marine,kg N-Eq,Production technology,Steam methane reforming with CCS,3.926323242726247e-06,0.002233148223938479,0.17582009114476108
Transport,"('EF v3.1', 'eutrophication: marine', 'fraction of nutrients reaching marine end compartment (N)')",eutrophication: marine,kg N-Eq,Hydrogen distribution,Hydrogen distribution,0.000250587730789052,0.002274734340270223,11.016131701747813
Transport,"('EF v3.1', 'eutrophication: marine', 'fraction of nutrients reaching marine end compartment (N)')",eutrophication: marine,kg N-Eq,Hydrogen distribution,Hydrogen leakage — distribution,0.0,0.002274734340270223,0.0
Transport,"('EF v3.1', 'eutrophication: marine', 'fraction of nutrients reaching marine end compartment (N)')",eutrophication: marine,kg N-Eq,Production technology,Ammonia leakage — Coal gasification with CCS,6.974469071858017e-10,0.002274734340270223,3.066058725358451e-05
Transport,"('EF v3.1', 'eutrophication: marine', 'fraction of nutrients reaching marine end compartment (N)')",eutrophication: marine,kg N-Eq,Production technology,Biomass gasification,4.747064639806812e-09,0.002274734340270223,0.00020868655103008173
Transport,"('EF v3.1', 'eutrophication: marine', 'fraction of nutrients reaching marine end compartment (N)')",eutrophication: marine,kg N-Eq,Production technology,Biomass gasification with CCS,0.0004901456854299213,0.002274734340270223,21.54738145693511
Transport,"('EF v3.1', 'eutrophication: marine', 'fraction of nutrients reaching marine end compartment (N)')",eutrophication: marine,kg N-Eq,Production technology,Coal gasification with CCS,7.3781443017206825e-09,0.002274734340270223,0.0003243519109508062
Transport,"('EF v3.1', 'eutrophication: marine', 'fraction of nutrients reaching marine end compartment (N)')",eutrophication: marine,kg N-Eq,Production technology,PEM electrolysis,0.001530061787191866,0.002274734340270223,67.26331774681455
Transport,"('EF v3.1', 'eutrophication: marine', 'fraction of nutrients reaching marine end compartment (N)')",eutrophication: marine,kg N-Eq,Production technology,Steam methane reforming with CCS,3.926323242726247e-06,0.002274734340270223,0.17260579282677144
Cement,"('EF v3.1', 'human toxicity: carcinogenic', 'comparative toxic unit for human (CTUh)')",human toxicity: carcinogenic,CTUh,Hydrogen distribution,Hydrogen distribution,3.0047470929722874e-10,2.952165795077398e-09,10.178110924469642
Cement,"('EF v3.1', 'human toxicity: carcinogenic', 'comparative toxic unit for human (CTUh)')",human toxicity: carcinogenic,CTUh,Hydrogen distribution,Hydrogen leakage — distribution,0.0,2.952165795077398e-09,0.0
Cement,"('EF v3.1', 'human toxicity: carcinogenic', 'comparative toxic unit for human (CTUh)')",human toxicity: carcinogenic,CTUh,Production technology,Ammonia leakage — Coal gasification with CCS,0.0,2.952165795077398e-09,0.0
Cement,"('EF v3.1', 'human toxicity: carcinogenic', 'comparative toxic unit for human (CTUh)')",human toxicity: carcinogenic,CTUh,Production technology,Biomass gasification,5.618724878518955e-15,2.952165795077398e-09,0.0001903255192471887
Cement,"('EF v3.1', 'human toxicity: carcinogenic', 'comparative toxic unit for human (CTUh)')",human toxicity: carcinogenic,CTUh,Production technology,Biomass gasification with CCS,5.672987202801557e-10,2.952165795077398e-09,19.21635706321442
Cement,"('EF v3.1', 'human toxicity: carcinogenic', 'comparative toxic unit for human (CTUh)')",human toxicity: carcinogenic,CTUh,Production technology,Coal gasification with CCS,8.773518902851243e-16,2.952165795077398e-09,2.971892336629835e-05
Cement,"('EF v3.1', 'human toxicity: carcinogenic', 'comparative toxic unit for human (CTUh)')",human toxicity: carcinogenic,CTUh,Production technology,PEM electrolysis,2.0800523411610784e-09,2.952165795077398e-09,70.45852047434026
Cement,"('EF v3.1', 'human toxicity: carcinogenic', 'comparative toxic unit for human (CTUh)')",human toxicity: carcinogenic,CTUh,Production technology,Steam methane reforming with CCS,4.333532169723023e-12,2.952165795077398e-09,0.14679162589543548
Chemicals,"('EF v3.1', 'human toxicity: carcinogenic', 'comparative toxic unit for human (CTUh)')",human toxicity: carcinogenic,CTUh,Hydrogen distribution,Hydrogen distribution,1.2893556547312326e-10,2.7806266490400944e-09,4.636924756426159
Chemicals,"('EF v3.1', 'human toxicity: carcinogenic', 'comparative toxic unit for human (CTUh)')",human toxicity: carcinogenic,CTUh,Hydrogen distribution,Hydrogen leakage — distribution,0.0,2.7806266490400944e-09,0.0
Chemicals,"('EF v3.1', 'human toxicity: carcinogenic', 'comparative toxic unit for human (CTUh)')",human toxicity: carcinogenic,CTUh,Production technology,Ammonia leakage — Coal gasification with CCS,0.0,2.7806266490400944e-09,0.0
Chemicals,"('EF v3.1', 'human toxicity: carcinogenic', 'comparative toxic unit for human (CTUh)')",human toxicity: carcinogenic,CTUh,Production technology,Biomass gasification,5.618724878518955e-15,2.7806266490400944e-09,0.00020206685714022795
Chemicals,"('EF v3.1', 'human toxicity: carcinogenic', 'comparative toxic unit for human (CTUh)')",human toxicity: carcinogenic,CTUh,Production technology,Biomass gasification with CCS,5.672987202801557e-10,2.7806266490400944e-09,20.401829942757473
Chemicals,"('EF v3.1', 'human toxicity: carcinogenic', 'comparative toxic unit for human (CTUh)')",human toxicity: carcinogenic,CTUh,Production technology,Coal gasification with CCS,8.773518902851243e-16,2.7806266490400944e-09,3.1552308203188535e-05
Chemicals,"('EF v3.1', 'human toxicity: carcinogenic', 'comparative toxic unit for human (CTUh)')",human toxicity: carcinogenic,CTUh,Production technology,PEM electrolysis,2.0800523411610784e-09,2.7806266490400944e-09,74.805164579687
Chemicals,"('EF v3.1', 'human toxicity: carcinogenic', 'comparative toxic unit for human (CTUh)')",human toxicity: carcinogenic,CTUh,Production technology,Steam methane reforming with CCS,4.333532169723023e-12,2.7806266490400944e-09,0.15584732208543747
Generic,"('EF v3.1', 'human toxicity: carcinogenic', 'comparative toxic unit for human (CTUh)')",human toxicity: carcinogenic,CTUh,Hydrogen distribution,Hydrogen distribution,1.6116945684140405e-10,2.812860538487097e-09,5.729735073466863
Generic,"('EF v3.1', 'human toxicity: carcinogenic', 'comparative toxic unit for human (CTUh)')",human toxicity: carcinogenic,CTUh,Hydrogen distribution,Hydrogen leakage — distribution,0.0,2.812860538487097e-09,0.0
Generic,"('EF v3.1', 'human toxicity: carcinogenic', 'comparative toxic unit for human (CTUh)')",human toxicity: carcinogenic,CTUh,Production technology,Ammonia leakage — Coal gasification with CCS,0.0,2.812860538487097e-09,0.0
Generic,"('EF v3.1', 'human toxicity: carcinogenic', 'comparative toxic unit for human (CTUh)')",human toxicity: carcinogenic,CTUh,Production technology,Biomass gasification,5.618724878518955e-15,2.812860538487097e-09,0.00019975127816116323
Generic,"('EF v3.1', 'human toxicity: carcinogenic', 'comparative toxic unit for human (CTUh)')",human toxicity: carcinogenic,CTUh,Production technology,Biomass gasification with CCS,5.672987202801557e-10,2.812860538487097e-09,20.16803579552076
Generic,"('EF v3.1', 'human toxicity: carcinogenic', 'comparative toxic unit for human (CTUh)')",human toxicity: carcinogenic,CTUh,Production technology,Coal gasification with CCS,8.773518902851243e-16,2.812860538487097e-09,3.1190735490818535e-05
Generic,"('EF v3.1', 'human toxicity: carcinogenic', 'comparative toxic unit for human (CTUh)')",human toxicity: carcinogenic,CTUh,Production technology,PEM electrolysis,2.0800523411610784e-09,2.812860538487097e-09,73.94793708044406
Generic,"('EF v3.1', 'human toxicity: carcinogenic', 'comparative toxic unit for human (CTUh)')",human toxicity: carcinogenic,CTUh,Production technology,Steam methane reforming with CCS,4.333532169723023e-12,2.812860538487097e-09,0.1540613944569688
Other end uses,"('EF v3.1', 'human toxicity: carcinogenic', 'comparative toxic unit for human (CTUh)')",human toxicity: carcinogenic,CTUh,Hydrogen distribution,Hydrogen distribution,3.2385691647455653e-10,2.975547998366787e-09,10.883941937831771
Other end uses,"('EF v3.1', 'human toxicity: carcinogenic', 'comparative toxic unit for human (CTUh)')",human toxicity: carcinogenic,CTUh,Hydrogen distribution,Hydrogen leakage — distribution,0.0,2.975547998366787e-09,0.0
Other end uses,"('EF v3.1', 'human toxicity: carcinogenic', 'comparative toxic unit for human (CTUh)')",human toxicity: carcinogenic,CTUh,Production technology,Ammonia leakage — Coal gasification with CCS,0.0,2.975547998366787e-09,0.0
Other end uses,"('EF v3.1', 'human toxicity: carcinogenic', 'comparative toxic unit for human (CTUh)')",human toxicity: carcinogenic,CTUh,Production technology,Biomass gasification,5.618724878518955e-15,2.975547998366787e-09,0.00018882991911415813
Other end uses,"('EF v3.1', 'human toxicity: carcinogenic', 'comparative toxic unit for human (CTUh)')",human toxicity: carcinogenic,CTUh,Production technology,Biomass gasification with CCS,5.672987202801557e-10,2.975547998366787e-09,19.065352687690925
Other end uses,"('EF v3.1', 'human toxicity: carcinogenic', 'comparative toxic unit for human (CTUh)')",human toxicity: carcinogenic,CTUh,Production technology,Coal gasification with CCS,8.773518902851243e-16,2.975547998366787e-09,2.9485388599568332e-05
Other end uses,"('EF v3.1', 'human toxicity: carcinogenic', 'comparative toxic unit for human (CTUh)')",human toxicity: carcinogenic,CTUh,Production technology,PEM electrolysis,2.0800523411610784e-09,2.975547998366787e-09,69.90484920097991
Other end uses,"('EF v3.1', 'human toxicity: carcinogenic', 'comparative toxic unit for human (CTUh)')",human toxicity: carcinogenic,CTUh,Production technology,Steam methane reforming with CCS,4.333532169723023e-12,2.975547998366787e-09,0.14563812017489228
Steel,"('EF v3.1', 'human toxicity: carcinogenic', 'comparative toxic unit for human (CTUh)')",human toxicity: carcinogenic,CTUh,Hydrogen distribution,Hydrogen distribution,3.0047470929722874e-10,2.952165795077398e-09,10.178110924469642
Steel,"('EF v3.1', 'human toxicity: carcinogenic', 'comparative toxic unit for human (CTUh)')",human toxicity: carcinogenic,CTUh,Hydrogen distribution,Hydrogen leakage — distribution,0.0,2.952165795077398e-09,0.0
Steel,"('EF v3.1', 'human toxicity: carcinogenic', 'comparative toxic unit for human (CTUh)')",human toxicity: carcinogenic,CTUh,Production technology,Ammonia leakage — Coal gasification with CCS,0.0,2.952165795077398e-09,0.0
Steel,"('EF v3.1', 'human toxicity: carcinogenic', 'comparative toxic unit for human (CTUh)')",human toxicity: carcinogenic,CTUh,Production technology,Biomass gasification,5.618724878518955e-15,2.952165795077398e-09,0.0001903255192471887
Steel,"('EF v3.1', 'human toxicity: carcinogenic', 'comparative toxic unit for human (CTUh)')",human toxicity: carcinogenic,CTUh,Production technology,Biomass gasification with CCS,5.672987202801557e-10,2.952165795077398e-09,19.21635706321442
Steel,"('EF v3.1', 'human toxicity: carcinogenic', 'comparative toxic unit for human (CTUh)')",human toxicity: carcinogenic,CTUh,Production technology,Coal gasification with CCS,8.773518902851243e-16,2.952165795077398e-09,2.971892336629835e-05
Steel,"('EF v3.1', 'human toxicity: carcinogenic', 'comparative toxic unit for human (CTUh)')",human toxicity: carcinogenic,CTUh,Production technology,PEM electrolysis,2.0800523411610784e-09,2.952165795077398e-09,70.45852047434026
Steel,"('EF v3.1', 'human toxicity: carcinogenic', 'comparative toxic unit for human (CTUh)')",human toxicity: carcinogenic,CTUh,Production technology,Steam methane reforming with CCS,4.333532169723023e-12,2.952165795077398e-09,0.14679162589543548
Transport,"('EF v3.1', 'human toxicity: carcinogenic', 'comparative toxic unit for human (CTUh)')",human toxicity: carcinogenic,CTUh,Hydrogen distribution,Hydrogen distribution,2.6385357030001805e-10,2.9155446549338444e-09,9.049889524192697
Transport,"('EF v3.1', 'human toxicity: carcinogenic', 'comparative toxic unit for human (CTUh)')",human toxicity: carcinogenic,CTUh,Hydrogen distribution,Hydrogen leakage — distribution,0.0,2.9155446549338444e-09,0.0
Transport,"('EF v3.1', 'human toxicity: carcinogenic', 'comparative toxic unit for human (CTUh)')",human toxicity: carcinogenic,CTUh,Production technology,Ammonia leakage — Coal gasification with CCS,0.0,2.9155446549338444e-09,0.0
Transport,"('EF v3.1', 'human toxicity: carcinogenic', 'comparative toxic unit for human (CTUh)')",human toxicity: carcinogenic,CTUh,Production technology,Biomass gasification,5.618724878518955e-15,2.9155446549338444e-09,0.00019271613175296908
Transport,"('EF v3.1', 'human toxicity: carcinogenic', 'comparative toxic unit for human (CTUh)')",human toxicity: carcinogenic,CTUh,Production technology,Biomass gasification with CCS,5.672987202801557e-10,2.9155446549338444e-09,19.457727026068415
Transport,"('EF v3.1', 'human toxicity: carcinogenic', 'comparative toxic unit for human (CTUh)')",human toxicity: carcinogenic,CTUh,Production technology,Coal gasification with CCS,8.773518902851243e-16,2.9155446549338444e-09,3.009221240362144e-05
Transport,"('EF v3.1', 'human toxicity: carcinogenic', 'comparative toxic unit for human (CTUh)')",human toxicity: carcinogenic,CTUh,Production technology,PEM electrolysis,2.0800523411610784e-09,2.9155446549338444e-09,71.34352539039661
Transport,"('EF v3.1', 'human toxicity: carcinogenic', 'comparative toxic unit for human (CTUh)')",human toxicity: carcinogenic,CTUh,Production technology,Steam methane reforming with CCS,4.333532169723023e-12,2.9155446549338444e-09,0.14863542434136903
Cement,"('EF v3.1', 'human toxicity: non-carcinogenic', 'comparative toxic unit for human (CTUh)')",human toxicity: non-carcinogenic,CTUh,Hydrogen distribution,Hydrogen distribution,1.8743222133857096e-08,1.5872048430505295e-07,11.80894968656569
Cement,"('EF v3.1', 'human toxicity: non-carcinogenic', 'comparative toxic unit for human (CTUh)')",human toxicity: non-carcinogenic,CTUh,Hydrogen distribution,Hydrogen leakage — distribution,0.0,1.5872048430505295e-07,0.0
Cement,"('EF v3.1', 'human toxicity: non-carcinogenic', 'comparative toxic unit for human (CTUh)')",human toxicity: non-carcinogenic,CTUh,Production technology,Ammonia leakage — Coal gasification with CCS,1.157534437589131e-17,1.5872048430505295e-07,7.292911451583066e-09
Cement,"('EF v3.1', 'human toxicity: non-carcinogenic', 'comparative toxic unit for human (CTUh)')",human toxicity: non-carcinogenic,CTUh,Production technology,Biomass gasification,3.8622368627231093e-14,1.5872048430505295e-07,2.4333575339274295e-05
Cement,"('EF v3.1', 'human toxicity: non-carcinogenic', 'comparative toxic unit for human (CTUh)')",human toxicity: non-carcinogenic,CTUh,Production technology,Biomass gasification with CCS,7.153678400684202e-09,1.5872048430505295e-07,4.507092094638009
Cement,"('EF v3.1', 'human toxicity: non-carcinogenic', 'comparative toxic unit for human (CTUh)')",human toxicity: non-carcinogenic,CTUh,Production technology,Coal gasification with CCS,4.812834790671025e-14,1.5872048430505295e-07,3.0322707316221353e-05
Cement,"('EF v3.1', 'human toxicity: non-carcinogenic', 'comparative toxic unit for human (CTUh)')",human toxicity: non-carcinogenic,CTUh,Production technology,PEM electrolysis,1.3255061858615855e-07,1.5872048430505295e-07,83.51197967075427
Cement,"('EF v3.1', 'human toxicity: non-carcinogenic', 'comparative toxic unit for human (CTUh)')",human toxicity: non-carcinogenic,CTUh,Production technology,Steam methane reforming with CCS,2.7287762957609623e-10,1.5872048430505295e-07,0.17192338517039735
Chemicals,"('EF v3.1', 'human toxicity: non-carcinogenic', 'comparative toxic unit for human (CTUh)')",human toxicity: non-carcinogenic,CTUh,Hydrogen distribution,Hydrogen distribution,7.909918453502679e-09,1.4788718047833086e-07,5.348616714389033
Chemicals,"('EF v3.1', 'human toxicity: non-carcinogenic', 'comparative toxic unit for human (CTUh)')",human toxicity: non-carcinogenic,CTUh,Hydrogen distribution,Hydrogen leakage — distribution,0.0,1.4788718047833086e-07,0.0
Chemicals,"('EF v3.1', 'human toxicity: non-carcinogenic', 'comparative toxic unit for human (CTUh)')",human toxicity: non-carcinogenic,CTUh,Production technology,Ammonia leakage — Coal gasification with CCS,1.157534437589131e-17,1.4788718047833086e-07,7.827145218707705e-09
Chemicals,"('EF v3.1', 'human toxicity: non-carcinogenic', 'comparative toxic unit for human (CTUh)')",human toxicity: non-carcinogenic,CTUh,Production technology,Biomass gasification,3.8622368627231093e-14,1.4788718047833086e-07,2.6116103168854606e-05
Chemicals,"('EF v3.1', 'human toxicity: non-carcinogenic', 'comparative toxic unit for human (CTUh)')",human toxicity: non-carcinogenic,CTUh,Production technology,Biomass gasification with CCS,7.153678400684202e-09,1.4788718047833086e-07,4.837253896886886
Chemicals,"('EF v3.1', 'human toxicity: non-carcinogenic', 'comparative toxic unit for human (CTUh)')",human toxicity: non-carcinogenic,CTUh,Production technology,Coal gasification with CCS,4.812834790671025e-14,1.4788718047833086e-07,3.2543962060161296e-05
Chemicals,"('EF v3.1', 'human toxicity: non-carcinogenic', 'comparative toxic unit for human (CTUh)')",human toxicity: non-carcinogenic,CTUh,Production technology,PEM electrolysis,1.3255061858615855e-07,1.4788718047833086e-07,89.62955285064787
Chemicals,"('EF v3.1', 'human toxicity: non-carcinogenic', 'comparative toxic unit for human (CTUh)')",human toxicity: non-carcinogenic,CTUh,Production technology,Steam methane reforming with CCS,2.7287762957609623e-10,1.4788718047833086e-07,0.184517433284949
Generic,"('EF v3.1', 'human toxicity: non-carcinogenic', 'comparative toxic unit for human (CTUh)')",human toxicity: non-carcinogenic,CTUh,Hydrogen distribution,Hydrogen distribution,9.887398066878349e-09,1.4986465997383985e-07,6.5975514631696885
Generic,"('EF v3.1', 'human toxicity: non-carcinogenic', 'comparative toxic unit for human (CTUh)')",human toxicity: non-carcinogenic,CTUh,Hydrogen distribution,Hydrogen leakage — distribution,0.0,1.4986465997383985e-07,0.0
Generic,"('EF v3.1', 'human toxicity: non-carcinogenic', 'comparative toxic unit for human (CTUh)')",human toxicity: non-carcinogenic,CTUh,Production technology,Ammonia leakage — Coal gasification with CCS,1.157534437589131e-17,1.4986465997383985e-07,7.723865238083404e-09
Generic,"('EF v3.1', 'human toxicity: non-carcinogenic', 'comparative toxic unit for human (CTUh)')",human toxicity: non-carcinogenic,CTUh,Production technology,Biomass gasification,3.8622368627231093e-14,1.4986465997383985e-07,2.577149852004666e-05
Generic,"('EF v3.1', 'human toxicity: non-carcinogenic', 'comparative toxic unit for human (CTUh)')",human toxicity: non-carcinogenic,CTUh,Production technology,Biomass gasification with CCS,7.153678400684202e-09,1.4986465997383985e-07,4.773425837641067
Generic,"('EF v3.1', 'human toxicity: non-carcinogenic', 'comparative toxic unit for human (CTUh)')",human toxicity: non-carcinogenic,CTUh,Production technology,Coal gasification with CCS,4.812834790671025e-14,1.4986465997383985e-07,3.2114541156742e-05
Generic,"('EF v3.1', 'human toxicity: non-carcinogenic', 'comparative toxic unit for human (CTUh)')",human toxicity: non-carcinogenic,CTUh,Production technology,PEM electrolysis,1.3255061858615855e-07,1.4986465997383985e-07,88.44688174603431
Generic,"('EF v3.1', 'human toxicity: non-carcinogenic', 'comparative toxic unit for human (CTUh)')",human toxicity: non-carcinogenic,CTUh,Production technology,Steam methane reforming with CCS,2.7287762957609623e-10,1.4986465997383985e-07,0.1820827069061708
Other end uses,"('EF v3.1', 'human toxicity: non-carcinogenic', 'comparative toxic unit for human (CTUh)')",human toxicity: non-carcinogenic,CTUh,Hydrogen distribution,Hydrogen distribution,2.02085585709886e-08,1.601858204889516e-07,12.61569751261625
Other end uses,"('EF v3.1', 'human toxicity: non-carcinogenic', 'comparative toxic unit for human (CTUh)')",human toxicity: non-carcinogenic,CTUh,Hydrogen distribution,Hydrogen leakage — distribution,0.0,1.601858204889516e-07,0.0
Other end uses,"('EF v3.1', 'human toxicity: non-carcinogenic', 'comparative toxic unit for human (CTUh)')",human toxicity: non-carcinogenic,CTUh,Production technology,Ammonia leakage — Coal gasification with CCS,1.157534437589131e-17,1.601858204889516e-07,7.2261978872778496e-09
Other end uses,"('EF v3.1', 'human toxicity: non-carcinogenic', 'comparative toxic unit for human (CTUh)')",human toxicity: non-carcinogenic,CTUh,Production technology,Biomass gasification,3.8622368627231093e-14,1.601858204889516e-07,2.4110978430762522e-05
Other end uses,"('EF v3.1', 'human toxicity: non-carcinogenic', 'comparative toxic unit for human (CTUh)')",human toxicity: non-carcinogenic,CTUh,Production technology,Biomass gasification with CCS,7.153678400684202e-09,1.601858204889516e-07,4.465862445782215
Other end uses,"('EF v3.1', 'human toxicity: non-carcinogenic', 'comparative toxic unit for human (CTUh)')",human toxicity: non-carcinogenic,CTUh,Production technology,Coal gasification with CCS,4.812834790671025e-14,1.601858204889516e-07,3.00453234623409e-05
Other end uses,"('EF v3.1', 'human toxicity: non-carcinogenic', 'comparative toxic unit for human (CTUh)')",human toxicity: non-carcinogenic,CTUh,Production technology,PEM electrolysis,1.3255061858615855e-07,1.601858204889516e-07,82.7480348644847
Other end uses,"('EF v3.1', 'human toxicity: non-carcinogenic', 'comparative toxic unit for human (CTUh)')",human toxicity: non-carcinogenic,CTUh,Production technology,Steam methane reforming with CCS,2.7287762957609623e-10,1.601858204889516e-07,0.17035067694703804
Steel,"('EF v3.1', 'human toxicity: non-carcinogenic', 'comparative toxic unit for human (CTUh)')",human toxicity: non-carcinogenic,CTUh,Hydrogen distribution,Hydrogen distribution,1.8743222133857096e-08,1.5872048430505295e-07,11.80894968656569
Steel,"('EF v3.1', 'human toxicity: non-carcinogenic', 'comparative toxic unit for human (CTUh)')",human toxicity: non-carcinogenic,CTUh,Hydrogen distribution,Hydrogen leakage — distribution,0.0,1.5872048430505295e-07,0.0
Steel,"('EF v3.1', 'human toxicity: non-carcinogenic', 'comparative toxic unit for human (CTUh)')",human toxicity: non-carcinogenic,CTUh,Production technology,Ammonia leakage — Coal gasification with CCS,1.157534437589131e-17,1.5872048430505295e-07,7.292911451583066e-09
Steel,"('EF v3.1', 'human toxicity: non-carcinogenic', 'comparative toxic unit for human (CTUh)')",human toxicity: non-carcinogenic,CTUh,Production technology,Biomass gasification,3.8622368627231093e-14,1.5872048430505295e-07,2.4333575339274295e-05
Steel,"('EF v3.1', 'human toxicity: non-carcinogenic', 'comparative toxic unit for human (CTUh)')",human toxicity: non-carcinogenic,CTUh,Production technology,Biomass gasification with CCS,7.153678400684202e-09,1.5872048430505295e-07,4.507092094638009
Steel,"('EF v3.1', 'human toxicity: non-carcinogenic', 'comparative toxic unit for human (CTUh)')",human toxicity: non-carcinogenic,CTUh,Production technology,Coal gasification with CCS,4.812834790671025e-14,1.5872048430505295e-07,3.0322707316221353e-05
Steel,"('EF v3.1', 'human toxicity: non-carcinogenic', 'comparative toxic unit for human (CTUh)')",human toxicity: non-carcinogenic,CTUh,Production technology,PEM electrolysis,1.3255061858615855e-07,1.5872048430505295e-07,83.51197967075427
Steel,"('EF v3.1', 'human toxicity: non-carcinogenic', 'comparative toxic unit for human (CTUh)')",human toxicity: non-carcinogenic,CTUh,Production technology,Steam methane reforming with CCS,2.7287762957609623e-10,1.5872048430505295e-07,0.17192338517039735
Transport,"('EF v3.1', 'human toxicity: non-carcinogenic', 'comparative toxic unit for human (CTUh)')",human toxicity: non-carcinogenic,CTUh,Hydrogen distribution,Hydrogen distribution,1.6347639479094907e-08,1.5632490158682213e-07,10.457476264595954
Transport,"('EF v3.1', 'human toxicity: non-carcinogenic', 'comparative toxic unit for human (CTUh)')",human toxicity: non-carcinogenic,CTUh,Hydrogen distribution,Hydrogen leakage — distribution,0.0,1.5632490158682213e-07,0.0
Transport,"('EF v3.1', 'human toxicity: non-carcinogenic', 'comparative toxic unit for human (CTUh)')",human toxicity: non-carcinogenic,CTUh,Production technology,Ammonia leakage — Coal gasification with CCS,1.157534437589131e-17,1.5632490158682213e-07,7.4046708223656974e-09
Transport,"('EF v3.1', 'human toxicity: non-carcinogenic', 'comparative toxic unit for human (CTUh)')",human toxicity: non-carcinogenic,CTUh,Production technology,Biomass gasification,3.8622368627231093e-14,1.5632490158682213e-07,2.4706472375919207e-05
Transport,"('EF v3.1', 'human toxicity: non-carcinogenic', 'comparative toxic unit for human (CTUh)')",human toxicity: non-carcinogenic,CTUh,Production technology,Biomass gasification with CCS,7.153678400684202e-09,1.5632490158682213e-07,4.576160501665873
Transport,"('EF v3.1', 'human toxicity: non-carcinogenic', 'comparative toxic unit for human (CTUh)')",human toxicity: non-carcinogenic,CTUh,Production technology,Coal gasification with CCS,4.812834790671025e-14,1.5632490158682213e-07,3.078738410718269e-05
Transport,"('EF v3.1', 'human toxicity: non-carcinogenic', 'comparative toxic unit for human (CTUh)')",human toxicity: non-carcinogenic,CTUh,Production technology,PEM electrolysis,1.3255061858615855e-07,1.5632490158682213e-07,84.79174926109935
Transport,"('EF v3.1', 'human toxicity: non-carcinogenic', 'comparative toxic unit for human (CTUh)')",human toxicity: non-carcinogenic,CTUh,Production technology,Steam methane reforming with CCS,2.7287762957609623e-10,1.5632490158682213e-07,0.17455800503065808
Cement,"('EF v3.1', 'material resources: metals/minerals', 'abiotic depletion potential (ADP): elements (ultimate reserves)')",material resources: metals/minerals,kg Sb-Eq,Hydrogen distribution,Hydrogen distribution,1.3667423118927404e-05,0.0001165266829088119,11.729007277777626
Cement,"('EF v3.1', 'material resources: metals/minerals', 'abiotic depletion potential (ADP): elements (ultimate reserves)')",material resources: metals/minerals,kg Sb-Eq,Hydrogen distribution,Hydrogen leakage — distribution,0.0,0.0001165266829088119,0.0
Cement,"('EF v3.1', 'material resources: metals/minerals', 'abiotic depletion potential (ADP): elements (ultimate reserves)')",material resources: metals/minerals,kg Sb-Eq,Production technology,Ammonia leakage — Coal gasification with CCS,0.0,0.0001165266829088119,0.0
Cement,"('EF v3.1', 'material resources: metals/minerals', 'abiotic depletion potential (ADP): elements (ultimate reserves)')",material resources: metals/minerals,kg Sb-Eq,Production technology,Biomass gasification,2.356267591140262e-11,0.0001165266829088119,2.022084154737471e-05
Cement,"('EF v3.1', 'material resources: metals/minerals', 'abiotic depletion potential (ADP): elements (ultimate reserves)')",material resources: metals/minerals,kg Sb-Eq,Production technology,Biomass gasification with CCS,3.1935376867055515e-06,0.0001165266829088119,2.7406063632693107
Cement,"('EF v3.1', 'material resources: metals/minerals', 'abiotic depletion potential (ADP): elements (ultimate reserves)')",material resources: metals/minerals,kg Sb-Eq,Production technology,Coal gasification with CCS,2.718199433219005e-11,0.0001165266829088119,2.3326841246705146e-05
Cement,"('EF v3.1', 'material resources: metals/minerals', 'abiotic depletion potential (ADP): elements (ultimate reserves)')",material resources: metals/minerals,kg Sb-Eq,Production technology,PEM electrolysis,9.949891946353106e-05,0.0001165266829088119,85.3872409132199
Cement,"('EF v3.1', 'material resources: metals/minerals', 'abiotic depletion potential (ADP): elements (ultimate reserves)')",material resources: metals/minerals,kg Sb-Eq,Production technology,Steam methane reforming with CCS,1.6675122696611676e-07,0.0001165266829088119,0.1431013247812161
Chemicals,"('EF v3.1', 'material resources: metals/minerals', 'abiotic depletion potential (ADP): elements (ultimate reserves)')",material resources: metals/minerals,kg Sb-Eq,Hydrogen distribution,Hydrogen distribution,5.912063208751733e-06,0.00010877132289294217,5.4353142459898764
Chemicals,"('EF v3.1', 'material resources: metals/minerals', 'abiotic depletion potential (ADP): elements (ultimate reserves)')",material resources: metals/minerals,kg Sb-Eq,Hydrogen distribution,Hydrogen leakage — distribution,0.0,0.00010877132289294217,0.0
Chemicals,"('EF v3.1', 'material resources: metals/minerals', 'abiotic depletion potential (ADP): elements (ultimate reserves)')",material resources: metals/minerals,kg Sb-Eq,Production technology,Ammonia leakage — Coal gasification with CCS,0.0,0.00010877132289294217,0.0
Chemicals,"('EF v3.1', 'material resources: metals/minerals', 'abiotic depletion potential (ADP): elements (ultimate reserves)')",material resources: metals/minerals,kg Sb-Eq,Production technology,Biomass gasification,2.356267591140262e-11,0.00010877132289294217,2.1662580986161318e-05
Chemicals,"('EF v3.1', 'material resources: metals/minerals', 'abiotic depletion potential (ADP): elements (ultimate reserves)')",material resources: metals/minerals,kg Sb-Eq,Production technology,Biomass gasification with CCS,3.1935376867055515e-06,0.00010877132289294217,2.936010707389098
Chemicals,"('EF v3.1', 'material resources: metals/minerals', 'abiotic depletion potential (ADP): elements (ultimate reserves)')",material resources: metals/minerals,kg Sb-Eq,Production technology,Coal gasification with CCS,2.718199433219005e-11,0.00010877132289294217,2.4990037455868623e-05
Chemicals,"('EF v3.1', 'material resources: metals/minerals', 'abiotic depletion potential (ADP): elements (ultimate reserves)')",material resources: metals/minerals,kg Sb-Eq,Production technology,PEM electrolysis,9.949891946353106e-05,0.00010877132289294217,91.47532347424197
Chemicals,"('EF v3.1', 'material resources: metals/minerals', 'abiotic depletion potential (ADP): elements (ultimate reserves)')",material resources: metals/minerals,kg Sb-Eq,Production technology,Steam methane reforming with CCS,1.6675122696611676e-07,0.00010877132289294217,0.15330440278844557
Generic,"('EF v3.1', 'material resources: metals/minerals', 'abiotic depletion potential (ADP): elements (ultimate reserves)')",material resources: metals/minerals,kg Sb-Eq,Hydrogen distribution,Hydrogen distribution,7.390079010939666e-06,0.000110249338607042,6.703059722906706
Generic,"('EF v3.1', 'material resources: metals/minerals', 'abiotic depletion potential (ADP): elements (ultimate reserves)')",material resources: metals/minerals,kg Sb-Eq,Hydrogen distribution,Hydrogen leakage — distribution,0.0,0.000110249338607042,0.0
Generic,"('EF v3.1', 'material resources: metals/minerals', 'abiotic depletion potential (ADP): elements (ultimate reserves)')",material resources: metals/minerals,kg Sb-Eq,Production technology,Ammonia leakage — Coal gasification with CCS,0.0,0.000110249338607042,0.0
Generic,"('EF v3.1', 'material resources: metals/minerals', 'abiotic depletion potential (ADP): elements (ultimate reserves)')",material resources: metals/minerals,kg Sb-Eq,Production technology,Biomass gasification,2.356267591140262e-11,0.000110249338607042,2.1372169855264414e-05
Generic,"('EF v3.1', 'material resources: metals/minerals', 'abiotic depletion potential (ADP): elements (ultimate reserves)')",material resources: metals/minerals,kg Sb-Eq,Production technology,Biomass gasification with CCS,3.1935376867055515e-06,0.000110249338607042,2.896650199497495
Generic,"('EF v3.1', 'material resources: metals/minerals', 'abiotic depletion potential (ADP): elements (ultimate reserves)')",material resources: metals/minerals,kg Sb-Eq,Production technology,Coal gasification with CCS,2.718199433219005e-11,0.000110249338607042,2.465501804874668e-05
Generic,"('EF v3.1', 'material resources: metals/minerals', 'abiotic depletion potential (ADP): elements (ultimate reserves)')",material resources: metals/minerals,kg Sb-Eq,Production technology,PEM electrolysis,9.949891946353106e-05,0.000110249338607042,90.24899443448972
Generic,"('EF v3.1', 'material resources: metals/minerals', 'abiotic depletion potential (ADP): elements (ultimate reserves)')",material resources: metals/minerals,kg Sb-Eq,Production technology,Steam methane reforming with CCS,1.6675122696611676e-07,0.000110249338607042,0.15124918577558322
Other end uses,"('EF v3.1', 'material resources: metals/minerals', 'abiotic depletion potential (ADP): elements (ultimate reserves)')",material resources: metals/minerals,kg Sb-Eq,Hydrogen distribution,Hydrogen distribution,1.4657166343361252e-05,0.00011751642594656563,12.472440533569172
Other end uses,"('EF v3.1', 'material resources: metals/minerals', 'abiotic depletion potential (ADP): elements (ultimate reserves)')",material resources: metals/minerals,kg Sb-Eq,Hydrogen distribution,Hydrogen leakage — distribution,0.0,0.00011751642594656563,0.0
Other end uses,"('EF v3.1', 'material resources: metals/minerals', 'abiotic depletion potential (ADP): elements (ultimate reserves)')",material resources: metals/minerals,kg Sb-Eq,Production technology,Ammonia leakage — Coal gasification with CCS,0.0,0.00011751642594656563,0.0
Other end uses,"('EF v3.1', 'material resources: metals/minerals', 'abiotic depletion potential (ADP): elements (ultimate reserves)')",material resources: metals/minerals,kg Sb-Eq,Production technology,Biomass gasification,2.356267591140262e-11,0.00011751642594656563,2.0050538230388745e-05
Other end uses,"('EF v3.1', 'material resources: metals/minerals', 'abiotic depletion potential (ADP): elements (ultimate reserves)')",material resources: metals/minerals,kg Sb-Eq,Production technology,Biomass gasification with CCS,3.1935376867055515e-06,0.00011751642594656563,2.7175245170897586
Other end uses,"('EF v3.1', 'material resources: metals/minerals', 'abiotic depletion potential (ADP): elements (ultimate reserves)')",material resources: metals/minerals,kg Sb-Eq,Production technology,Coal gasification with CCS,2.718199433219005e-11,0.00011751642594656563,2.313037867961507e-05
Other end uses,"('EF v3.1', 'material resources: metals/minerals', 'abiotic depletion potential (ADP): elements (ultimate reserves)')",material resources: metals/minerals,kg Sb-Eq,Production technology,PEM electrolysis,9.949891946353106e-05,0.00011751642594656563,84.6680952574008
Other end uses,"('EF v3.1', 'material resources: metals/minerals', 'abiotic depletion potential (ADP): elements (ultimate reserves)')",material resources: metals/minerals,kg Sb-Eq,Production technology,Steam methane reforming with CCS,1.6675122696611676e-07,0.00011751642594656563,0.1418961014368647
Steel,"('EF v3.1', 'material resources: metals/minerals', 'abiotic depletion potential (ADP): elements (ultimate reserves)')",material resources: metals/minerals,kg Sb-Eq,Hydrogen distribution,Hydrogen distribution,1.3667423118927404e-05,0.0001165266829088119,11.729007277777626
Steel,"('EF v3.1', 'material resources: metals/minerals', 'abiotic depletion potential (ADP): elements (ultimate reserves)')",material resources: metals/minerals,kg Sb-Eq,Hydrogen distribution,Hydrogen leakage — distribution,0.0,0.0001165266829088119,0.0
Steel,"('EF v3.1', 'material resources: metals/minerals', 'abiotic depletion potential (ADP): elements (ultimate reserves)')",material resources: metals/minerals,kg Sb-Eq,Production technology,Ammonia leakage — Coal gasification with CCS,0.0,0.0001165266829088119,0.0
Steel,"('EF v3.1', 'material resources: metals/minerals', 'abiotic depletion potential (ADP): elements (ultimate reserves)')",material resources: metals/minerals,kg Sb-Eq,Production technology,Biomass gasification,2.356267591140262e-11,0.0001165266829088119,2.022084154737471e-05
Steel,"('EF v3.1', 'material resources: metals/minerals', 'abiotic depletion potential (ADP): elements (ultimate reserves)')",material resources: metals/minerals,kg Sb-Eq,Production technology,Biomass gasification with CCS,3.1935376867055515e-06,0.0001165266829088119,2.7406063632693107
Steel,"('EF v3.1', 'material resources: metals/minerals', 'abiotic depletion potential (ADP): elements (ultimate reserves)')",material resources: metals/minerals,kg Sb-Eq,Production technology,Coal gasification with CCS,2.718199433219005e-11,0.0001165266829088119,2.3326841246705146e-05
Steel,"('EF v3.1', 'material resources: metals/minerals', 'abiotic depletion potential (ADP): elements (ultimate reserves)')",material resources: metals/minerals,kg Sb-Eq,Production technology,PEM electrolysis,9.949891946353106e-05,0.0001165266829088119,85.3872409132199
Steel,"('EF v3.1', 'material resources: metals/minerals', 'abiotic depletion potential (ADP): elements (ultimate reserves)')",material resources: metals/minerals,kg Sb-Eq,Production technology,Steam methane reforming with CCS,1.6675122696611676e-07,0.0001165266829088119,0.1431013247812161
Transport,"('EF v3.1', 'material resources: metals/minerals', 'abiotic depletion potential (ADP): elements (ultimate reserves)')",material resources: metals/minerals,kg Sb-Eq,Hydrogen distribution,Hydrogen distribution,1.1812726150725533e-05,0.00011467198589558667,10.301318197699551
Transport,"('EF v3.1', 'material resources: metals/minerals', 'abiotic depletion potential (ADP): elements (ultimate reserves)')",material resources: metals/minerals,kg Sb-Eq,Hydrogen distribution,Hydrogen leakage — distribution,0.0,0.00011467198589558667,0.0
Transport,"('EF v3.1', 'material resources: metals/minerals', 'abiotic depletion potential (ADP): elements (ultimate reserves)')",material resources: metals/minerals,kg Sb-Eq,Production technology,Ammonia leakage — Coal gasification with CCS,0.0,0.00011467198589558667,0.0
Transport,"('EF v3.1', 'material resources: metals/minerals', 'abiotic depletion potential (ADP): elements (ultimate reserves)')",material resources: metals/minerals,kg Sb-Eq,Production technology,Biomass gasification,2.356267591140262e-11,0.00011467198589558667,2.0547892083126006e-05
Transport,"('EF v3.1', 'material resources: metals/minerals', 'abiotic depletion potential (ADP): elements (ultimate reserves)')",material resources: metals/minerals,kg Sb-Eq,Production technology,Biomass gasification with CCS,3.1935376867055515e-06,0.00011467198589558667,2.78493274688152
Transport,"('EF v3.1', 'material resources: metals/minerals', 'abiotic depletion potential (ADP): elements (ultimate reserves)')",material resources: metals/minerals,kg Sb-Eq,Production technology,Coal gasification with CCS,2.718199433219005e-11,0.00011467198589558667,2.3704128013393192e-05
Transport,"('EF v3.1', 'material resources: metals/minerals', 'abiotic depletion potential (ADP): elements (ultimate reserves)')",material resources: metals/minerals,kg Sb-Eq,Production technology,PEM electrolysis,9.949891946353106e-05,0.00011467198589558667,86.76828842410448
Transport,"('EF v3.1', 'material resources: metals/minerals', 'abiotic depletion potential (ADP): elements (ultimate reserves)')",material resources: metals/minerals,kg Sb-Eq,Production technology,Steam methane reforming with CCS,1.6675122696611676e-07,0.00011467198589558667,0.14541583601591263
Cement,"('EF v3.1', 'particulate matter formation', 'impact on human health')",particulate matter formation,disease incidence,Hydrogen distribution,Hydrogen distribution,1.1292760064765478e-08,1.3185647617166144e-07,8.564433384419928
Cement,"('EF v3.1', 'particulate matter formation', 'impact on human health')",particulate matter formation,disease incidence,Hydrogen distribution,Hydrogen leakage — distribution,0.0,1.3185647617166144e-07,0.0
Cement,"('EF v3.1', 'particulate matter formation', 'impact on human health')",particulate matter formation,disease incidence,Production technology,Ammonia leakage — Coal gasification with CCS,1.5919983750980255e-13,1.3185647617166144e-07,0.00012073721529046728
Cement,"('EF v3.1', 'particulate matter formation', 'impact on human health')",particulate matter formation,disease incidence,Production technology,Biomass gasification,4.072599094451092e-13,1.3185647617166144e-07,0.00030886606503491363
Cement,"('EF v3.1', 'particulate matter formation', 'impact on human health')",particulate matter formation,disease incidence,Production technology,Biomass gasification with CCS,4.1331318816934806e-08,1.3185647617166144e-07,31.34568738446062
Cement,"('EF v3.1', 'particulate matter formation', 'impact on human health')",particulate matter formation,disease incidence,Production technology,Coal gasification with CCS,1.1743307102062112e-13,1.3185647617166144e-07,8.906128423130105e-05
Cement,"('EF v3.1', 'particulate matter formation', 'impact on human health')",particulate matter formation,disease incidence,Production technology,PEM electrolysis,7.88029454157767e-08,1.3185647617166144e-07,59.76418277186829
Cement,"('EF v3.1', 'particulate matter formation', 'impact on human health')",particulate matter formation,disease incidence,Production technology,Steam methane reforming with CCS,4.287688643990931e-10,1.3185647617166144e-07,0.32517846437886533
Chemicals,"('EF v3.1', 'particulate matter formation', 'impact on human health')",particulate matter formation,disease incidence,Hydrogen distribution,Hydrogen distribution,4.853887536363754e-09,1.254176035848028e-07,3.8701804193553513
Chemicals,"('EF v3.1', 'particulate matter formation', 'impact on human health')",particulate matter formation,disease incidence,Hydrogen distribution,Hydrogen leakage — distribution,0.0,1.254176035848028e-07,0.0
Chemicals,"('EF v3.1', 'particulate matter formation', 'impact on human health')",particulate matter formation,disease incidence,Production technology,Ammonia leakage — Coal gasification with CCS,1.5919983750980255e-13,1.254176035848028e-07,0.0001269357992493912
Chemicals,"('EF v3.1', 'particulate matter formation', 'impact on human health')",particulate matter formation,disease incidence,Production technology,Biomass gasification,4.072599094451092e-13,1.254176035848028e-07,0.00032472308336663035
Chemicals,"('EF v3.1', 'particulate matter formation', 'impact on human health')",particulate matter formation,disease incidence,Production technology,Biomass gasification with CCS,4.1331318816934806e-08,1.254176035848028e-07,32.95495818415002
Chemicals,"('EF v3.1', 'particulate matter formation', 'impact on human health')",particulate matter formation,disease incidence,Production technology,Coal gasification with CCS,1.1743307102062112e-13,1.254176035848028e-07,9.363364285717448e-05
Chemicals,"('EF v3.1', 'particulate matter formation', 'impact on human health')",particulate matter formation,disease incidence,Production technology,PEM electrolysis,7.88029454157767e-08,1.254176035848028e-07,62.83244390209787
Chemicals,"('EF v3.1', 'particulate matter formation', 'impact on human health')",particulate matter formation,disease incidence,Production technology,Steam methane reforming with CCS,4.287688643990931e-10,1.254176035848028e-07,0.3418729525550018
Generic,"('EF v3.1', 'particulate matter formation', 'impact on human health')",particulate matter formation,disease incidence,Hydrogen distribution,Hydrogen distribution,6.067359420454692e-09,1.2663107539656605e-07,4.791366891147183
Generic,"('EF v3.1', 'particulate matter formation', 'impact on human health')",particulate matter formation,disease incidence,Hydrogen distribution,Hydrogen leakage — distribution,0.0,1.2663107539656605e-07,0.0
Generic,"('EF v3.1', 'particulate matter formation', 'impact on human health')",particulate matter formation,disease incidence,Production technology,Ammonia leakage — Coal gasification with CCS,1.5919983750980255e-13,1.2663107539656605e-07,0.00012571940735024327
Generic,"('EF v3.1', 'particulate matter formation', 'impact on human health')",particulate matter formation,disease incidence,Production technology,Biomass gasification,4.072599094451092e-13,1.2663107539656605e-07,0.0003216113486912338
Generic,"('EF v3.1', 'particulate matter formation', 'impact on human health')",particulate matter formation,disease incidence,Production technology,Biomass gasification with CCS,4.1331318816934806e-08,1.2663107539656605e-07,32.63915961188751
Generic,"('EF v3.1', 'particulate matter formation', 'impact on human health')",particulate matter formation,disease incidence,Production technology,Coal gasification with CCS,1.1743307102062112e-13,1.2663107539656605e-07,9.273637663808834e-05
Generic,"('EF v3.1', 'particulate matter formation', 'impact on human health')",particulate matter formation,disease incidence,Production technology,PEM electrolysis,7.88029454157767e-08,1.2663107539656605e-07,62.230337355181035
Generic,"('EF v3.1', 'particulate matter formation', 'impact on human health')",particulate matter formation,disease incidence,Production technology,Steam methane reforming with CCS,4.287688643990931e-10,1.2663107539656605e-07,0.33859687525856735
Other end uses,"('EF v3.1', 'particulate matter formation', 'impact on human health')",particulate matter formation,disease incidence,Hydrogen distribution,Hydrogen distribution,1.2482866437711166e-08,1.3304658244158652e-07,9.382327759671474
Other end uses,"('EF v3.1', 'particulate matter formation', 'impact on human health')",particulate matter formation,disease incidence,Hydrogen distribution,Hydrogen leakage — distribution,0.0,1.3304658244158652e-07,0.0
Other end uses,"('EF v3.1', 'particulate matter formation', 'impact on human health')",particulate matter formation,disease incidence,Production technology,Ammonia leakage — Coal gasification with CCS,1.5919983750980255e-13,1.3304658244158652e-07,0.00011965721673437083
Other end uses,"('EF v3.1', 'particulate matter formation', 'impact on human health')",particulate matter formation,disease incidence,Production technology,Biomass gasification,4.072599094451092e-13,1.3304658244158652e-07,0.0003061032474275803
Other end uses,"('EF v3.1', 'particulate matter formation', 'impact on human health')",particulate matter formation,disease incidence,Production technology,Biomass gasification with CCS,4.1331318816934806e-08,1.3304658244158652e-07,31.065299129409148
Other end uses,"('EF v3.1', 'particulate matter formation', 'impact on human health')",particulate matter formation,disease incidence,Production technology,Coal gasification with CCS,1.1743307102062112e-13,1.3304658244158652e-07,8.826462797131942e-05
Other end uses,"('EF v3.1', 'particulate matter formation', 'impact on human health')",particulate matter formation,disease incidence,Production technology,PEM electrolysis,7.88029454157767e-08,1.3304658244158652e-07,59.229590095164426
Other end uses,"('EF v3.1', 'particulate matter formation', 'impact on human health')",particulate matter formation,disease incidence,Production technology,Steam methane reforming with CCS,4.287688643990931e-10,1.3304658244158652e-07,0.32226973179663754
Steel,"('EF v3.1', 'particulate matter formation', 'impact on human health')",particulate matter formation,disease incidence,Hydrogen distribution,Hydrogen distribution,1.1292760064765478e-08,1.3185647617166144e-07,8.564433384419928
Steel,"('EF v3.1', 'particulate matter formation', 'impact on human health')",particulate matter formation,disease incidence,Hydrogen distribution,Hydrogen leakage — distribution,0.0,1.3185647617166144e-07,0.0
Steel,"('EF v3.1', 'particulate matter formation', 'impact on human health')",particulate matter formation,disease incidence,Production technology,Ammonia leakage — Coal gasification with CCS,1.5919983750980255e-13,1.3185647617166144e-07,0.00012073721529046728
Steel,"('EF v3.1', 'particulate matter formation', 'impact on human health')",particulate matter formation,disease incidence,Production technology,Biomass gasification,4.072599094451092e-13,1.3185647617166144e-07,0.00030886606503491363
Steel,"('EF v3.1', 'particulate matter formation', 'impact on human health')",particulate matter formation,disease incidence,Production technology,Biomass gasification with CCS,4.1331318816934806e-08,1.3185647617166144e-07,31.34568738446062
Steel,"('EF v3.1', 'particulate matter formation', 'impact on human health')",particulate matter formation,disease incidence,Production technology,Coal gasification with CCS,1.1743307102062112e-13,1.3185647617166144e-07,8.906128423130105e-05
Steel,"('EF v3.1', 'particulate matter formation', 'impact on human health')",particulate matter formation,disease incidence,Production technology,PEM electrolysis,7.88029454157767e-08,1.3185647617166144e-07,59.76418277186829
Steel,"('EF v3.1', 'particulate matter formation', 'impact on human health')",particulate matter formation,disease incidence,Production technology,Steam methane reforming with CCS,4.287688643990931e-10,1.3185647617166144e-07,0.32517846437886533
Transport,"('EF v3.1', 'particulate matter formation', 'impact on human health')",particulate matter formation,disease incidence,Hydrogen distribution,Hydrogen distribution,1.0920779942743056e-08,1.3148449597193067e-07,8.305754881605528
Transport,"('EF v3.1', 'particulate matter formation', 'impact on human health')",particulate matter formation,disease incidence,Hydrogen distribution,Hydrogen leakage — distribution,0.0,1.3148449597193067e-07,0.0
Transport,"('EF v3.1', 'particulate matter formation', 'impact on human health')",particulate matter formation,disease incidence,Production technology,Ammonia leakage — Coal gasification with CCS,1.5919983750980255e-13,1.3148449597193067e-07,0.00012107879056994564
Transport,"('EF v3.1', 'particulate matter formation', 'impact on human health')",particulate matter formation,disease incidence,Production technology,Biomass gasification,4.072599094451092e-13,1.3148449597193067e-07,0.0003097398719405299
Transport,"('EF v3.1', 'particulate matter formation', 'impact on human health')",particulate matter formation,disease incidence,Production technology,Biomass gasification with CCS,4.1331318816934806e-08,1.3148449597193067e-07,31.434366851707157
Transport,"('EF v3.1', 'particulate matter formation', 'impact on human health')",particulate matter formation,disease incidence,Production technology,Coal gasification with CCS,1.1743307102062112e-13,1.3148449597193067e-07,8.931324575765249e-05
Transport,"('EF v3.1', 'particulate matter formation', 'impact on human health')",particulate matter formation,disease incidence,Production technology,PEM electrolysis,7.88029454157767e-08,1.3148449597193067e-07,59.933260445094284
Transport,"('EF v3.1', 'particulate matter formation', 'impact on human health')",particulate matter formation,disease incidence,Production technology,Steam methane reforming with CCS,4.287688643990931e-10,1.3148449597193067e-07,0.32609842037241166
