market,technology,input group,input process,input location,input key,contribution type,score,share of market (%),physical amount,physical unit,method,impact category,unit
Generic,PEM electrolysis,Infrastructure,"electrolyzer production, 1MWe, PEM, Stack",RER,"('ecoinvent-3.12-cutoff_remind-SSP1-PkBudg650_2050_04_full', '4b10c19428e14b8f8d007e30ec00b854')",Upstream input,0.01734082487938773,2.9409495594363726,,,"('IPCC 2021', 'climate change', 'GWP 100a, incl. H')","climate change — GWP 100a, incl. H (premise_gwp)",kg CO2-Eq
Generic,PEM electrolysis,Infrastructure,"electrolyzer production, 1MWe, PEM, Balance of Plant",RER,"('ecoinvent-3.12-cutoff_remind-SSP1-PkBudg650_2050_04_full', 'd3ccbd883a7f4693af1ca38b327f11a1')",Upstream input,0.0034535790828300623,0.5857161901335318,,,"('IPCC 2021', 'climate change', 'GWP 100a, incl. H')","climate change — GWP 100a, incl. H (premise_gwp)",kg CO2-Eq
Generic,PEM electrolysis,Waste treatment,"treatment of electrolyzer stack, 1MWe, PEM",RER,"('ecoinvent-3.12-cutoff_remind-SSP1-PkBudg650_2050_04_full', '13e729a7f3fc4f6182834436182fefe6')",Upstream input,4.765249443555027e-05,0.008081713729942468,,,"('IPCC 2021', 'climate change', 'GWP 100a, incl. H')","climate change — GWP 100a, incl. H (premise_gwp)",kg CO2-Eq
Generic,PEM electrolysis,Waste treatment,"treatment of electrolyzer balance of plant, 1MWe, PEM",RER,"('ecoinvent-3.12-cutoff_remind-SSP1-PkBudg650_2050_04_full', '4f96e300894a475a8c1971ce79fbca2c')",Upstream input,0.0004336724366286783,0.07354948627379494,,,"('IPCC 2021', 'climate change', 'GWP 100a, incl. H')","climate change — GWP 100a, incl. H (premise_gwp)",kg CO2-Eq
Generic,PEM electrolysis,Water,"deionized water production, via reverse osmosis, from brackish water",RER,"('ecoinvent-3.12-cutoff_remind-SSP1-PkBudg650_2050_04_full', '4e0a52c5b9864dfebab5c43621971720')",Upstream input,0.00022295881964054263,0.03781311713572067,,,"('IPCC 2021', 'climate change', 'GWP 100a, incl. H')","climate change — GWP 100a, incl. H (premise_gwp)",kg CO2-Eq
Generic,PEM electrolysis,Electricity,"market group for electricity, low voltage",EUR,"('ecoinvent-3.12-cutoff_remind-SSP1-PkBudg650_2050_04_full', '13f887da454449da9d91f12bd7f18f05')",Upstream input,0.38746819891061884,65.71339234480658,,,"('IPCC 2021', 'climate change', 'GWP 100a, incl. H')","climate change — GWP 100a, incl. H (premise_gwp)",kg CO2-Eq
Generic,PEM electrolysis,Other direct emissions,Oxygen,biosphere,"('biosphere-3.12', '9ec076d9-6d9f-4a0b-9851-730626ed4319')",Other direct emissions,0.0,0.0,5.297587840298096,kilogram,"('IPCC 2021', 'climate change', 'GWP 100a, incl. H')","climate change — GWP 100a, incl. H (premise_gwp)",kg CO2-Eq
Generic,PEM electrolysis,Other direct emissions,"Occupation, industrial area",biosphere,"('biosphere-3.12', 'fe9c3a98-a6d2-452d-a9a4-a13e64f1b95b')",Other direct emissions,0.0,0.0,0.0004022534096710235,square meter-year,"('IPCC 2021', 'climate change', 'GWP 100a, incl. H')","climate change — GWP 100a, incl. H (premise_gwp)",kg CO2-Eq
Generic,PEM electrolysis,Other direct emissions,"Transformation, from industrial area",biosphere,"('biosphere-3.12', 'b6dcefd8-3848-4338-9c3e-fe6e91f20937')",Other direct emissions,0.0,0.0,2.0112669760831963e-05,square meter,"('IPCC 2021', 'climate change', 'GWP 100a, incl. H')","climate change — GWP 100a, incl. H (premise_gwp)",kg CO2-Eq
Generic,PEM electrolysis,Other direct emissions,"Transformation, to industrial area",biosphere,"('biosphere-3.12', '4624deff-2016-41d4-b2bf-3db8dab88779')",Other direct emissions,0.0,0.0,2.0112669760831963e-05,square meter,"('IPCC 2021', 'climate change', 'GWP 100a, incl. H')","climate change — GWP 100a, incl. H (premise_gwp)",kg CO2-Eq
Generic,Biomass gasification,Infrastructure,"market for liquid storage tank, chemicals, organics",GLO,"('ecoinvent-3.12-cutoff_remind-SSP1-PkBudg650_2050_04_full', '65328045d6934aea9218657932fe4f18')",Upstream input,7.965895151598674e-09,1.3509908553691378e-06,,,"('IPCC 2021', 'climate change', 'GWP 100a, incl. H')","climate change — GWP 100a, incl. H (premise_gwp)",kg CO2-Eq
Generic,Biomass gasification,Water,"market for water, deionised",Europe without Switzerland,"('ecoinvent-3.12-cutoff_remind-SSP1-PkBudg650_2050_04_full', 'a3b3af9d63ee4c50a4506512784991e4')",Upstream input,7.051067455410121e-09,1.1958389448470523e-06,,,"('IPCC 2021', 'climate change', 'GWP 100a, incl. H')","climate change — GWP 100a, incl. H (premise_gwp)",kg CO2-Eq
Generic,Biomass gasification,Biomass feedstock,"market for lignocellulosic biomass, used as fuel",EUR,"('ecoinvent-3.12-cutoff_remind-SSP1-PkBudg650_2050_04_full', '89cba6c9714f4f4bb98cf9b3e82f439a')",Upstream input,4.517839236865482e-07,7.662113772371493e-05,,,"('IPCC 2021', 'climate change', 'GWP 100a, incl. H')","climate change — GWP 100a, incl. H (premise_gwp)",kg CO2-Eq
Generic,Biomass gasification,Infrastructure,synthetic gas factory construction,RoW,"('ecoinvent-3.12-cutoff_remind-SSP1-PkBudg650_2050_04_full', '2d99aa9618294621ad0ab6a287164682')",Upstream input,3.66742724935756e-10,6.219841690508948e-08,,,"('IPCC 2021', 'climate change', 'GWP 100a, incl. H')","climate change — GWP 100a, incl. H (premise_gwp)",kg CO2-Eq
Generic,Biomass gasification,Water,"treatment of wastewater, average, wastewater treatment",Europe without Switzerland,"('ecoinvent-3.12-cutoff_remind-SSP1-PkBudg650_2050_04_full', 'db7e3c0fc9d3451395736c9985715bb8')",Upstream input,7.320680974422325e-09,1.2415645527966223e-06,,,"('IPCC 2021', 'climate change', 'GWP 100a, incl. H')","climate change — GWP 100a, incl. H (premise_gwp)",kg CO2-Eq
Generic,Biomass gasification,Other direct emissions,"Carbon dioxide, non-fossil",biosphere,"('biosphere-3.12', 'eba59fd6-f37e-41dc-9ca3-c7ea22d602c7')",Other direct emissions,0.0,0.0,7.70229301991037e-05,kilogram,"('IPCC 2021', 'climate change', 'GWP 100a, incl. H')","climate change — GWP 100a, incl. H (premise_gwp)",kg CO2-Eq
Generic,Biomass gasification with CCS,CO2 capture and storage,"carbon dioxide, captured at hydrogen production plant, pre, pipeline 200km, storage 1000m",RER,"('ecoinvent-3.12-cutoff_remind-SSP1-PkBudg650_2050_04_full', 'f35934f4c5ec445c8e063cf6d8b1795b')",Upstream input,0.02432679253423312,4.125747782107756,,,"('IPCC 2021', 'climate change', 'GWP 100a, incl. H')","climate change — GWP 100a, incl. H (premise_gwp)",kg CO2-Eq
Generic,Biomass gasification with CCS,Infrastructure,"market for liquid storage tank, chemicals, organics",GLO,"('ecoinvent-3.12-cutoff_remind-SSP1-PkBudg650_2050_04_full', '65328045d6934aea9218657932fe4f18')",Upstream input,0.0007304207590957928,0.12387707185829092,,,"('IPCC 2021', 'climate change', 'GWP 100a, incl. H')","climate change — GWP 100a, incl. H (premise_gwp)",kg CO2-Eq
Generic,Biomass gasification with CCS,Water,"market for water, deionised",Europe without Switzerland,"('ecoinvent-3.12-cutoff_remind-SSP1-PkBudg650_2050_04_full', 'a3b3af9d63ee4c50a4506512784991e4')",Upstream input,0.0006473808590467447,0.10979376502810792,,,"('IPCC 2021', 'climate change', 'GWP 100a, incl. H')","climate change — GWP 100a, incl. H (premise_gwp)",kg CO2-Eq
Generic,Biomass gasification with CCS,Biomass feedstock,"market for lignocellulosic biomass, used as fuel",EUR,"('ecoinvent-3.12-cutoff_remind-SSP1-PkBudg650_2050_04_full', '89cba6c9714f4f4bb98cf9b3e82f439a')",Upstream input,0.0414256464849626,7.025659830296336,,,"('IPCC 2021', 'climate change', 'GWP 100a, incl. H')","climate change — GWP 100a, incl. H (premise_gwp)",kg CO2-Eq
Generic,Biomass gasification with CCS,Infrastructure,synthetic gas factory construction,RoW,"('ecoinvent-3.12-cutoff_remind-SSP1-PkBudg650_2050_04_full', '2d99aa9618294621ad0ab6a287164682')",Upstream input,3.3627921839603216e-05,0.005703190165797565,,,"('IPCC 2021', 'climate change', 'GWP 100a, incl. H')","climate change — GWP 100a, incl. H (premise_gwp)",kg CO2-Eq
Generic,Biomass gasification with CCS,Water,"treatment of wastewater, average, wastewater treatment",Europe without Switzerland,"('ecoinvent-3.12-cutoff_remind-SSP1-PkBudg650_2050_04_full', 'db7e3c0fc9d3451395736c9985715bb8')",Upstream input,0.0006712588168277055,0.11384339184255253,,,"('IPCC 2021', 'climate change', 'GWP 100a, incl. H')","climate change — GWP 100a, incl. H (premise_gwp)",kg CO2-Eq
Generic,Biomass gasification with CCS,Other direct emissions,"Carbon dioxide, non-fossil",biosphere,"('biosphere-3.12', 'eba59fd6-f37e-41dc-9ca3-c7ea22d602c7')",Other direct emissions,0.0,0.0,0.5076820659435527,kilogram,"('IPCC 2021', 'climate change', 'GWP 100a, incl. H')","climate change — GWP 100a, incl. H (premise_gwp)",kg CO2-Eq
Generic,Coal gasification with CCS,Infrastructure,"chemical factory construction, organics",RER,"('ecoinvent-3.12-cutoff_remind-SSP1-PkBudg650_2050_04_full', '8e7d31369cdb4b2688a5e8bf919310c0')",Upstream input,2.7872975525777917e-08,4.727169304970898e-06,,,"('IPCC 2021', 'climate change', 'GWP 100a, incl. H')","climate change — GWP 100a, incl. H (premise_gwp)",kg CO2-Eq
Generic,Coal gasification with CCS,Other raw materials,"limestone production, milled, packed",Europe without Switzerland,"('ecoinvent-3.12-cutoff_remind-SSP1-PkBudg650_2050_04_full', 'bdc114f35c9742219f056ea4203192d8')",Upstream input,3.018766238419765e-09,5.119732942736153e-07,,,"('IPCC 2021', 'climate change', 'GWP 100a, incl. H')","climate change — GWP 100a, incl. H (premise_gwp)",kg CO2-Eq
Generic,Coal gasification with CCS,Infrastructure,"liquid storage tank production, chemicals, organics",RoW,"('ecoinvent-3.12-cutoff_remind-SSP1-PkBudg650_2050_04_full', '00ec9ef702ab4db28b3eb182865fdafb')",Upstream input,3.743857123226691e-09,6.349464361544847e-07,,,"('IPCC 2021', 'climate change', 'GWP 100a, incl. H')","climate change — GWP 100a, incl. H (premise_gwp)",kg CO2-Eq
Generic,Coal gasification with CCS,Fossil feedstock,market for hard coal,BE,"('ecoinvent-3.12-cutoff_remind-SSP1-PkBudg650_2050_04_full', '1e18d48334e340d5a242914af00668fd')",Upstream input,3.6027318637850734e-08,6.110120343906152e-06,,,"('IPCC 2021', 'climate change', 'GWP 100a, incl. H')","climate change — GWP 100a, incl. H (premise_gwp)",kg CO2-Eq
Generic,Coal gasification with CCS,Fossil feedstock,market for hard coal,FI,"('ecoinvent-3.12-cutoff_remind-SSP1-PkBudg650_2050_04_full', 'ea7b7b7a5c3b4e759380ba049bd77910')",Upstream input,3.376148875754923e-08,5.72584269652899e-06,,,"('IPCC 2021', 'climate change', 'GWP 100a, incl. H')","climate change — GWP 100a, incl. H (premise_gwp)",kg CO2-Eq
Generic,Coal gasification with CCS,Fossil feedstock,market for hard coal,IT,"('ecoinvent-3.12-cutoff_remind-SSP1-PkBudg650_2050_04_full', '9ef9602812a34373b85be42d2ca62ebb')",Upstream input,1.423699835665528e-07,2.4145503074926423e-05,,,"('IPCC 2021', 'climate change', 'GWP 100a, incl. H')","climate change — GWP 100a, incl. H (premise_gwp)",kg CO2-Eq
Generic,Coal gasification with CCS,Fossil feedstock,market for hard coal,DE,"('ecoinvent-3.12-cutoff_remind-SSP1-PkBudg650_2050_04_full', '5775c4cf27024a1d88f0c5dac4340be0')",Upstream input,4.85566488405376e-07,8.235055483723205e-05,,,"('IPCC 2021', 'climate change', 'GWP 100a, incl. H')","climate change — GWP 100a, incl. H (premise_gwp)",kg CO2-Eq
Generic,Coal gasification with CCS,Fossil feedstock,market for hard coal,DK,"('ecoinvent-3.12-cutoff_remind-SSP1-PkBudg650_2050_04_full', 'bcb55ab7692c4e0bbfa618d75aff9557')",Upstream input,2.1879732177084955e-08,3.7107340137706174e-06,,,"('IPCC 2021', 'climate change', 'GWP 100a, incl. H')","climate change — GWP 100a, incl. H (premise_gwp)",kg CO2-Eq
Generic,Coal gasification with CCS,Fossil feedstock,market for hard coal,FR,"('ecoinvent-3.12-cutoff_remind-SSP1-PkBudg650_2050_04_full', '00dc1da922a34fb6860a0db19dfc97ee')",Upstream input,8.574249565063652e-08,1.4541658575218711e-05,,,"('IPCC 2021', 'climate change', 'GWP 100a, incl. H')","climate change — GWP 100a, incl. H (premise_gwp)",kg CO2-Eq
Generic,Coal gasification with CCS,Fossil feedstock,market for hard coal,AT,"('ecoinvent-3.12-cutoff_remind-SSP1-PkBudg650_2050_04_full', 'a0d571e40ba74907bb7fcfc3bc96e9b5')",Upstream input,2.718169313849393e-08,4.6099299783258585e-06,,,"('IPCC 2021', 'climate change', 'GWP 100a, incl. H')","climate change — GWP 100a, incl. H (premise_gwp)",kg CO2-Eq
Generic,Coal gasification with CCS,Fossil feedstock,market for hard coal,CZ,"('ecoinvent-3.12-cutoff_remind-SSP1-PkBudg650_2050_04_full', '4ad0cba393304ef195ebbf921e07db45')",Upstream input,5.892615591208757e-08,9.993691388633168e-06,,,"('IPCC 2021', 'climate change', 'GWP 100a, incl. H')","climate change — GWP 100a, incl. H (premise_gwp)",kg CO2-Eq
Generic,Coal gasification with CCS,Fossil feedstock,market for hard coal,SE,"('ecoinvent-3.12-cutoff_remind-SSP1-PkBudg650_2050_04_full', '2a697fb10c3d42ddb4a13eb359e7e9fe')",Upstream input,1.9459662550589923e-08,3.3002977887726978e-06,,,"('IPCC 2021', 'climate change', 'GWP 100a, incl. H')","climate change — GWP 100a, incl. H (premise_gwp)",kg CO2-Eq
Generic,Coal gasification with CCS,Fossil feedstock,market for hard coal,IE,"('ecoinvent-3.12-cutoff_remind-SSP1-PkBudg650_2050_04_full', 'b92b9e8ad3844979a15b4b92c92cf146')",Upstream input,1.631522674746837e-08,2.767011330130322e-06,,,"('IPCC 2021', 'climate change', 'GWP 100a, incl. H')","climate change — GWP 100a, incl. H (premise_gwp)",kg CO2-Eq
Generic,Coal gasification with CCS,Fossil feedstock,market for hard coal,EE,"('ecoinvent-3.12-cutoff_remind-SSP1-PkBudg650_2050_04_full', '98b10ecd77444b3a8d91976aaef07588')",Upstream input,3.898398871131264e-11,6.611562323190677e-09,,,"('IPCC 2021', 'climate change', 'GWP 100a, incl. H')","climate change — GWP 100a, incl. H (premise_gwp)",kg CO2-Eq
Generic,Coal gasification with CCS,Fossil feedstock,market for hard coal,LV,"('ecoinvent-3.12-cutoff_remind-SSP1-PkBudg650_2050_04_full', '5bdbe2e35e534ea381876f11ee515563')",Upstream input,2.5441035536616663e-10,4.314719903662371e-08,,,"('IPCC 2021', 'climate change', 'GWP 100a, incl. H')","climate change — GWP 100a, incl. H (premise_gwp)",kg CO2-Eq
Generic,Coal gasification with CCS,Fossil feedstock,market for hard coal,BG,"('ecoinvent-3.12-cutoff_remind-SSP1-PkBudg650_2050_04_full', '53945b28aa8a4680b66f815ed50472a6')",Upstream input,8.834063444663876e-09,1.4982294773358272e-06,,,"('IPCC 2021', 'climate change', 'GWP 100a, incl. H')","climate change — GWP 100a, incl. H (premise_gwp)",kg CO2-Eq
Generic,Coal gasification with CCS,Fossil feedstock,market for hard coal,PT,"('ecoinvent-3.12-cutoff_remind-SSP1-PkBudg650_2050_04_full', 'a7bae5d2f0164f3bbd69f12c54a1ac01')",Upstream input,2.7646336381306407e-11,4.688732016276702e-09,,,"('IPCC 2021', 'climate change', 'GWP 100a, incl. H')","climate change — GWP 100a, incl. H (premise_gwp)",kg CO2-Eq
Generic,Coal gasification with CCS,Fossil feedstock,market for hard coal,NL,"('ecoinvent-3.12-cutoff_remind-SSP1-PkBudg650_2050_04_full', '2978d6563e55427d957b45a645996356')",Upstream input,9.163623877054021e-08,1.5541218939415408e-05,,,"('IPCC 2021', 'climate change', 'GWP 100a, incl. H')","climate change — GWP 100a, incl. H (premise_gwp)",kg CO2-Eq
Generic,Coal gasification with CCS,Fossil feedstock,market for hard coal,GB,"('ecoinvent-3.12-cutoff_remind-SSP1-PkBudg650_2050_04_full', '3e3b2c2ae54c4e2eaf4a7e14ad9e54f3')",Upstream input,6.931474038632598e-08,1.175556276125715e-05,,,"('IPCC 2021', 'climate change', 'GWP 100a, incl. H')","climate change — GWP 100a, incl. H (premise_gwp)",kg CO2-Eq
Generic,Coal gasification with CCS,Fossil feedstock,market for hard coal,ES,"('ecoinvent-3.12-cutoff_remind-SSP1-PkBudg650_2050_04_full', 'd584a79ce0364d2eb929aa16062cdd63')",Upstream input,6.826015390084115e-08,1.1576708198025804e-05,,,"('IPCC 2021', 'climate change', 'GWP 100a, incl. H')","climate change — GWP 100a, incl. H (premise_gwp)",kg CO2-Eq
Generic,Coal gasification with CCS,Fossil feedstock,market for hard coal,SK,"('ecoinvent-3.12-cutoff_remind-SSP1-PkBudg650_2050_04_full', 'ca5af9df10c24ade910fb2258af2df58')",Upstream input,2.963710176580613e-08,5.026359587122245e-06,,,"('IPCC 2021', 'climate change', 'GWP 100a, incl. H')","climate change — GWP 100a, incl. H (premise_gwp)",kg CO2-Eq
Generic,Coal gasification with CCS,Fossil feedstock,market for hard coal,PL,"('ecoinvent-3.12-cutoff_remind-SSP1-PkBudg650_2050_04_full', 'cc24e06b42be4d93be6730e28f75e09c')",Upstream input,6.970717435285539e-07,0.00011822118332229119,,,"('IPCC 2021', 'climate change', 'GWP 100a, incl. H')","climate change — GWP 100a, incl. H (premise_gwp)",kg CO2-Eq
Generic,Coal gasification with CCS,Fossil feedstock,market for hard coal,HR,"('ecoinvent-3.12-cutoff_remind-SSP1-PkBudg650_2050_04_full', '99858cf830aa4370989bf7d099c6b6cd')",Upstream input,8.356386712427689e-09,1.4172170004211406e-06,,,"('IPCC 2021', 'climate change', 'GWP 100a, incl. H')","climate change — GWP 100a, incl. H (premise_gwp)",kg CO2-Eq
Generic,Coal gasification with CCS,Transport services,"market for transport, freight, train",EUR,"('ecoinvent-3.12-cutoff_remind-SSP1-PkBudg650_2050_04_full', 'b45e6c68ddb84d1ba5a1ef63110282ba')",Upstream input,7.340350267709337e-09,1.2449004033013824e-06,,,"('IPCC 2021', 'climate change', 'GWP 100a, incl. H')","climate change — GWP 100a, incl. H (premise_gwp)",kg CO2-Eq
Generic,Coal gasification with CCS,Other raw materials,"methanol production, from coal gasification",CN,"('ecoinvent-3.12-cutoff_remind-SSP1-PkBudg650_2050_04_full', '36f7de9581d640eab90f302044b48024')",Upstream input,1.2551816439386274e-08,2.128748735097234e-06,,,"('IPCC 2021', 'climate change', 'GWP 100a, incl. H')","climate change — GWP 100a, incl. H (premise_gwp)",kg CO2-Eq
Generic,Coal gasification with CCS,Water,"transport, freight, inland waterways, barge, diesel",RER,"('ecoinvent-3.12-cutoff_remind-SSP1-PkBudg650_2050_04_full', '65accb569ab7402d9ed0783570ba6837')",Upstream input,5.4496208519854245e-09,9.242386192823191e-07,,,"('IPCC 2021', 'climate change', 'GWP 100a, incl. H')","climate change — GWP 100a, incl. H (premise_gwp)",kg CO2-Eq
Generic,Coal gasification with CCS,Fossil feedstock,"treatment of hard coal ash, residual material landfill",BE,"('ecoinvent-3.12-cutoff_remind-SSP1-PkBudg650_2050_04_full', '58783f3c42814ab5818f4273b0980078')",Upstream input,1.6101020946307494e-12,2.7306826974998406e-10,,,"('IPCC 2021', 'climate change', 'GWP 100a, incl. H')","climate change — GWP 100a, incl. H (premise_gwp)",kg CO2-Eq
Generic,Coal gasification with CCS,Fossil feedstock,"treatment of hard coal ash, residual material landfill",IT,"('ecoinvent-3.12-cutoff_remind-SSP1-PkBudg650_2050_04_full', '6d1b0d66637b4907910280714b323d66')",Upstream input,2.0897234499564286e-11,3.5441054864687673e-09,,,"('IPCC 2021', 'climate change', 'GWP 100a, incl. H')","climate change — GWP 100a, incl. H (premise_gwp)",kg CO2-Eq
Generic,Coal gasification with CCS,Fossil feedstock,"treatment of hard coal ash, residual material landfill",DE,"('ecoinvent-3.12-cutoff_remind-SSP1-PkBudg650_2050_04_full', 'f3e0c5c73d6f4615a84f491ffcaf1112')",Upstream input,4.5052626042189584e-11,7.640784197510869e-09,,,"('IPCC 2021', 'climate change', 'GWP 100a, incl. H')","climate change — GWP 100a, incl. H (premise_gwp)",kg CO2-Eq
Generic,Coal gasification with CCS,Fossil feedstock,"treatment of hard coal ash, residual material landfill",FR,"('ecoinvent-3.12-cutoff_remind-SSP1-PkBudg650_2050_04_full', '1dd3f98d2e4647439a33618292794a79')",Upstream input,7.590327333834593e-12,1.2872957303751327e-09,,,"('IPCC 2021', 'climate change', 'GWP 100a, incl. H')","climate change — GWP 100a, incl. H (premise_gwp)",kg CO2-Eq
Generic,Coal gasification with CCS,Fossil feedstock,"treatment of hard coal ash, residual material landfill",AT,"('ecoinvent-3.12-cutoff_remind-SSP1-PkBudg650_2050_04_full', '27808455427d47fba451c9f49d6148b5')",Upstream input,1.4471099806868272e-12,2.4542531798563254e-10,,,"('IPCC 2021', 'climate change', 'GWP 100a, incl. H')","climate change — GWP 100a, incl. H (premise_gwp)",kg CO2-Eq
Generic,Coal gasification with CCS,Fossil feedstock,"treatment of hard coal ash, residual material landfill",CZ,"('ecoinvent-3.12-cutoff_remind-SSP1-PkBudg650_2050_04_full', '8c2ba8852edb4d7e8e8dfa3c07351c8d')",Upstream input,6.650522687522429e-11,1.1279078073811488e-08,,,"('IPCC 2021', 'climate change', 'GWP 100a, incl. H')","climate change — GWP 100a, incl. H (premise_gwp)",kg CO2-Eq
Generic,Coal gasification with CCS,Fossil feedstock,"treatment of hard coal ash, residual material landfill",PT,"('ecoinvent-3.12-cutoff_remind-SSP1-PkBudg650_2050_04_full', '49c29cc8572e4399b9589694fbbec48a')",Upstream input,4.857920544474069e-12,8.238881013111505e-10,,,"('IPCC 2021', 'climate change', 'GWP 100a, incl. H')","climate change — GWP 100a, incl. H (premise_gwp)",kg CO2-Eq
Generic,Coal gasification with CCS,Fossil feedstock,"treatment of hard coal ash, residual material landfill",NL,"('ecoinvent-3.12-cutoff_remind-SSP1-PkBudg650_2050_04_full', 'cecefb1df95d46c08435fe6d0b060412')",Upstream input,7.668232775195917e-12,1.3005082491014837e-09,,,"('IPCC 2021', 'climate change', 'GWP 100a, incl. H')","climate change — GWP 100a, incl. H (premise_gwp)",kg CO2-Eq
Generic,Coal gasification with CCS,Fossil feedstock,"treatment of hard coal ash, residual material landfill",ES,"('ecoinvent-3.12-cutoff_remind-SSP1-PkBudg650_2050_04_full', 'ae319a3e8a52445a97dfd6068775a21f')",Upstream input,5.132519070693187e-10,8.704591508617359e-08,,,"('IPCC 2021', 'climate change', 'GWP 100a, incl. H')","climate change — GWP 100a, incl. H (premise_gwp)",kg CO2-Eq
Generic,Coal gasification with CCS,Fossil feedstock,"treatment of hard coal ash, residual material landfill",SK,"('ecoinvent-3.12-cutoff_remind-SSP1-PkBudg650_2050_04_full', '575be8dc4e1f4e39bd938cf4095f60e4')",Upstream input,1.130342039530657e-11,1.9170246780598766e-09,,,"('IPCC 2021', 'climate change', 'GWP 100a, incl. H')","climate change — GWP 100a, incl. H (premise_gwp)",kg CO2-Eq
Generic,Coal gasification with CCS,Fossil feedstock,"treatment of hard coal ash, residual material landfill",PL,"('ecoinvent-3.12-cutoff_remind-SSP1-PkBudg650_2050_04_full', '38ab4dfee94d48a3a2aacae6712936ae')",Upstream input,9.54861311419877e-10,1.6194148621390589e-07,,,"('IPCC 2021', 'climate change', 'GWP 100a, incl. H')","climate change — GWP 100a, incl. H (premise_gwp)",kg CO2-Eq
Generic,Coal gasification with CCS,Fossil feedstock,"treatment of hard coal ash, residual material landfill",HR,"('ecoinvent-3.12-cutoff_remind-SSP1-PkBudg650_2050_04_full', '9674a8eac898427989f9a803bc3039d1')",Upstream input,1.0789705702676112e-11,1.8299002759927428e-09,,,"('IPCC 2021', 'climate change', 'GWP 100a, incl. H')","climate change — GWP 100a, incl. H (premise_gwp)",kg CO2-Eq
Generic,Coal gasification with CCS,Waste treatment,"treatment of waste gypsum, inert material landfill",Europe without Switzerland,"('ecoinvent-3.12-cutoff_remind-SSP1-PkBudg650_2050_04_full', 'fb1f9abf63a149e68b084549a51e0345')",Upstream input,7.039397445421946e-10,1.1938597477228061e-07,,,"('IPCC 2021', 'climate change', 'GWP 100a, incl. H')","climate change — GWP 100a, incl. H (premise_gwp)",kg CO2-Eq
Generic,Coal gasification with CCS,Water,"treatment of wastewater, average, wastewater treatment",Europe without Switzerland,"('ecoinvent-3.12-cutoff_remind-SSP1-PkBudg650_2050_04_full', 'db7e3c0fc9d3451395736c9985715bb8')",Upstream input,8.900355757051333e-09,1.5094724457797133e-06,,,"('IPCC 2021', 'climate change', 'GWP 100a, incl. H')","climate change — GWP 100a, incl. H (premise_gwp)",kg CO2-Eq
Generic,Coal gasification with CCS,CO2 capture and storage,"carbon dioxide, captured at hydrogen production plant, pre, pipeline 200km, storage 1000m",RER,"('ecoinvent-3.12-cutoff_remind-SSP1-PkBudg650_2050_04_full', 'f35934f4c5ec445c8e063cf6d8b1795b')",Upstream input,6.238490650069396e-08,1.0580284649940665e-05,,,"('IPCC 2021', 'climate change', 'GWP 100a, incl. H')","climate change — GWP 100a, incl. H (premise_gwp)",kg CO2-Eq
Generic,Coal gasification with CCS,Water,"water production, deionised",Europe without Switzerland,"('ecoinvent-3.12-cutoff_remind-SSP1-PkBudg650_2050_04_full', 'd8ec6354f9a7473da79499703b97a362')",Upstream input,1.3673158513073783e-09,2.3189248368989833e-07,,,"('IPCC 2021', 'climate change', 'GWP 100a, incl. H')","climate change — GWP 100a, incl. H (premise_gwp)",kg CO2-Eq
Generic,Coal gasification with CCS,Other raw materials,"market for nitrogen, liquid",RER,"('ecoinvent-3.12-cutoff_remind-SSP1-PkBudg650_2050_04_full', '33f71c3c6dae4e40bc89e0d449024a5a')",Upstream input,6.82816230663266e-11,1.1580349301215246e-08,,,"('IPCC 2021', 'climate change', 'GWP 100a, incl. H')","climate change — GWP 100a, incl. H (premise_gwp)",kg CO2-Eq
Generic,Coal gasification with CCS,Other raw materials,"market for ammonia, anhydrous, liquid",RER,"('ecoinvent-3.12-cutoff_remind-SSP1-PkBudg650_2050_04_full', 'f182f94f3ddb4531a1841fcf43b8a2a9')",Upstream input,1.9808596202437832e-11,3.359475842689523e-09,,,"('IPCC 2021', 'climate change', 'GWP 100a, incl. H')","climate change — GWP 100a, incl. H (premise_gwp)",kg CO2-Eq
Generic,Coal gasification with CCS,Electricity,"market group for electricity, medium voltage",EUR,"('ecoinvent-3.12-cutoff_remind-SSP1-PkBudg650_2050_04_full', '1f68882440364dbcaec11614acdb8a39')",Upstream input,8.878232931343906e-08,1.5057204838649672e-05,,,"('IPCC 2021', 'climate change', 'GWP 100a, incl. H')","climate change — GWP 100a, incl. H (premise_gwp)",kg CO2-Eq
Generic,Coal gasification with CCS,Other raw materials,"market for aluminium oxide, metallurgical","IAI Area, Western and Central Europe","('ecoinvent-3.12-cutoff_remind-SSP1-PkBudg650_2050_04_full', '25a7ad1d1ee14c438339ef0f94f9d6ca')",Upstream input,5.751182822234855e-10,9.753825844463997e-08,,,"('IPCC 2021', 'climate change', 'GWP 100a, incl. H')","climate change — GWP 100a, incl. H (premise_gwp)",kg CO2-Eq
Generic,Coal gasification with CCS,Ammonia leakage,Ammonia,biosphere,"('biosphere-3.12', '0f440cc0-0f74-446d-99d6-8ff0e97a2444')",Ammonia leakage,0.0,0.0,7.580944643323931e-09,kilogram,"('IPCC 2021', 'climate change', 'GWP 100a, incl. H')","climate change — GWP 100a, incl. H (premise_gwp)",kg CO2-Eq
Generic,Coal gasification with CCS,Other direct emissions,"Carbon dioxide, fossil",biosphere,"('biosphere-3.12', 'aa7cac3a-3625-41d4-bc54-33e2cf11ec46')",Other direct emissions,2.7143599172416695e-06,0.00046034693610523867,2.7143599172416695e-06,kilogram,"('IPCC 2021', 'climate change', 'GWP 100a, incl. H')","climate change — GWP 100a, incl. H (premise_gwp)",kg CO2-Eq
Generic,Coal gasification with CCS,Other direct emissions,Hydrochloric acid,biosphere,"('biosphere-3.12', '68e32537-beae-41c2-be72-74df4d273c11')",Other direct emissions,0.0,0.0,1.1355655790744011e-08,kilogram,"('IPCC 2021', 'climate change', 'GWP 100a, incl. H')","climate change — GWP 100a, incl. H (premise_gwp)",kg CO2-Eq
Generic,Coal gasification with CCS,Other direct emissions,"Water, cooling, unspecified natural origin",biosphere,"('biosphere-3.12', 'fc1c42ce-a759-49fa-b987-f1ec5e503db1')",Other direct emissions,0.0,0.0,3.502400032633441e-08,cubic meter,"('IPCC 2021', 'climate change', 'GWP 100a, incl. H')","climate change — GWP 100a, incl. H (premise_gwp)",kg CO2-Eq
Generic,Steam methane reforming with CCS,CO2 capture and storage,"carbon dioxide, captured at hydrogen production plant, pre, pipeline 200km, storage 1000m",RER,"('ecoinvent-3.12-cutoff_remind-SSP1-PkBudg650_2050_04_full', 'f35934f4c5ec445c8e063cf6d8b1795b')",Upstream input,0.0001058008596168653,0.017943494247961968,,,"('IPCC 2021', 'climate change', 'GWP 100a, incl. H')","climate change — GWP 100a, incl. H (premise_gwp)",kg CO2-Eq
Generic,Steam methane reforming with CCS,Infrastructure,"chemical factory construction, organics",RER,"('ecoinvent-3.12-cutoff_remind-SSP1-PkBudg650_2050_04_full', '8e7d31369cdb4b2688a5e8bf919310c0')",Upstream input,8.966657854271263e-05,0.015207170737005244,,,"('IPCC 2021', 'climate change', 'GWP 100a, incl. H')","climate change — GWP 100a, incl. H (premise_gwp)",kg CO2-Eq
Generic,Steam methane reforming with CCS,Other raw materials,"market for chromium trioxide, flakes",GLO,"('ecoinvent-3.12-cutoff_remind-SSP1-PkBudg650_2050_04_full', 'a06e068f68e041e2ac0c80fc5e0557f8')",Upstream input,4.150154327246085e-07,7.03853168762193e-05,,,"('IPCC 2021', 'climate change', 'GWP 100a, incl. H')","climate change — GWP 100a, incl. H (premise_gwp)",kg CO2-Eq
Generic,Steam methane reforming with CCS,Other raw materials,market for copper oxide,GLO,"('ecoinvent-3.12-cutoff_remind-SSP1-PkBudg650_2050_04_full', '9b2b7bfc24cd49bfadec1024e3fb0230')",Upstream input,2.2118844104024604e-06,0.0003751286647286053,,,"('IPCC 2021', 'climate change', 'GWP 100a, incl. H')","climate change — GWP 100a, incl. H (premise_gwp)",kg CO2-Eq
Generic,Steam methane reforming with CCS,Other raw materials,market for diethanolamine,GLO,"('ecoinvent-3.12-cutoff_remind-SSP1-PkBudg650_2050_04_full', '4a5e3b6e092f4a8d876ebe45937da2dc')",Upstream input,1.6791778670279515e-06,0.0002847833042891282,,,"('IPCC 2021', 'climate change', 'GWP 100a, incl. H')","climate change — GWP 100a, incl. H (premise_gwp)",kg CO2-Eq
Generic,Steam methane reforming with CCS,Infrastructure,"market for liquid storage tank, chemicals, organics",GLO,"('ecoinvent-3.12-cutoff_remind-SSP1-PkBudg650_2050_04_full', '65328045d6934aea9218657932fe4f18')",Upstream input,1.0098355686217603e-05,0.0017126494796516306,,,"('IPCC 2021', 'climate change', 'GWP 100a, incl. H')","climate change — GWP 100a, incl. H (premise_gwp)",kg CO2-Eq
Generic,Steam methane reforming with CCS,Other raw materials,market for magnesium oxide,GLO,"('ecoinvent-3.12-cutoff_remind-SSP1-PkBudg650_2050_04_full', '3fc57c117f4c4a6abe4afab728b57ef3')",Upstream input,1.622152568695035e-07,2.7511199238929664e-05,,,"('IPCC 2021', 'climate change', 'GWP 100a, incl. H')","climate change — GWP 100a, incl. H (premise_gwp)",kg CO2-Eq
Generic,Steam methane reforming with CCS,Other raw materials,market for molybdenum trioxide,GLO,"('ecoinvent-3.12-cutoff_remind-SSP1-PkBudg650_2050_04_full', '5de4e1a7764f410b8a69af4bfab86f57')",Upstream input,1.5856748479599675e-07,2.689254852611059e-05,,,"('IPCC 2021', 'climate change', 'GWP 100a, incl. H')","climate change — GWP 100a, incl. H (premise_gwp)",kg CO2-Eq
Generic,Steam methane reforming with CCS,Other raw materials,market for portafer,GLO,"('ecoinvent-3.12-cutoff_remind-SSP1-PkBudg650_2050_04_full', '58b064c0cce34a9bba324f6605d30448')",Upstream input,8.751136125318452e-08,1.4841652638401901e-05,,,"('IPCC 2021', 'climate change', 'GWP 100a, incl. H')","climate change — GWP 100a, incl. H (premise_gwp)",kg CO2-Eq
Generic,Steam methane reforming with CCS,Other raw materials,"market for quicklime, milled, packed",RER,"('ecoinvent-3.12-cutoff_remind-SSP1-PkBudg650_2050_04_full', '62e91632f4e8492eaaa9cbe5152aea01')",Upstream input,2.592427315696766e-07,4.396675489775442e-05,,,"('IPCC 2021', 'climate change', 'GWP 100a, incl. H')","climate change — GWP 100a, incl. H (premise_gwp)",kg CO2-Eq
Generic,Steam methane reforming with CCS,Water,"market for water, deionised",Europe without Switzerland,"('ecoinvent-3.12-cutoff_remind-SSP1-PkBudg650_2050_04_full', 'a3b3af9d63ee4c50a4506512784991e4')",Upstream input,2.489761063063154e-06,0.00042225567425117504,,,"('IPCC 2021', 'climate change', 'GWP 100a, incl. H')","climate change — GWP 100a, incl. H (premise_gwp)",kg CO2-Eq
Generic,Steam methane reforming with CCS,Other raw materials,"market for zeolite, powder",GLO,"('ecoinvent-3.12-cutoff_remind-SSP1-PkBudg650_2050_04_full', 'aa37275a67b943c1b3c9804c7b3cf087')",Upstream input,2.0420173953555087e-05,0.003463197512807264,,,"('IPCC 2021', 'climate change', 'GWP 100a, incl. H')","climate change — GWP 100a, incl. H (premise_gwp)",kg CO2-Eq
Generic,Steam methane reforming with CCS,Other raw materials,market for zinc oxide,GLO,"('ecoinvent-3.12-cutoff_remind-SSP1-PkBudg650_2050_04_full', 'd8f30b36acca41f8abdc5c246e360c64')",Upstream input,2.4155801521103704e-07,4.09674824210731e-05,,,"('IPCC 2021', 'climate change', 'GWP 100a, incl. H')","climate change — GWP 100a, incl. H (premise_gwp)",kg CO2-Eq
Generic,Steam methane reforming with CCS,Fossil feedstock,"market for natural gas, high pressure",EUR,"('ecoinvent-3.12-cutoff_remind-SSP1-PkBudg650_2050_04_full', 'f7d9451c5108493ebaa4f2c4b038d2e9')",Upstream input,5.73791287806976e-05,0.009731320434993843,,,"('IPCC 2021', 'climate change', 'GWP 100a, incl. H')","climate change — GWP 100a, incl. H (premise_gwp)",kg CO2-Eq
Generic,Steam methane reforming with CCS,Fossil feedstock,"market for natural gas, high pressure",EUR,"('ecoinvent-3.12-cutoff_remind-SSP1-PkBudg650_2050_04_full', 'f7d9451c5108493ebaa4f2c4b038d2e9')",Upstream input,6.2027504792477815e-06,0.0010519670440199728,,,"('IPCC 2021', 'climate change', 'GWP 100a, incl. H')","climate change — GWP 100a, incl. H (premise_gwp)",kg CO2-Eq
Generic,Steam methane reforming with CCS,Fossil feedstock,"market for natural gas, high pressure",EUR,"('ecoinvent-3.12-cutoff_remind-SSP1-PkBudg650_2050_04_full', 'f7d9451c5108493ebaa4f2c4b038d2e9')",Upstream input,0.000240158935977091,0.04073020296722307,,,"('IPCC 2021', 'climate change', 'GWP 100a, incl. H')","climate change — GWP 100a, incl. H (premise_gwp)",kg CO2-Eq
Generic,Steam methane reforming with CCS,Fossil feedstock,"market for natural gas, high pressure",EUR,"('ecoinvent-3.12-cutoff_remind-SSP1-PkBudg650_2050_04_full', 'f7d9451c5108493ebaa4f2c4b038d2e9')",Upstream input,3.307520973343577e-05,0.005609451924598874,,,"('IPCC 2021', 'climate change', 'GWP 100a, incl. H')","climate change — GWP 100a, incl. H (premise_gwp)",kg CO2-Eq
Generic,Steam methane reforming with CCS,Fossil feedstock,"market for natural gas, high pressure",EUR,"('ecoinvent-3.12-cutoff_remind-SSP1-PkBudg650_2050_04_full', 'f7d9451c5108493ebaa4f2c4b038d2e9')",Upstream input,0.00029658608987747666,0.05030007144567384,,,"('IPCC 2021', 'climate change', 'GWP 100a, incl. H')","climate change — GWP 100a, incl. H (premise_gwp)",kg CO2-Eq
Generic,Steam methane reforming with CCS,Fossil feedstock,"market for natural gas, high pressure",EUR,"('ecoinvent-3.12-cutoff_remind-SSP1-PkBudg650_2050_04_full', 'f7d9451c5108493ebaa4f2c4b038d2e9')",Upstream input,8.70921956056363e-06,0.0014770563458096925,,,"('IPCC 2021', 'climate change', 'GWP 100a, incl. H')","climate change — GWP 100a, incl. H (premise_gwp)",kg CO2-Eq
Generic,Steam methane reforming with CCS,Fossil feedstock,"market for natural gas, high pressure",EUR,"('ecoinvent-3.12-cutoff_remind-SSP1-PkBudg650_2050_04_full', 'f7d9451c5108493ebaa4f2c4b038d2e9')",Upstream input,0.00012829228112976553,0.021757968856265443,,,"('IPCC 2021', 'climate change', 'GWP 100a, incl. H')","climate change — GWP 100a, incl. H (premise_gwp)",kg CO2-Eq
Generic,Steam methane reforming with CCS,Fossil feedstock,"market for natural gas, high pressure",EUR,"('ecoinvent-3.12-cutoff_remind-SSP1-PkBudg650_2050_04_full', 'f7d9451c5108493ebaa4f2c4b038d2e9')",Upstream input,2.730419696035843e-05,0.004630706242629751,,,"('IPCC 2021', 'climate change', 'GWP 100a, incl. H')","climate change — GWP 100a, incl. H (premise_gwp)",kg CO2-Eq
Generic,Steam methane reforming with CCS,Fossil feedstock,"market for natural gas, high pressure",EUR,"('ecoinvent-3.12-cutoff_remind-SSP1-PkBudg650_2050_04_full', 'f7d9451c5108493ebaa4f2c4b038d2e9')",Upstream input,2.6585223541834132e-05,0.004508770603860406,,,"('IPCC 2021', 'climate change', 'GWP 100a, incl. H')","climate change — GWP 100a, incl. H (premise_gwp)",kg CO2-Eq
Generic,Steam methane reforming with CCS,Fossil feedstock,"market for natural gas, high pressure",EUR,"('ecoinvent-3.12-cutoff_remind-SSP1-PkBudg650_2050_04_full', 'f7d9451c5108493ebaa4f2c4b038d2e9')",Upstream input,3.0603784767687644e-06,0.0005190305994993383,,,"('IPCC 2021', 'climate change', 'GWP 100a, incl. H')","climate change — GWP 100a, incl. H (premise_gwp)",kg CO2-Eq
Generic,Steam methane reforming with CCS,Fossil feedstock,"market for natural gas, high pressure",EUR,"('ecoinvent-3.12-cutoff_remind-SSP1-PkBudg650_2050_04_full', 'f7d9451c5108493ebaa4f2c4b038d2e9')",Upstream input,1.8953849056785884e-05,0.003214513405266918,,,"('IPCC 2021', 'climate change', 'GWP 100a, incl. H')","climate change — GWP 100a, incl. H (premise_gwp)",kg CO2-Eq
Generic,Steam methane reforming with CCS,Fossil feedstock,"market for natural gas, high pressure",EUR,"('ecoinvent-3.12-cutoff_remind-SSP1-PkBudg650_2050_04_full', 'f7d9451c5108493ebaa4f2c4b038d2e9')",Upstream input,0.00012194619196253353,0.020681692019936887,,,"('IPCC 2021', 'climate change', 'GWP 100a, incl. H')","climate change — GWP 100a, incl. H (premise_gwp)",kg CO2-Eq
Generic,Steam methane reforming with CCS,Fossil feedstock,"market for natural gas, high pressure",EUR,"('ecoinvent-3.12-cutoff_remind-SSP1-PkBudg650_2050_04_full', 'f7d9451c5108493ebaa4f2c4b038d2e9')",Upstream input,0.00024712281994355057,0.04191125586554681,,,"('IPCC 2021', 'climate change', 'GWP 100a, incl. H')","climate change — GWP 100a, incl. H (premise_gwp)",kg CO2-Eq
Generic,Steam methane reforming with CCS,Fossil feedstock,"market for natural gas, high pressure",EUR,"('ecoinvent-3.12-cutoff_remind-SSP1-PkBudg650_2050_04_full', 'f7d9451c5108493ebaa4f2c4b038d2e9')",Upstream input,0.00011282747740579907,0.019135186605991374,,,"('IPCC 2021', 'climate change', 'GWP 100a, incl. H')","climate change — GWP 100a, incl. H (premise_gwp)",kg CO2-Eq
Generic,Steam methane reforming with CCS,Fossil feedstock,"market for natural gas, high pressure",EUR,"('ecoinvent-3.12-cutoff_remind-SSP1-PkBudg650_2050_04_full', 'f7d9451c5108493ebaa4f2c4b038d2e9')",Upstream input,1.6631532675122284e-05,0.0028206558242677734,,,"('IPCC 2021', 'climate change', 'GWP 100a, incl. H')","climate change — GWP 100a, incl. H (premise_gwp)",kg CO2-Eq
Generic,Steam methane reforming with CCS,Fossil feedstock,"market for natural gas, high pressure",EUR,"('ecoinvent-3.12-cutoff_remind-SSP1-PkBudg650_2050_04_full', 'f7d9451c5108493ebaa4f2c4b038d2e9')",Upstream input,7.830425061472896e-05,0.013280155525999031,,,"('IPCC 2021', 'climate change', 'GWP 100a, incl. H')","climate change — GWP 100a, incl. H (premise_gwp)",kg CO2-Eq
Generic,Steam methane reforming with CCS,Fossil feedstock,"market for natural gas, high pressure",EUR,"('ecoinvent-3.12-cutoff_remind-SSP1-PkBudg650_2050_04_full', 'f7d9451c5108493ebaa4f2c4b038d2e9')",Upstream input,5.422484833276123e-05,0.009196364355440566,,,"('IPCC 2021', 'climate change', 'GWP 100a, incl. H')","climate change — GWP 100a, incl. H (premise_gwp)",kg CO2-Eq
Generic,Steam methane reforming with CCS,Fossil feedstock,"market for natural gas, high pressure",EUR,"('ecoinvent-3.12-cutoff_remind-SSP1-PkBudg650_2050_04_full', 'f7d9451c5108493ebaa4f2c4b038d2e9')",Upstream input,3.714419642304576e-05,0.006299539316369103,,,"('IPCC 2021', 'climate change', 'GWP 100a, incl. H')","climate change — GWP 100a, incl. H (premise_gwp)",kg CO2-Eq
Generic,Steam methane reforming with CCS,Fossil feedstock,"market for natural gas, high pressure",EUR,"('ecoinvent-3.12-cutoff_remind-SSP1-PkBudg650_2050_04_full', 'f7d9451c5108493ebaa4f2c4b038d2e9')",Upstream input,1.826493127659798e-05,0.0030976751085755186,,,"('IPCC 2021', 'climate change', 'GWP 100a, incl. H')","climate change — GWP 100a, incl. H (premise_gwp)",kg CO2-Eq
Generic,Steam methane reforming with CCS,Electricity,"market group for electricity, high voltage",EUR,"('ecoinvent-3.12-cutoff_remind-SSP1-PkBudg650_2050_04_full', '61c3646bc8dc47bd8fc76509336203f1')",Upstream input,1.383477880829659e-06,0.0002346335132507036,,,"('IPCC 2021', 'climate change', 'GWP 100a, incl. H')","climate change — GWP 100a, incl. H (premise_gwp)",kg CO2-Eq
Generic,Steam methane reforming with CCS,Other raw materials,"market for nickel, class 1",World,"('ecoinvent-3.12-cutoff_remind-SSP1-PkBudg650_2050_04_full', '3efc33e8-c787-433d-a8f2-1a436588105b')",Upstream input,1.350027850491089e-05,0.0022896049292603126,,,"('IPCC 2021', 'climate change', 'GWP 100a, incl. H')","climate change — GWP 100a, incl. H (premise_gwp)",kg CO2-Eq
Generic,Steam methane reforming with CCS,Other raw materials,market for silica sand,World,"('ecoinvent-3.12-cutoff_remind-SSP1-PkBudg650_2050_04_full', 'dc5c95fd-5eb1-48a3-bf64-67df861ea0c3')",Upstream input,1.1666900840813476e-09,1.978669822596681e-07,,,"('IPCC 2021', 'climate change', 'GWP 100a, incl. H')","climate change — GWP 100a, incl. H (premise_gwp)",kg CO2-Eq
Generic,Steam methane reforming with CCS,Other raw materials,"market for aluminium oxide, metallurgical","IAI Area, Western and Central Europe","('ecoinvent-3.12-cutoff_remind-SSP1-PkBudg650_2050_04_full', '25a7ad1d1ee14c438339ef0f94f9d6ca')",Upstream input,1.3158026629437149e-06,0.00022315600836781853,,,"('IPCC 2021', 'climate change', 'GWP 100a, incl. H')","climate change — GWP 100a, incl. H (premise_gwp)",kg CO2-Eq
Generic,Steam methane reforming with CCS,Other direct emissions,Acetaldehyde,biosphere,"('biosphere-3.12', 'e3e8f6a2-c45e-4685-9859-698b2eadaf5b')",Other direct emissions,0.0,0.0,1.2913371686216528e-10,kilogram,"('IPCC 2021', 'climate change', 'GWP 100a, incl. H')","climate change — GWP 100a, incl. H (premise_gwp)",kg CO2-Eq
Generic,Steam methane reforming with CCS,Other direct emissions,Acetic acid,biosphere,"('biosphere-3.12', 'd157416d-db9b-4f88-a7f3-a9a5f1ea88f2')",Other direct emissions,0.0,0.0,1.9370056841972463e-08,kilogram,"('IPCC 2021', 'climate change', 'GWP 100a, incl. H')","climate change — GWP 100a, incl. H (premise_gwp)",kg CO2-Eq
Generic,Steam methane reforming with CCS,Other direct emissions,Benzene,biosphere,"('biosphere-3.12', '28999907-a8a7-45b3-857e-836495ca2aa0')",Other direct emissions,0.0,0.0,5.1654712457725655e-08,kilogram,"('IPCC 2021', 'climate change', 'GWP 100a, incl. H')","climate change — GWP 100a, incl. H (premise_gwp)",kg CO2-Eq
Generic,Steam methane reforming with CCS,Other direct emissions,Benzo(a)pyrene,biosphere,"('biosphere-3.12', '5e13c2ab-5466-4ff5-816d-702dfdf25f76')",Other direct emissions,0.0,0.0,1.2913371072509091e-12,kilogram,"('IPCC 2021', 'climate change', 'GWP 100a, incl. H')","climate change — GWP 100a, incl. H (premise_gwp)",kg CO2-Eq
Generic,Steam methane reforming with CCS,Other direct emissions,Butane,biosphere,"('biosphere-3.12', '982b0510-96ac-4bcb-a758-e98006b95f4d')",Other direct emissions,5.423763221248181e-10,9.198532461380946e-08,9.039605368746968e-08,kilogram,"('IPCC 2021', 'climate change', 'GWP 100a, incl. H')","climate change — GWP 100a, incl. H (premise_gwp)",kg CO2-Eq
Generic,Steam methane reforming with CCS,Other direct emissions,"Carbon dioxide, fossil",biosphere,"('biosphere-3.12', '349b29d1-3e58-4c66-98b9-9d1a076efd2e')",Other direct emissions,0.0,0.0,0.0,kilogram,"('IPCC 2021', 'climate change', 'GWP 100a, incl. H')","climate change — GWP 100a, incl. H (premise_gwp)",kg CO2-Eq
Generic,Steam methane reforming with CCS,Other direct emissions,"Carbon monoxide, fossil",biosphere,"('biosphere-3.12', 'ba2f3f82-c93a-47a5-822a-37ec97495275')",Other direct emissions,1.1016648459752899e-06,0.00018683890564333776,2.7118571434996304e-07,kilogram,"('IPCC 2021', 'climate change', 'GWP 100a, incl. H')","climate change — GWP 100a, incl. H (premise_gwp)",kg CO2-Eq
Generic,Steam methane reforming with CCS,Other direct emissions,Dinitrogen monoxide,biosphere,"('biosphere-3.12', '20185046-64bb-4c09-a8e7-e8a9e144ca98')",Other direct emissions,3.525350345238988e-06,0.0005978883713319372,1.2913371227981641e-08,kilogram,"('IPCC 2021', 'climate change', 'GWP 100a, incl. H')","climate change — GWP 100a, incl. H (premise_gwp)",kg CO2-Eq
Generic,Steam methane reforming with CCS,Other direct emissions,Formaldehyde,biosphere,"('biosphere-3.12', 'a861cfae-a310-4e9d-b9eb-5d555c9a684c')",Other direct emissions,0.0,0.0,1.2913371227981641e-08,kilogram,"('IPCC 2021', 'climate change', 'GWP 100a, incl. H')","climate change — GWP 100a, incl. H (premise_gwp)",kg CO2-Eq
Generic,Steam methane reforming with CCS,Other direct emissions,Mercury II,biosphere,"('biosphere-3.12', '71234253-b3a7-4dfe-b166-a484ad15bee7')",Other direct emissions,0.0,0.0,3.874134063240211e-12,kilogram,"('IPCC 2021', 'climate change', 'GWP 100a, incl. H')","climate change — GWP 100a, incl. H (premise_gwp)",kg CO2-Eq
Generic,Steam methane reforming with CCS,Other direct emissions,"Methane, fossil",biosphere,"('biosphere-3.12', '0795345f-c7ae-410c-ad25-1845784c75f5')",Other direct emissions,7.696734810826451e-06,0.001305342105028966,2.582796916384715e-07,kilogram,"('IPCC 2021', 'climate change', 'GWP 100a, incl. H')","climate change — GWP 100a, incl. H (premise_gwp)",kg CO2-Eq
Generic,Steam methane reforming with CCS,Other direct emissions,Nitrogen oxides,biosphere,"('biosphere-3.12', 'c1b91234-6f24-417b-8309-46111d09c457')",Other direct emissions,0.0,0.0,2.311549883398863e-06,kilogram,"('IPCC 2021', 'climate change', 'GWP 100a, incl. H')","climate change — GWP 100a, incl. H (premise_gwp)",kg CO2-Eq
Generic,Steam methane reforming with CCS,Other direct emissions,"PAH, polycyclic aromatic hydrocarbons",biosphere,"('biosphere-3.12', '3e5d7d91-67d7-4afb-91dd-36fab58e4685')",Other direct emissions,0.0,0.0,1.2913372013527161e-09,kilogram,"('IPCC 2021', 'climate change', 'GWP 100a, incl. H')","climate change — GWP 100a, incl. H (premise_gwp)",kg CO2-Eq
Generic,Steam methane reforming with CCS,Other direct emissions,"Particulate Matter, < 2.5 um",biosphere,"('biosphere-3.12', '21e46cb8-6233-4c99-bac3-c41d2ab99498')",Other direct emissions,0.0,0.0,2.5827970001762376e-08,kilogram,"('IPCC 2021', 'climate change', 'GWP 100a, incl. H')","climate change — GWP 100a, incl. H (premise_gwp)",kg CO2-Eq
Generic,Steam methane reforming with CCS,Other direct emissions,Pentane,biosphere,"('biosphere-3.12', '516606eb-99f6-4e8c-b99a-6b439aaed48c')",Other direct emissions,0.0,0.0,1.5497027510217243e-07,kilogram,"('IPCC 2021', 'climate change', 'GWP 100a, incl. H')","climate change — GWP 100a, incl. H (premise_gwp)",kg CO2-Eq
Generic,Steam methane reforming with CCS,Other direct emissions,Propane,biosphere,"('biosphere-3.12', '3a6c936c-0276-4f11-9d98-1bd011387a6e')",Other direct emissions,5.165594000352475e-10,8.76068555286637e-08,2.5827970001762376e-08,kilogram,"('IPCC 2021', 'climate change', 'GWP 100a, incl. H')","climate change — GWP 100a, incl. H (premise_gwp)",kg CO2-Eq
Generic,Steam methane reforming with CCS,Other direct emissions,Propionic acid,biosphere,"('biosphere-3.12', 'a1ecc854-a399-4b01-bae2-3a88b12ed44f')",Other direct emissions,0.0,0.0,2.5827969478065363e-09,kilogram,"('IPCC 2021', 'climate change', 'GWP 100a, incl. H')","climate change — GWP 100a, incl. H (premise_gwp)",kg CO2-Eq
Generic,Steam methane reforming with CCS,Other direct emissions,Sulfur dioxide,biosphere,"('biosphere-3.12', 'fd7aa71c-508c-480d-81a6-8052aad92646')",Other direct emissions,0.0,0.0,4.484664290613899e-08,kilogram,"('IPCC 2021', 'climate change', 'GWP 100a, incl. H')","climate change — GWP 100a, incl. H (premise_gwp)",kg CO2-Eq
Generic,Steam methane reforming with CCS,Other direct emissions,Toluene,biosphere,"('biosphere-3.12', '3b1ecf8e-1d2c-4330-81da-a79f9068976d')",Other direct emissions,0.0,0.0,2.5827970001762376e-08,kilogram,"('IPCC 2021', 'climate change', 'GWP 100a, incl. H')","climate change — GWP 100a, incl. H (premise_gwp)",kg CO2-Eq
Generic,Steam methane reforming with CCS,Other direct emissions,"Water, cooling, unspecified natural origin",biosphere,"('biosphere-3.12', 'fc1c42ce-a759-49fa-b987-f1ec5e503db1')",Other direct emissions,0.0,0.0,0.0017522171643066435,cubic meter,"('IPCC 2021', 'climate change', 'GWP 100a, incl. H')","climate change — GWP 100a, incl. H (premise_gwp)",kg CO2-Eq
Generic,Steam methane reforming with CCS,Other direct emissions,Water,biosphere,"('biosphere-3.12', '2404b41a-2eed-4e9d-8ab6-783946fdf5d6')",Other direct emissions,0.0,0.0,0.0017016485919131908,cubic meter,"('IPCC 2021', 'climate change', 'GWP 100a, incl. H')","climate change — GWP 100a, incl. H (premise_gwp)",kg CO2-Eq
Generic,Steam methane reforming with CCS,Other direct emissions,Water,biosphere,"('biosphere-3.12', '075e433b-4be4-448e-9510-9a5029c1ce94')",Other direct emissions,0.0,0.0,5.056858955395645e-05,cubic meter,"('IPCC 2021', 'climate change', 'GWP 100a, incl. H')","climate change — GWP 100a, incl. H (premise_gwp)",kg CO2-Eq
Generic,Steam methane reforming with CCS,Other direct emissions,"Carbon dioxide, non-fossil",biosphere,"('biosphere-3.12', 'eba59fd6-f37e-41dc-9ca3-c7ea22d602c7')",Other direct emissions,0.0,0.0,0.04424371702184054,kilogram,"('IPCC 2021', 'climate change', 'GWP 100a, incl. H')","climate change — GWP 100a, incl. H (premise_gwp)",kg CO2-Eq
Transport,PEM electrolysis,Infrastructure,"electrolyzer production, 1MWe, PEM, Stack",RER,"('ecoinvent-3.12-cutoff_remind-SSP1-PkBudg650_2050_04_full', '4b10c19428e14b8f8d007e30ec00b854')",Upstream input,0.01734082487938773,2.8063609261112212,,,"('IPCC 2021', 'climate change', 'GWP 100a, incl. H')","climate change — GWP 100a, incl. H (premise_gwp)",kg CO2-Eq
Transport,PEM electrolysis,Infrastructure,"electrolyzer production, 1MWe, PEM, Balance of Plant",RER,"('ecoinvent-3.12-cutoff_remind-SSP1-PkBudg650_2050_04_full', 'd3ccbd883a7f4693af1ca38b327f11a1')",Upstream input,0.0034535790828300623,0.5589116700445868,,,"('IPCC 2021', 'climate change', 'GWP 100a, incl. H')","climate change — GWP 100a, incl. H (premise_gwp)",kg CO2-Eq
Transport,PEM electrolysis,Waste treatment,"treatment of electrolyzer stack, 1MWe, PEM",RER,"('ecoinvent-3.12-cutoff_remind-SSP1-PkBudg650_2050_04_full', '13e729a7f3fc4f6182834436182fefe6')",Upstream input,4.765249443555027e-05,0.007711864882195985,,,"('IPCC 2021', 'climate change', 'GWP 100a, incl. H')","climate change — GWP 100a, incl. H (premise_gwp)",kg CO2-Eq
Transport,PEM electrolysis,Waste treatment,"treatment of electrolyzer balance of plant, 1MWe, PEM",RER,"('ecoinvent-3.12-cutoff_remind-SSP1-PkBudg650_2050_04_full', '4f96e300894a475a8c1971ce79fbca2c')",Upstream input,0.0004336724366286783,0.07018359215038326,,,"('IPCC 2021', 'climate change', 'GWP 100a, incl. H')","climate change — GWP 100a, incl. H (premise_gwp)",kg CO2-Eq
Transport,PEM electrolysis,Water,"deionized water production, via reverse osmosis, from brackish water",RER,"('ecoinvent-3.12-cutoff_remind-SSP1-PkBudg650_2050_04_full', '4e0a52c5b9864dfebab5c43621971720')",Upstream input,0.00022295881964054263,0.03608265027316222,,,"('IPCC 2021', 'climate change', 'GWP 100a, incl. H')","climate change — GWP 100a, incl. H (premise_gwp)",kg CO2-Eq
Transport,PEM electrolysis,Electricity,"market group for electricity, low voltage",EUR,"('ecoinvent-3.12-cutoff_remind-SSP1-PkBudg650_2050_04_full', '13f887da454449da9d91f12bd7f18f05')",Upstream input,0.38746819891061884,62.706106606610525,,,"('IPCC 2021', 'climate change', 'GWP 100a, incl. H')","climate change — GWP 100a, incl. H (premise_gwp)",kg CO2-Eq
Transport,PEM electrolysis,Other direct emissions,Oxygen,biosphere,"('biosphere-3.12', '9ec076d9-6d9f-4a0b-9851-730626ed4319')",Other direct emissions,0.0,0.0,5.297587840298096,kilogram,"('IPCC 2021', 'climate change', 'GWP 100a, incl. H')","climate change — GWP 100a, incl. H (premise_gwp)",kg CO2-Eq
Transport,PEM electrolysis,Other direct emissions,"Occupation, industrial area",biosphere,"('biosphere-3.12', 'fe9c3a98-a6d2-452d-a9a4-a13e64f1b95b')",Other direct emissions,0.0,0.0,0.0004022534096710235,square meter-year,"('IPCC 2021', 'climate change', 'GWP 100a, incl. H')","climate change — GWP 100a, incl. H (premise_gwp)",kg CO2-Eq
Transport,PEM electrolysis,Other direct emissions,"Transformation, from industrial area",biosphere,"('biosphere-3.12', 'b6dcefd8-3848-4338-9c3e-fe6e91f20937')",Other direct emissions,0.0,0.0,2.0112669760831963e-05,square meter,"('IPCC 2021', 'climate change', 'GWP 100a, incl. H')","climate change — GWP 100a, incl. H (premise_gwp)",kg CO2-Eq
Transport,PEM electrolysis,Other direct emissions,"Transformation, to industrial area",biosphere,"('biosphere-3.12', '4624deff-2016-41d4-b2bf-3db8dab88779')",Other direct emissions,0.0,0.0,2.0112669760831963e-05,square meter,"('IPCC 2021', 'climate change', 'GWP 100a, incl. H')","climate change — GWP 100a, incl. H (premise_gwp)",kg CO2-Eq
Transport,Biomass gasification,Infrastructure,"market for liquid storage tank, chemicals, organics",GLO,"('ecoinvent-3.12-cutoff_remind-SSP1-PkBudg650_2050_04_full', '65328045d6934aea9218657932fe4f18')",Upstream input,7.965895151598674e-09,1.2891645611113892e-06,,,"('IPCC 2021', 'climate change', 'GWP 100a, incl. H')","climate change — GWP 100a, incl. H (premise_gwp)",kg CO2-Eq
Transport,Biomass gasification,Water,"market for water, deionised",Europe without Switzerland,"('ecoinvent-3.12-cutoff_remind-SSP1-PkBudg650_2050_04_full', 'a3b3af9d63ee4c50a4506512784991e4')",Upstream input,7.051067455410121e-09,1.1411129707998128e-06,,,"('IPCC 2021', 'climate change', 'GWP 100a, incl. H')","climate change — GWP 100a, incl. H (premise_gwp)",kg CO2-Eq
Transport,Biomass gasification,Biomass feedstock,"market for lignocellulosic biomass, used as fuel",EUR,"('ecoinvent-3.12-cutoff_remind-SSP1-PkBudg650_2050_04_full', '89cba6c9714f4f4bb98cf9b3e82f439a')",Upstream input,4.517839236865482e-07,7.311467356931804e-05,,,"('IPCC 2021', 'climate change', 'GWP 100a, incl. H')","climate change — GWP 100a, incl. H (premise_gwp)",kg CO2-Eq
Transport,Biomass gasification,Infrastructure,synthetic gas factory construction,RoW,"('ecoinvent-3.12-cutoff_remind-SSP1-PkBudg650_2050_04_full', '2d99aa9618294621ad0ab6a287164682')",Upstream input,3.66742724935756e-10,5.9351989328872136e-08,,,"('IPCC 2021', 'climate change', 'GWP 100a, incl. H')","climate change — GWP 100a, incl. H (premise_gwp)",kg CO2-Eq
Transport,Biomass gasification,Water,"treatment of wastewater, average, wastewater treatment",Europe without Switzerland,"('ecoinvent-3.12-cutoff_remind-SSP1-PkBudg650_2050_04_full', 'db7e3c0fc9d3451395736c9985715bb8')",Upstream input,7.320680974422325e-09,1.1847460073000875e-06,,,"('IPCC 2021', 'climate change', 'GWP 100a, incl. H')","climate change — GWP 100a, incl. H (premise_gwp)",kg CO2-Eq
Transport,Biomass gasification,Other direct emissions,"Carbon dioxide, non-fossil",biosphere,"('biosphere-3.12', 'eba59fd6-f37e-41dc-9ca3-c7ea22d602c7')",Other direct emissions,0.0,0.0,7.70229301991037e-05,kilogram,"('IPCC 2021', 'climate change', 'GWP 100a, incl. H')","climate change — GWP 100a, incl. H (premise_gwp)",kg CO2-Eq
Transport,Biomass gasification with CCS,CO2 capture and storage,"carbon dioxide, captured at hydrogen production plant, pre, pipeline 200km, storage 1000m",RER,"('ecoinvent-3.12-cutoff_remind-SSP1-PkBudg650_2050_04_full', 'f35934f4c5ec445c8e063cf6d8b1795b')",Upstream input,0.02432679253423312,3.936938438657277,,,"('IPCC 2021', 'climate change', 'GWP 100a, incl. H')","climate change — GWP 100a, incl. H (premise_gwp)",kg CO2-Eq
Transport,Biomass gasification with CCS,Infrastructure,"market for liquid storage tank, chemicals, organics",GLO,"('ecoinvent-3.12-cutoff_remind-SSP1-PkBudg650_2050_04_full', '65328045d6934aea9218657932fe4f18')",Upstream input,0.0007304207590957928,0.1182080029182156,,,"('IPCC 2021', 'climate change', 'GWP 100a, incl. H')","climate change — GWP 100a, incl. H (premise_gwp)",kg CO2-Eq
Transport,Biomass gasification with CCS,Water,"market for water, deionised",Europe without Switzerland,"('ecoinvent-3.12-cutoff_remind-SSP1-PkBudg650_2050_04_full', 'a3b3af9d63ee4c50a4506512784991e4')",Upstream input,0.0006473808590467447,0.10476919983781346,,,"('IPCC 2021', 'climate change', 'GWP 100a, incl. H')","climate change — GWP 100a, incl. H (premise_gwp)",kg CO2-Eq
Transport,Biomass gasification with CCS,Biomass feedstock,"market for lignocellulosic biomass, used as fuel",EUR,"('ecoinvent-3.12-cutoff_remind-SSP1-PkBudg650_2050_04_full', '89cba6c9714f4f4bb98cf9b3e82f439a')",Upstream input,0.0414256464849626,6.704139880478422,,,"('IPCC 2021', 'climate change', 'GWP 100a, incl. H')","climate change — GWP 100a, incl. H (premise_gwp)",kg CO2-Eq
Transport,Biomass gasification with CCS,Infrastructure,synthetic gas factory construction,RoW,"('ecoinvent-3.12-cutoff_remind-SSP1-PkBudg650_2050_04_full', '2d99aa9618294621ad0ab6a287164682')",Upstream input,3.3627921839603216e-05,0.005442191275984833,,,"('IPCC 2021', 'climate change', 'GWP 100a, incl. H')","climate change — GWP 100a, incl. H (premise_gwp)",kg CO2-Eq
Transport,Biomass gasification with CCS,Water,"treatment of wastewater, average, wastewater treatment",Europe without Switzerland,"('ecoinvent-3.12-cutoff_remind-SSP1-PkBudg650_2050_04_full', 'db7e3c0fc9d3451395736c9985715bb8')",Upstream input,0.0006712588168277055,0.10863350088334639,,,"('IPCC 2021', 'climate change', 'GWP 100a, incl. H')","climate change — GWP 100a, incl. H (premise_gwp)",kg CO2-Eq
Transport,Biomass gasification with CCS,Other direct emissions,"Carbon dioxide, non-fossil",biosphere,"('biosphere-3.12', 'eba59fd6-f37e-41dc-9ca3-c7ea22d602c7')",Other direct emissions,0.0,0.0,0.5076820659435527,kilogram,"('IPCC 2021', 'climate change', 'GWP 100a, incl. H')","climate change — GWP 100a, incl. H (premise_gwp)",kg CO2-Eq
Transport,Coal gasification with CCS,Infrastructure,"chemical factory construction, organics",RER,"('ecoinvent-3.12-cutoff_remind-SSP1-PkBudg650_2050_04_full', '8e7d31369cdb4b2688a5e8bf919310c0')",Upstream input,2.7872975525777917e-08,4.510836707830209e-06,,,"('IPCC 2021', 'climate change', 'GWP 100a, incl. H')","climate change — GWP 100a, incl. H (premise_gwp)",kg CO2-Eq
Transport,Coal gasification with CCS,Other raw materials,"limestone production, milled, packed",Europe without Switzerland,"('ecoinvent-3.12-cutoff_remind-SSP1-PkBudg650_2050_04_full', 'bdc114f35c9742219f056ea4203192d8')",Upstream input,3.018766238419765e-09,4.8854351943978e-07,,,"('IPCC 2021', 'climate change', 'GWP 100a, incl. H')","climate change — GWP 100a, incl. H (premise_gwp)",kg CO2-Eq
Transport,Coal gasification with CCS,Infrastructure,"liquid storage tank production, chemicals, organics",RoW,"('ecoinvent-3.12-cutoff_remind-SSP1-PkBudg650_2050_04_full', '00ec9ef702ab4db28b3eb182865fdafb')",Upstream input,3.743857123226691e-09,6.058889595301371e-07,,,"('IPCC 2021', 'climate change', 'GWP 100a, incl. H')","climate change — GWP 100a, incl. H (premise_gwp)",kg CO2-Eq
Transport,Coal gasification with CCS,Fossil feedstock,market for hard coal,BE,"('ecoinvent-3.12-cutoff_remind-SSP1-PkBudg650_2050_04_full', '1e18d48334e340d5a242914af00668fd')",Upstream input,3.6027318637850734e-08,5.830498837342084e-06,,,"('IPCC 2021', 'climate change', 'GWP 100a, incl. H')","climate change — GWP 100a, incl. H (premise_gwp)",kg CO2-Eq
Transport,Coal gasification with CCS,Fossil feedstock,market for hard coal,FI,"('ecoinvent-3.12-cutoff_remind-SSP1-PkBudg650_2050_04_full', 'ea7b7b7a5c3b4e759380ba049bd77910')",Upstream input,3.376148875754923e-08,5.463807143866086e-06,,,"('IPCC 2021', 'climate change', 'GWP 100a, incl. H')","climate change — GWP 100a, incl. H (premise_gwp)",kg CO2-Eq
Transport,Coal gasification with CCS,Fossil feedstock,market for hard coal,IT,"('ecoinvent-3.12-cutoff_remind-SSP1-PkBudg650_2050_04_full', '9ef9602812a34373b85be42d2ca62ebb')",Upstream input,1.423699835665528e-07,2.3040516337096963e-05,,,"('IPCC 2021', 'climate change', 'GWP 100a, incl. H')","climate change — GWP 100a, incl. H (premise_gwp)",kg CO2-Eq
Transport,Coal gasification with CCS,Fossil feedstock,market for hard coal,DE,"('ecoinvent-3.12-cutoff_remind-SSP1-PkBudg650_2050_04_full', '5775c4cf27024a1d88f0c5dac4340be0')",Upstream input,4.85566488405376e-07,7.85818915517471e-05,,,"('IPCC 2021', 'climate change', 'GWP 100a, incl. H')","climate change — GWP 100a, incl. H (premise_gwp)",kg CO2-Eq
Transport,Coal gasification with CCS,Fossil feedstock,market for hard coal,DK,"('ecoinvent-3.12-cutoff_remind-SSP1-PkBudg650_2050_04_full', 'bcb55ab7692c4e0bbfa618d75aff9557')",Upstream input,2.1879732177084955e-08,3.5409172217946774e-06,,,"('IPCC 2021', 'climate change', 'GWP 100a, incl. H')","climate change — GWP 100a, incl. H (premise_gwp)",kg CO2-Eq
Transport,Coal gasification with CCS,Fossil feedstock,market for hard coal,FR,"('ecoinvent-3.12-cutoff_remind-SSP1-PkBudg650_2050_04_full', '00dc1da922a34fb6860a0db19dfc97ee')",Upstream input,8.574249565063652e-08,1.3876178969273094e-05,,,"('IPCC 2021', 'climate change', 'GWP 100a, incl. H')","climate change — GWP 100a, incl. H (premise_gwp)",kg CO2-Eq
Transport,Coal gasification with CCS,Fossil feedstock,market for hard coal,AT,"('ecoinvent-3.12-cutoff_remind-SSP1-PkBudg650_2050_04_full', 'a0d571e40ba74907bb7fcfc3bc96e9b5')",Upstream input,2.718169313849393e-08,4.3989626825703925e-06,,,"('IPCC 2021', 'climate change', 'GWP 100a, incl. H')","climate change — GWP 100a, incl. H (premise_gwp)",kg CO2-Eq
Transport,Coal gasification with CCS,Fossil feedstock,market for hard coal,CZ,"('ecoinvent-3.12-cutoff_remind-SSP1-PkBudg650_2050_04_full', '4ad0cba393304ef195ebbf921e07db45')",Upstream input,5.892615591208757e-08,9.53634343393814e-06,,,"('IPCC 2021', 'climate change', 'GWP 100a, incl. H')","climate change — GWP 100a, incl. H (premise_gwp)",kg CO2-Eq
Transport,Coal gasification with CCS,Fossil feedstock,market for hard coal,SE,"('ecoinvent-3.12-cutoff_remind-SSP1-PkBudg650_2050_04_full', '2a697fb10c3d42ddb4a13eb359e7e9fe')",Upstream input,1.9459662550589923e-08,3.1492640631068746e-06,,,"('IPCC 2021', 'climate change', 'GWP 100a, incl. H')","climate change — GWP 100a, incl. H (premise_gwp)",kg CO2-Eq
Transport,Coal gasification with CCS,Fossil feedstock,market for hard coal,IE,"('ecoinvent-3.12-cutoff_remind-SSP1-PkBudg650_2050_04_full', 'b92b9e8ad3844979a15b4b92c92cf146')",Upstream input,1.631522674746837e-08,2.6403827478336506e-06,,,"('IPCC 2021', 'climate change', 'GWP 100a, incl. H')","climate change — GWP 100a, incl. H (premise_gwp)",kg CO2-Eq
Transport,Coal gasification with CCS,Fossil feedstock,market for hard coal,EE,"('ecoinvent-3.12-cutoff_remind-SSP1-PkBudg650_2050_04_full', '98b10ecd77444b3a8d91976aaef07588')",Upstream input,3.898398871131264e-11,6.308992993374347e-09,,,"('IPCC 2021', 'climate change', 'GWP 100a, incl. H')","climate change — GWP 100a, incl. H (premise_gwp)",kg CO2-Eq
Transport,Coal gasification with CCS,Fossil feedstock,market for hard coal,LV,"('ecoinvent-3.12-cutoff_remind-SSP1-PkBudg650_2050_04_full', '5bdbe2e35e534ea381876f11ee515563')",Upstream input,2.5441035536616663e-10,4.117262503160052e-08,,,"('IPCC 2021', 'climate change', 'GWP 100a, incl. H')","climate change — GWP 100a, incl. H (premise_gwp)",kg CO2-Eq
Transport,Coal gasification with CCS,Fossil feedstock,market for hard coal,BG,"('ecoinvent-3.12-cutoff_remind-SSP1-PkBudg650_2050_04_full', '53945b28aa8a4680b66f815ed50472a6')",Upstream input,8.834063444663876e-09,1.4296650039618843e-06,,,"('IPCC 2021', 'climate change', 'GWP 100a, incl. H')","climate change — GWP 100a, incl. H (premise_gwp)",kg CO2-Eq
Transport,Coal gasification with CCS,Fossil feedstock,market for hard coal,PT,"('ecoinvent-3.12-cutoff_remind-SSP1-PkBudg650_2050_04_full', 'a7bae5d2f0164f3bbd69f12c54a1ac01')",Upstream input,2.7646336381306407e-11,4.474158450377292e-09,,,"('IPCC 2021', 'climate change', 'GWP 100a, incl. H')","climate change — GWP 100a, incl. H (premise_gwp)",kg CO2-Eq
Transport,Coal gasification with CCS,Fossil feedstock,market for hard coal,NL,"('ecoinvent-3.12-cutoff_remind-SSP1-PkBudg650_2050_04_full', '2978d6563e55427d957b45a645996356')",Upstream input,9.163623877054021e-08,1.4829995786828004e-05,,,"('IPCC 2021', 'climate change', 'GWP 100a, incl. H')","climate change — GWP 100a, incl. H (premise_gwp)",kg CO2-Eq
Transport,Coal gasification with CCS,Fossil feedstock,market for hard coal,GB,"('ecoinvent-3.12-cutoff_remind-SSP1-PkBudg650_2050_04_full', '3e3b2c2ae54c4e2eaf4a7e14ad9e54f3')",Upstream input,6.931474038632598e-08,1.1217585113551809e-05,,,"('IPCC 2021', 'climate change', 'GWP 100a, incl. H')","climate change — GWP 100a, incl. H (premise_gwp)",kg CO2-Eq
Transport,Coal gasification with CCS,Fossil feedstock,market for hard coal,ES,"('ecoinvent-3.12-cutoff_remind-SSP1-PkBudg650_2050_04_full', 'd584a79ce0364d2eb929aa16062cdd63')",Upstream input,6.826015390084115e-08,1.1046915590812584e-05,,,"('IPCC 2021', 'climate change', 'GWP 100a, incl. H')","climate change — GWP 100a, incl. H (premise_gwp)",kg CO2-Eq
Transport,Coal gasification with CCS,Fossil feedstock,market for hard coal,SK,"('ecoinvent-3.12-cutoff_remind-SSP1-PkBudg650_2050_04_full', 'ca5af9df10c24ade910fb2258af2df58')",Upstream input,2.963710176580613e-08,4.796334945842372e-06,,,"('IPCC 2021', 'climate change', 'GWP 100a, incl. H')","climate change — GWP 100a, incl. H (premise_gwp)",kg CO2-Eq
Transport,Coal gasification with CCS,Fossil feedstock,market for hard coal,PL,"('ecoinvent-3.12-cutoff_remind-SSP1-PkBudg650_2050_04_full', 'cc24e06b42be4d93be6730e28f75e09c')",Upstream input,6.970717435285539e-07,0.00011281094857604185,,,"('IPCC 2021', 'climate change', 'GWP 100a, incl. H')","climate change — GWP 100a, incl. H (premise_gwp)",kg CO2-Eq
Transport,Coal gasification with CCS,Fossil feedstock,market for hard coal,HR,"('ecoinvent-3.12-cutoff_remind-SSP1-PkBudg650_2050_04_full', '99858cf830aa4370989bf7d099c6b6cd')",Upstream input,8.356386712427689e-09,1.3523599549815695e-06,,,"('IPCC 2021', 'climate change', 'GWP 100a, incl. H')","climate change — GWP 100a, incl. H (premise_gwp)",kg CO2-Eq
Transport,Coal gasification with CCS,Transport services,"market for transport, freight, train",EUR,"('ecoinvent-3.12-cutoff_remind-SSP1-PkBudg650_2050_04_full', 'b45e6c68ddb84d1ba5a1ef63110282ba')",Upstream input,7.340350267709337e-09,1.1879291970565623e-06,,,"('IPCC 2021', 'climate change', 'GWP 100a, incl. H')","climate change — GWP 100a, incl. H (premise_gwp)",kg CO2-Eq
Transport,Coal gasification with CCS,Other raw materials,"methanol production, from coal gasification",CN,"('ecoinvent-3.12-cutoff_remind-SSP1-PkBudg650_2050_04_full', '36f7de9581d640eab90f302044b48024')",Upstream input,1.2551816439386274e-08,2.031329389012193e-06,,,"('IPCC 2021', 'climate change', 'GWP 100a, incl. H')","climate change — GWP 100a, incl. H (premise_gwp)",kg CO2-Eq
Transport,Coal gasification with CCS,Water,"transport, freight, inland waterways, barge, diesel",RER,"('ecoinvent-3.12-cutoff_remind-SSP1-PkBudg650_2050_04_full', '65accb569ab7402d9ed0783570ba6837')",Upstream input,5.4496208519854245e-09,8.819420718164144e-07,,,"('IPCC 2021', 'climate change', 'GWP 100a, incl. H')","climate change — GWP 100a, incl. H (premise_gwp)",kg CO2-Eq
Transport,Coal gasification with CCS,Fossil feedstock,"treatment of hard coal ash, residual material landfill",BE,"('ecoinvent-3.12-cutoff_remind-SSP1-PkBudg650_2050_04_full', '58783f3c42814ab5818f4273b0980078')",Upstream input,1.6101020946307494e-12,2.605716646612665e-10,,,"('IPCC 2021', 'climate change', 'GWP 100a, incl. H')","climate change — GWP 100a, incl. H (premise_gwp)",kg CO2-Eq
Transport,Coal gasification with CCS,Fossil feedstock,"treatment of hard coal ash, residual material landfill",IT,"('ecoinvent-3.12-cutoff_remind-SSP1-PkBudg650_2050_04_full', '6d1b0d66637b4907910280714b323d66')",Upstream input,2.0897234499564286e-11,3.3819142267603153e-09,,,"('IPCC 2021', 'climate change', 'GWP 100a, incl. H')","climate change — GWP 100a, incl. H (premise_gwp)",kg CO2-Eq
Transport,Coal gasification with CCS,Fossil feedstock,"treatment of hard coal ash, residual material landfill",DE,"('ecoinvent-3.12-cutoff_remind-SSP1-PkBudg650_2050_04_full', 'f3e0c5c73d6f4615a84f491ffcaf1112')",Upstream input,4.5052626042189584e-11,7.291113901610764e-09,,,"('IPCC 2021', 'climate change', 'GWP 100a, incl. H')","climate change — GWP 100a, incl. H (premise_gwp)",kg CO2-Eq
Transport,Coal gasification with CCS,Fossil feedstock,"treatment of hard coal ash, residual material landfill",FR,"('ecoinvent-3.12-cutoff_remind-SSP1-PkBudg650_2050_04_full', '1dd3f98d2e4647439a33618292794a79')",Upstream input,7.590327333834593e-12,1.228384358542664e-09,,,"('IPCC 2021', 'climate change', 'GWP 100a, incl. H')","climate change — GWP 100a, incl. H (premise_gwp)",kg CO2-Eq
Transport,Coal gasification with CCS,Fossil feedstock,"treatment of hard coal ash, residual material landfill",AT,"('ecoinvent-3.12-cutoff_remind-SSP1-PkBudg650_2050_04_full', '27808455427d47fba451c9f49d6148b5')",Upstream input,1.4471099806868272e-12,2.34193755708377e-10,,,"('IPCC 2021', 'climate change', 'GWP 100a, incl. H')","climate change — GWP 100a, incl. H (premise_gwp)",kg CO2-Eq
Transport,Coal gasification with CCS,Fossil feedstock,"treatment of hard coal ash, residual material landfill",CZ,"('ecoinvent-3.12-cutoff_remind-SSP1-PkBudg650_2050_04_full', '8c2ba8852edb4d7e8e8dfa3c07351c8d')",Upstream input,6.650522687522429e-11,1.0762906112190733e-08,,,"('IPCC 2021', 'climate change', 'GWP 100a, incl. H')","climate change — GWP 100a, incl. H (premise_gwp)",kg CO2-Eq
Transport,Coal gasification with CCS,Fossil feedstock,"treatment of hard coal ash, residual material landfill",PT,"('ecoinvent-3.12-cutoff_remind-SSP1-PkBudg650_2050_04_full', '49c29cc8572e4399b9589694fbbec48a')",Upstream input,4.857920544474069e-12,7.861839614313857e-10,,,"('IPCC 2021', 'climate change', 'GWP 100a, incl. H')","climate change — GWP 100a, incl. H (premise_gwp)",kg CO2-Eq
Transport,Coal gasification with CCS,Fossil feedstock,"treatment of hard coal ash, residual material landfill",NL,"('ecoinvent-3.12-cutoff_remind-SSP1-PkBudg650_2050_04_full', 'cecefb1df95d46c08435fe6d0b060412')",Upstream input,7.668232775195917e-12,1.240992223975164e-09,,,"('IPCC 2021', 'climate change', 'GWP 100a, incl. H')","climate change — GWP 100a, incl. H (premise_gwp)",kg CO2-Eq
Transport,Coal gasification with CCS,Fossil feedstock,"treatment of hard coal ash, residual material landfill",ES,"('ecoinvent-3.12-cutoff_remind-SSP1-PkBudg650_2050_04_full', 'ae319a3e8a52445a97dfd6068775a21f')",Upstream input,5.132519070693187e-10,8.306237490256347e-08,,,"('IPCC 2021', 'climate change', 'GWP 100a, incl. H')","climate change — GWP 100a, incl. H (premise_gwp)",kg CO2-Eq
Transport,Coal gasification with CCS,Fossil feedstock,"treatment of hard coal ash, residual material landfill",SK,"('ecoinvent-3.12-cutoff_remind-SSP1-PkBudg650_2050_04_full', '575be8dc4e1f4e39bd938cf4095f60e4')",Upstream input,1.130342039530657e-11,1.829294601002685e-09,,,"('IPCC 2021', 'climate change', 'GWP 100a, incl. H')","climate change — GWP 100a, incl. H (premise_gwp)",kg CO2-Eq
Transport,Coal gasification with CCS,Fossil feedstock,"treatment of hard coal ash, residual material landfill",PL,"('ecoinvent-3.12-cutoff_remind-SSP1-PkBudg650_2050_04_full', '38ab4dfee94d48a3a2aacae6712936ae')",Upstream input,9.54861311419877e-10,1.545304501292372e-07,,,"('IPCC 2021', 'climate change', 'GWP 100a, incl. H')","climate change — GWP 100a, incl. H (premise_gwp)",kg CO2-Eq
Transport,Coal gasification with CCS,Fossil feedstock,"treatment of hard coal ash, residual material landfill",HR,"('ecoinvent-3.12-cutoff_remind-SSP1-PkBudg650_2050_04_full', '9674a8eac898427989f9a803bc3039d1')",Upstream input,1.0789705702676112e-11,1.7461573309711423e-09,,,"('IPCC 2021', 'climate change', 'GWP 100a, incl. H')","climate change — GWP 100a, incl. H (premise_gwp)",kg CO2-Eq
Transport,Coal gasification with CCS,Waste treatment,"treatment of waste gypsum, inert material landfill",Europe without Switzerland,"('ecoinvent-3.12-cutoff_remind-SSP1-PkBudg650_2050_04_full', 'fb1f9abf63a149e68b084549a51e0345')",Upstream input,7.039397445421946e-10,1.1392243489916848e-07,,,"('IPCC 2021', 'climate change', 'GWP 100a, incl. H')","climate change — GWP 100a, incl. H (premise_gwp)",kg CO2-Eq
Transport,Coal gasification with CCS,Water,"treatment of wastewater, average, wastewater treatment",Europe without Switzerland,"('ecoinvent-3.12-cutoff_remind-SSP1-PkBudg650_2050_04_full', 'db7e3c0fc9d3451395736c9985715bb8')",Upstream input,8.900355757051333e-09,1.4403934529531924e-06,,,"('IPCC 2021', 'climate change', 'GWP 100a, incl. H')","climate change — GWP 100a, incl. H (premise_gwp)",kg CO2-Eq
Transport,Coal gasification with CCS,CO2 capture and storage,"carbon dioxide, captured at hydrogen production plant, pre, pipeline 200km, storage 1000m",RER,"('ecoinvent-3.12-cutoff_remind-SSP1-PkBudg650_2050_04_full', 'f35934f4c5ec445c8e063cf6d8b1795b')",Upstream input,6.238490650069396e-08,1.009609203716444e-05,,,"('IPCC 2021', 'climate change', 'GWP 100a, incl. H')","climate change — GWP 100a, incl. H (premise_gwp)",kg CO2-Eq
Transport,Coal gasification with CCS,Water,"water production, deionised",Europe without Switzerland,"('ecoinvent-3.12-cutoff_remind-SSP1-PkBudg650_2050_04_full', 'd8ec6354f9a7473da79499703b97a362')",Upstream input,1.3673158513073783e-09,2.2128023352122165e-07,,,"('IPCC 2021', 'climate change', 'GWP 100a, incl. H')","climate change — GWP 100a, incl. H (premise_gwp)",kg CO2-Eq
Transport,Coal gasification with CCS,Other raw materials,"market for nitrogen, liquid",RER,"('ecoinvent-3.12-cutoff_remind-SSP1-PkBudg650_2050_04_full', '33f71c3c6dae4e40bc89e0d449024a5a')",Upstream input,6.82816230663266e-11,1.1050390063771837e-08,,,"('IPCC 2021', 'climate change', 'GWP 100a, incl. H')","climate change — GWP 100a, incl. H (premise_gwp)",kg CO2-Eq
Transport,Coal gasification with CCS,Other raw materials,"market for ammonia, anhydrous, liquid",RER,"('ecoinvent-3.12-cutoff_remind-SSP1-PkBudg650_2050_04_full', 'f182f94f3ddb4531a1841fcf43b8a2a9')",Upstream input,1.9808596202437832e-11,3.2057339123304396e-09,,,"('IPCC 2021', 'climate change', 'GWP 100a, incl. H')","climate change — GWP 100a, incl. H (premise_gwp)",kg CO2-Eq
Transport,Coal gasification with CCS,Electricity,"market group for electricity, medium voltage",EUR,"('ecoinvent-3.12-cutoff_remind-SSP1-PkBudg650_2050_04_full', '1f68882440364dbcaec11614acdb8a39')",Upstream input,8.878232931343906e-08,1.436813194570312e-05,,,"('IPCC 2021', 'climate change', 'GWP 100a, incl. H')","climate change — GWP 100a, incl. H (premise_gwp)",kg CO2-Eq
Transport,Coal gasification with CCS,Other raw materials,"market for aluminium oxide, metallurgical","IAI Area, Western and Central Europe","('ecoinvent-3.12-cutoff_remind-SSP1-PkBudg650_2050_04_full', '25a7ad1d1ee14c438339ef0f94f9d6ca')",Upstream input,5.751182822234855e-10,9.307455016414319e-08,,,"('IPCC 2021', 'climate change', 'GWP 100a, incl. H')","climate change — GWP 100a, incl. H (premise_gwp)",kg CO2-Eq
Transport,Coal gasification with CCS,Ammonia leakage,Ammonia,biosphere,"('biosphere-3.12', '0f440cc0-0f74-446d-99d6-8ff0e97a2444')",Ammonia leakage,0.0,0.0,7.580944643323931e-09,kilogram,"('IPCC 2021', 'climate change', 'GWP 100a, incl. H')","climate change — GWP 100a, incl. H (premise_gwp)",kg CO2-Eq
Transport,Coal gasification with CCS,Other direct emissions,"Carbon dioxide, fossil",biosphere,"('biosphere-3.12', 'aa7cac3a-3625-41d4-bc54-33e2cf11ec46')",Other direct emissions,2.7143599172416695e-06,0.0004392797726827899,2.7143599172416695e-06,kilogram,"('IPCC 2021', 'climate change', 'GWP 100a, incl. H')","climate change — GWP 100a, incl. H (premise_gwp)",kg CO2-Eq
Transport,Coal gasification with CCS,Other direct emissions,Hydrochloric acid,biosphere,"('biosphere-3.12', '68e32537-beae-41c2-be72-74df4d273c11')",Other direct emissions,0.0,0.0,1.1355655790744011e-08,kilogram,"('IPCC 2021', 'climate change', 'GWP 100a, incl. H')","climate change — GWP 100a, incl. H (premise_gwp)",kg CO2-Eq
Transport,Coal gasification with CCS,Other direct emissions,"Water, cooling, unspecified natural origin",biosphere,"('biosphere-3.12', 'fc1c42ce-a759-49fa-b987-f1ec5e503db1')",Other direct emissions,0.0,0.0,3.502400032633441e-08,cubic meter,"('IPCC 2021', 'climate change', 'GWP 100a, incl. H')","climate change — GWP 100a, incl. H (premise_gwp)",kg CO2-Eq
Transport,Steam methane reforming with CCS,CO2 capture and storage,"carbon dioxide, captured at hydrogen production plant, pre, pipeline 200km, storage 1000m",RER,"('ecoinvent-3.12-cutoff_remind-SSP1-PkBudg650_2050_04_full', 'f35934f4c5ec445c8e063cf6d8b1795b')",Upstream input,0.0001058008596168653,0.017122334170543384,,,"('IPCC 2021', 'climate change', 'GWP 100a, incl. H')","climate change — GWP 100a, incl. H (premise_gwp)",kg CO2-Eq
Transport,Steam methane reforming with CCS,Infrastructure,"chemical factory construction, organics",RER,"('ecoinvent-3.12-cutoff_remind-SSP1-PkBudg650_2050_04_full', '8e7d31369cdb4b2688a5e8bf919310c0')",Upstream input,8.966657854271263e-05,0.014511234854776778,,,"('IPCC 2021', 'climate change', 'GWP 100a, incl. H')","climate change — GWP 100a, incl. H (premise_gwp)",kg CO2-Eq
Transport,Steam methane reforming with CCS,Other raw materials,"market for chromium trioxide, flakes",GLO,"('ecoinvent-3.12-cutoff_remind-SSP1-PkBudg650_2050_04_full', 'a06e068f68e041e2ac0c80fc5e0557f8')",Upstream input,4.150154327246085e-07,6.716422674424725e-05,,,"('IPCC 2021', 'climate change', 'GWP 100a, incl. H')","climate change — GWP 100a, incl. H (premise_gwp)",kg CO2-Eq
Transport,Steam methane reforming with CCS,Other raw materials,market for copper oxide,GLO,"('ecoinvent-3.12-cutoff_remind-SSP1-PkBudg650_2050_04_full', '9b2b7bfc24cd49bfadec1024e3fb0230')",Upstream input,2.2118844104024604e-06,0.00035796140181349845,,,"('IPCC 2021', 'climate change', 'GWP 100a, incl. H')","climate change — GWP 100a, incl. H (premise_gwp)",kg CO2-Eq
Transport,Steam methane reforming with CCS,Other raw materials,market for diethanolamine,GLO,"('ecoinvent-3.12-cutoff_remind-SSP1-PkBudg650_2050_04_full', '4a5e3b6e092f4a8d876ebe45937da2dc')",Upstream input,1.6791778670279515e-06,0.00027175057627272525,,,"('IPCC 2021', 'climate change', 'GWP 100a, incl. H')","climate change — GWP 100a, incl. H (premise_gwp)",kg CO2-Eq
Transport,Steam methane reforming with CCS,Infrastructure,"market for liquid storage tank, chemicals, organics",GLO,"('ecoinvent-3.12-cutoff_remind-SSP1-PkBudg650_2050_04_full', '65328045d6934aea9218657932fe4f18')",Upstream input,1.0098355686217603e-05,0.001634272360910594,,,"('IPCC 2021', 'climate change', 'GWP 100a, incl. H')","climate change — GWP 100a, incl. H (premise_gwp)",kg CO2-Eq
Transport,Steam methane reforming with CCS,Other raw materials,market for magnesium oxide,GLO,"('ecoinvent-3.12-cutoff_remind-SSP1-PkBudg650_2050_04_full', '3fc57c117f4c4a6abe4afab728b57ef3')",Upstream input,1.622152568695035e-07,2.6252185906034184e-05,,,"('IPCC 2021', 'climate change', 'GWP 100a, incl. H')","climate change — GWP 100a, incl. H (premise_gwp)",kg CO2-Eq
Transport,Steam methane reforming with CCS,Other raw materials,market for molybdenum trioxide,GLO,"('ecoinvent-3.12-cutoff_remind-SSP1-PkBudg650_2050_04_full', '5de4e1a7764f410b8a69af4bfab86f57')",Upstream input,1.5856748479599675e-07,2.5661846917799702e-05,,,"('IPCC 2021', 'climate change', 'GWP 100a, incl. H')","climate change — GWP 100a, incl. H (premise_gwp)",kg CO2-Eq
Transport,Steam methane reforming with CCS,Other raw materials,market for portafer,GLO,"('ecoinvent-3.12-cutoff_remind-SSP1-PkBudg650_2050_04_full', '58b064c0cce34a9bba324f6605d30448')",Upstream input,8.751136125318452e-08,1.4162444204350433e-05,,,"('IPCC 2021', 'climate change', 'GWP 100a, incl. H')","climate change — GWP 100a, incl. H (premise_gwp)",kg CO2-Eq
Transport,Steam methane reforming with CCS,Other raw materials,"market for quicklime, milled, packed",RER,"('ecoinvent-3.12-cutoff_remind-SSP1-PkBudg650_2050_04_full', '62e91632f4e8492eaaa9cbe5152aea01')",Upstream input,2.592427315696766e-07,4.195467501204406e-05,,,"('IPCC 2021', 'climate change', 'GWP 100a, incl. H')","climate change — GWP 100a, incl. H (premise_gwp)",kg CO2-Eq
Transport,Steam methane reforming with CCS,Water,"market for water, deionised",Europe without Switzerland,"('ecoinvent-3.12-cutoff_remind-SSP1-PkBudg650_2050_04_full', 'a3b3af9d63ee4c50a4506512784991e4')",Upstream input,2.489761063063154e-06,0.00040293170661327124,,,"('IPCC 2021', 'climate change', 'GWP 100a, incl. H')","climate change — GWP 100a, incl. H (premise_gwp)",kg CO2-Eq
Transport,Steam methane reforming with CCS,Other raw materials,"market for zeolite, powder",GLO,"('ecoinvent-3.12-cutoff_remind-SSP1-PkBudg650_2050_04_full', 'aa37275a67b943c1b3c9804c7b3cf087')",Upstream input,2.0420173953555087e-05,0.003304708898581211,,,"('IPCC 2021', 'climate change', 'GWP 100a, incl. H')","climate change — GWP 100a, incl. H (premise_gwp)",kg CO2-Eq
Transport,Steam methane reforming with CCS,Other raw materials,market for zinc oxide,GLO,"('ecoinvent-3.12-cutoff_remind-SSP1-PkBudg650_2050_04_full', 'd8f30b36acca41f8abdc5c246e360c64')",Upstream input,2.4155801521103704e-07,3.909266023919213e-05,,,"('IPCC 2021', 'climate change', 'GWP 100a, incl. H')","climate change — GWP 100a, incl. H (premise_gwp)",kg CO2-Eq
Transport,Steam methane reforming with CCS,Fossil feedstock,"market for natural gas, high pressure",EUR,"('ecoinvent-3.12-cutoff_remind-SSP1-PkBudg650_2050_04_full', 'f7d9451c5108493ebaa4f2c4b038d2e9')",Upstream input,5.73791287806976e-05,0.009285979536986079,,,"('IPCC 2021', 'climate change', 'GWP 100a, incl. H')","climate change — GWP 100a, incl. H (premise_gwp)",kg CO2-Eq
Transport,Steam methane reforming with CCS,Fossil feedstock,"market for natural gas, high pressure",EUR,"('ecoinvent-3.12-cutoff_remind-SSP1-PkBudg650_2050_04_full', 'f7d9451c5108493ebaa4f2c4b038d2e9')",Upstream input,6.2027504792477815e-06,0.0010038251755872204,,,"('IPCC 2021', 'climate change', 'GWP 100a, incl. H')","climate change — GWP 100a, incl. H (premise_gwp)",kg CO2-Eq
Transport,Steam methane reforming with CCS,Fossil feedstock,"market for natural gas, high pressure",EUR,"('ecoinvent-3.12-cutoff_remind-SSP1-PkBudg650_2050_04_full', 'f7d9451c5108493ebaa4f2c4b038d2e9')",Upstream input,0.000240158935977091,0.03886623956301387,,,"('IPCC 2021', 'climate change', 'GWP 100a, incl. H')","climate change — GWP 100a, incl. H (premise_gwp)",kg CO2-Eq
Transport,Steam methane reforming with CCS,Fossil feedstock,"market for natural gas, high pressure",EUR,"('ecoinvent-3.12-cutoff_remind-SSP1-PkBudg650_2050_04_full', 'f7d9451c5108493ebaa4f2c4b038d2e9')",Upstream input,3.307520973343577e-05,0.005352742840346647,,,"('IPCC 2021', 'climate change', 'GWP 100a, incl. H')","climate change — GWP 100a, incl. H (premise_gwp)",kg CO2-Eq
Transport,Steam methane reforming with CCS,Fossil feedstock,"market for natural gas, high pressure",EUR,"('ecoinvent-3.12-cutoff_remind-SSP1-PkBudg650_2050_04_full', 'f7d9451c5108493ebaa4f2c4b038d2e9')",Upstream input,0.00029658608987747666,0.047998155776869195,,,"('IPCC 2021', 'climate change', 'GWP 100a, incl. H')","climate change — GWP 100a, incl. H (premise_gwp)",kg CO2-Eq
Transport,Steam methane reforming with CCS,Fossil feedstock,"market for natural gas, high pressure",EUR,"('ecoinvent-3.12-cutoff_remind-SSP1-PkBudg650_2050_04_full', 'f7d9451c5108493ebaa4f2c4b038d2e9')",Upstream input,8.70921956056363e-06,0.0014094608325548284,,,"('IPCC 2021', 'climate change', 'GWP 100a, incl. H')","climate change — GWP 100a, incl. H (premise_gwp)",kg CO2-Eq
Transport,Steam methane reforming with CCS,Fossil feedstock,"market for natural gas, high pressure",EUR,"('ecoinvent-3.12-cutoff_remind-SSP1-PkBudg650_2050_04_full', 'f7d9451c5108493ebaa4f2c4b038d2e9')",Upstream input,0.00012829228112976553,0.02076224443695334,,,"('IPCC 2021', 'climate change', 'GWP 100a, incl. H')","climate change — GWP 100a, incl. H (premise_gwp)",kg CO2-Eq
Transport,Steam methane reforming with CCS,Fossil feedstock,"market for natural gas, high pressure",EUR,"('ecoinvent-3.12-cutoff_remind-SSP1-PkBudg650_2050_04_full', 'f7d9451c5108493ebaa4f2c4b038d2e9')",Upstream input,2.730419696035843e-05,0.004418788148854207,,,"('IPCC 2021', 'climate change', 'GWP 100a, incl. H')","climate change — GWP 100a, incl. H (premise_gwp)",kg CO2-Eq
Transport,Steam methane reforming with CCS,Fossil feedstock,"market for natural gas, high pressure",EUR,"('ecoinvent-3.12-cutoff_remind-SSP1-PkBudg650_2050_04_full', 'f7d9451c5108493ebaa4f2c4b038d2e9')",Upstream input,2.6585223541834132e-05,0.004302432731929516,,,"('IPCC 2021', 'climate change', 'GWP 100a, incl. H')","climate change — GWP 100a, incl. H (premise_gwp)",kg CO2-Eq
Transport,Steam methane reforming with CCS,Fossil feedstock,"market for natural gas, high pressure",EUR,"('ecoinvent-3.12-cutoff_remind-SSP1-PkBudg650_2050_04_full', 'f7d9451c5108493ebaa4f2c4b038d2e9')",Upstream input,3.0603784767687644e-06,0.0004952778565063788,,,"('IPCC 2021', 'climate change', 'GWP 100a, incl. H')","climate change — GWP 100a, incl. H (premise_gwp)",kg CO2-Eq
Transport,Steam methane reforming with CCS,Fossil feedstock,"market for natural gas, high pressure",EUR,"('ecoinvent-3.12-cutoff_remind-SSP1-PkBudg650_2050_04_full', 'f7d9451c5108493ebaa4f2c4b038d2e9')",Upstream input,1.8953849056785884e-05,0.003067405487474827,,,"('IPCC 2021', 'climate change', 'GWP 100a, incl. H')","climate change — GWP 100a, incl. H (premise_gwp)",kg CO2-Eq
Transport,Steam methane reforming with CCS,Fossil feedstock,"market for natural gas, high pressure",EUR,"('ecoinvent-3.12-cutoff_remind-SSP1-PkBudg650_2050_04_full', 'f7d9451c5108493ebaa4f2c4b038d2e9')",Upstream input,0.00012194619196253353,0.019735221974272982,,,"('IPCC 2021', 'climate change', 'GWP 100a, incl. H')","climate change — GWP 100a, incl. H (premise_gwp)",kg CO2-Eq
Transport,Steam methane reforming with CCS,Fossil feedstock,"market for natural gas, high pressure",EUR,"('ecoinvent-3.12-cutoff_remind-SSP1-PkBudg650_2050_04_full', 'f7d9451c5108493ebaa4f2c4b038d2e9')",Upstream input,0.00024712281994355057,0.03999324315098474,,,"('IPCC 2021', 'climate change', 'GWP 100a, incl. H')","climate change — GWP 100a, incl. H (premise_gwp)",kg CO2-Eq
Transport,Steam methane reforming with CCS,Fossil feedstock,"market for natural gas, high pressure",EUR,"('ecoinvent-3.12-cutoff_remind-SSP1-PkBudg650_2050_04_full', 'f7d9451c5108493ebaa4f2c4b038d2e9')",Upstream input,0.00011282747740579907,0.018259490317539664,,,"('IPCC 2021', 'climate change', 'GWP 100a, incl. H')","climate change — GWP 100a, incl. H (premise_gwp)",kg CO2-Eq
Transport,Steam methane reforming with CCS,Fossil feedstock,"market for natural gas, high pressure",EUR,"('ecoinvent-3.12-cutoff_remind-SSP1-PkBudg650_2050_04_full', 'f7d9451c5108493ebaa4f2c4b038d2e9')",Upstream input,1.6631532675122284e-05,0.0026915722732593086,,,"('IPCC 2021', 'climate change', 'GWP 100a, incl. H')","climate change — GWP 100a, incl. H (premise_gwp)",kg CO2-Eq
Transport,Steam methane reforming with CCS,Fossil feedstock,"market for natural gas, high pressure",EUR,"('ecoinvent-3.12-cutoff_remind-SSP1-PkBudg650_2050_04_full', 'f7d9451c5108493ebaa4f2c4b038d2e9')",Upstream input,7.830425061472896e-05,0.012672406924240555,,,"('IPCC 2021', 'climate change', 'GWP 100a, incl. H')","climate change — GWP 100a, incl. H (premise_gwp)",kg CO2-Eq
Transport,Steam methane reforming with CCS,Fossil feedstock,"market for natural gas, high pressure",EUR,"('ecoinvent-3.12-cutoff_remind-SSP1-PkBudg650_2050_04_full', 'f7d9451c5108493ebaa4f2c4b038d2e9')",Upstream input,5.422484833276123e-05,0.008775505008775645,,,"('IPCC 2021', 'climate change', 'GWP 100a, incl. H')","climate change — GWP 100a, incl. H (premise_gwp)",kg CO2-Eq
Transport,Steam methane reforming with CCS,Fossil feedstock,"market for natural gas, high pressure",EUR,"('ecoinvent-3.12-cutoff_remind-SSP1-PkBudg650_2050_04_full', 'f7d9451c5108493ebaa4f2c4b038d2e9')",Upstream input,3.714419642304576e-05,0.006011249303217479,,,"('IPCC 2021', 'climate change', 'GWP 100a, incl. H')","climate change — GWP 100a, incl. H (premise_gwp)",kg CO2-Eq
Transport,Steam methane reforming with CCS,Fossil feedstock,"market for natural gas, high pressure",EUR,"('ecoinvent-3.12-cutoff_remind-SSP1-PkBudg650_2050_04_full', 'f7d9451c5108493ebaa4f2c4b038d2e9')",Upstream input,1.826493127659798e-05,0.002955914139567802,,,"('IPCC 2021', 'climate change', 'GWP 100a, incl. H')","climate change — GWP 100a, incl. H (premise_gwp)",kg CO2-Eq
Transport,Steam methane reforming with CCS,Electricity,"market group for electricity, high voltage",EUR,"('ecoinvent-3.12-cutoff_remind-SSP1-PkBudg650_2050_04_full', '61c3646bc8dc47bd8fc76509336203f1')",Upstream input,1.383477880829659e-06,0.00022389582352074338,,,"('IPCC 2021', 'climate change', 'GWP 100a, incl. H')","climate change — GWP 100a, incl. H (premise_gwp)",kg CO2-Eq
Transport,Steam methane reforming with CCS,Other raw materials,"market for nickel, class 1",World,"('ecoinvent-3.12-cutoff_remind-SSP1-PkBudg650_2050_04_full', '3efc33e8-c787-433d-a8f2-1a436588105b')",Upstream input,1.350027850491089e-05,0.002184824214033516,,,"('IPCC 2021', 'climate change', 'GWP 100a, incl. H')","climate change — GWP 100a, incl. H (premise_gwp)",kg CO2-Eq
Transport,Steam methane reforming with CCS,Other raw materials,market for silica sand,World,"('ecoinvent-3.12-cutoff_remind-SSP1-PkBudg650_2050_04_full', 'dc5c95fd-5eb1-48a3-bf64-67df861ea0c3')",Upstream input,1.1666900840813476e-09,1.8881186377351347e-07,,,"('IPCC 2021', 'climate change', 'GWP 100a, incl. H')","climate change — GWP 100a, incl. H (premise_gwp)",kg CO2-Eq
Transport,Steam methane reforming with CCS,Other raw materials,"market for aluminium oxide, metallurgical","IAI Area, Western and Central Europe","('ecoinvent-3.12-cutoff_remind-SSP1-PkBudg650_2050_04_full', '25a7ad1d1ee14c438339ef0f94f9d6ca')",Upstream input,1.3158026629437149e-06,0.00021294357133769254,,,"('IPCC 2021', 'climate change', 'GWP 100a, incl. H')","climate change — GWP 100a, incl. H (premise_gwp)",kg CO2-Eq
Transport,Steam methane reforming with CCS,Other direct emissions,Acetaldehyde,biosphere,"('biosphere-3.12', 'e3e8f6a2-c45e-4685-9859-698b2eadaf5b')",Other direct emissions,0.0,0.0,1.2913371686216528e-10,kilogram,"('IPCC 2021', 'climate change', 'GWP 100a, incl. H')","climate change — GWP 100a, incl. H (premise_gwp)",kg CO2-Eq
Transport,Steam methane reforming with CCS,Other direct emissions,Acetic acid,biosphere,"('biosphere-3.12', 'd157416d-db9b-4f88-a7f3-a9a5f1ea88f2')",Other direct emissions,0.0,0.0,1.9370056841972463e-08,kilogram,"('IPCC 2021', 'climate change', 'GWP 100a, incl. H')","climate change — GWP 100a, incl. H (premise_gwp)",kg CO2-Eq
Transport,Steam methane reforming with CCS,Other direct emissions,Benzene,biosphere,"('biosphere-3.12', '28999907-a8a7-45b3-857e-836495ca2aa0')",Other direct emissions,0.0,0.0,5.1654712457725655e-08,kilogram,"('IPCC 2021', 'climate change', 'GWP 100a, incl. H')","climate change — GWP 100a, incl. H (premise_gwp)",kg CO2-Eq
Transport,Steam methane reforming with CCS,Other direct emissions,Benzo(a)pyrene,biosphere,"('biosphere-3.12', '5e13c2ab-5466-4ff5-816d-702dfdf25f76')",Other direct emissions,0.0,0.0,1.2913371072509091e-12,kilogram,"('IPCC 2021', 'climate change', 'GWP 100a, incl. H')","climate change — GWP 100a, incl. H (premise_gwp)",kg CO2-Eq
Transport,Steam methane reforming with CCS,Other direct emissions,Butane,biosphere,"('biosphere-3.12', '982b0510-96ac-4bcb-a758-e98006b95f4d')",Other direct emissions,5.423763221248181e-10,8.777573894239943e-08,9.039605368746968e-08,kilogram,"('IPCC 2021', 'climate change', 'GWP 100a, incl. H')","climate change — GWP 100a, incl. H (premise_gwp)",kg CO2-Eq
Transport,Steam methane reforming with CCS,Other direct emissions,"Carbon dioxide, fossil",biosphere,"('biosphere-3.12', '349b29d1-3e58-4c66-98b9-9d1a076efd2e')",Other direct emissions,0.0,0.0,0.0,kilogram,"('IPCC 2021', 'climate change', 'GWP 100a, incl. H')","climate change — GWP 100a, incl. H (premise_gwp)",kg CO2-Eq
Transport,Steam methane reforming with CCS,Other direct emissions,"Carbon monoxide, fossil",biosphere,"('biosphere-3.12', 'ba2f3f82-c93a-47a5-822a-37ec97495275')",Other direct emissions,1.1016648459752899e-06,0.00017828847237194123,2.7118571434996304e-07,kilogram,"('IPCC 2021', 'climate change', 'GWP 100a, incl. H')","climate change — GWP 100a, incl. H (premise_gwp)",kg CO2-Eq
Transport,Steam methane reforming with CCS,Other direct emissions,Dinitrogen monoxide,biosphere,"('biosphere-3.12', '20185046-64bb-4c09-a8e7-e8a9e144ca98')",Other direct emissions,3.525350345238988e-06,0.0005705268076082847,1.2913371227981641e-08,kilogram,"('IPCC 2021', 'climate change', 'GWP 100a, incl. H')","climate change — GWP 100a, incl. H (premise_gwp)",kg CO2-Eq
Transport,Steam methane reforming with CCS,Other direct emissions,Formaldehyde,biosphere,"('biosphere-3.12', 'a861cfae-a310-4e9d-b9eb-5d555c9a684c')",Other direct emissions,0.0,0.0,1.2913371227981641e-08,kilogram,"('IPCC 2021', 'climate change', 'GWP 100a, incl. H')","climate change — GWP 100a, incl. H (premise_gwp)",kg CO2-Eq
Transport,Steam methane reforming with CCS,Other direct emissions,Mercury II,biosphere,"('biosphere-3.12', '71234253-b3a7-4dfe-b166-a484ad15bee7')",Other direct emissions,0.0,0.0,3.874134063240211e-12,kilogram,"('IPCC 2021', 'climate change', 'GWP 100a, incl. H')","climate change — GWP 100a, incl. H (premise_gwp)",kg CO2-Eq
Transport,Steam methane reforming with CCS,Other direct emissions,"Methane, fossil",biosphere,"('biosphere-3.12', '0795345f-c7ae-410c-ad25-1845784c75f5')",Other direct emissions,7.696734810826451e-06,0.0012456048649345476,2.582796916384715e-07,kilogram,"('IPCC 2021', 'climate change', 'GWP 100a, incl. H')","climate change — GWP 100a, incl. H (premise_gwp)",kg CO2-Eq
Transport,Steam methane reforming with CCS,Other direct emissions,Nitrogen oxides,biosphere,"('biosphere-3.12', 'c1b91234-6f24-417b-8309-46111d09c457')",Other direct emissions,0.0,0.0,2.311549883398863e-06,kilogram,"('IPCC 2021', 'climate change', 'GWP 100a, incl. H')","climate change — GWP 100a, incl. H (premise_gwp)",kg CO2-Eq
Transport,Steam methane reforming with CCS,Other direct emissions,"PAH, polycyclic aromatic hydrocarbons",biosphere,"('biosphere-3.12', '3e5d7d91-67d7-4afb-91dd-36fab58e4685')",Other direct emissions,0.0,0.0,1.2913372013527161e-09,kilogram,"('IPCC 2021', 'climate change', 'GWP 100a, incl. H')","climate change — GWP 100a, incl. H (premise_gwp)",kg CO2-Eq
Transport,Steam methane reforming with CCS,Other direct emissions,"Particulate Matter, < 2.5 um",biosphere,"('biosphere-3.12', '21e46cb8-6233-4c99-bac3-c41d2ab99498')",Other direct emissions,0.0,0.0,2.5827970001762376e-08,kilogram,"('IPCC 2021', 'climate change', 'GWP 100a, incl. H')","climate change — GWP 100a, incl. H (premise_gwp)",kg CO2-Eq
Transport,Steam methane reforming with CCS,Other direct emissions,Pentane,biosphere,"('biosphere-3.12', '516606eb-99f6-4e8c-b99a-6b439aaed48c')",Other direct emissions,0.0,0.0,1.5497027510217243e-07,kilogram,"('IPCC 2021', 'climate change', 'GWP 100a, incl. H')","climate change — GWP 100a, incl. H (premise_gwp)",kg CO2-Eq
Transport,Steam methane reforming with CCS,Other direct emissions,Propane,biosphere,"('biosphere-3.12', '3a6c936c-0276-4f11-9d98-1bd011387a6e')",Other direct emissions,5.165594000352475e-10,8.359764465400439e-08,2.5827970001762376e-08,kilogram,"('IPCC 2021', 'climate change', 'GWP 100a, incl. H')","climate change — GWP 100a, incl. H (premise_gwp)",kg CO2-Eq
Transport,Steam methane reforming with CCS,Other direct emissions,Propionic acid,biosphere,"('biosphere-3.12', 'a1ecc854-a399-4b01-bae2-3a88b12ed44f')",Other direct emissions,0.0,0.0,2.5827969478065363e-09,kilogram,"('IPCC 2021', 'climate change', 'GWP 100a, incl. H')","climate change — GWP 100a, incl. H (premise_gwp)",kg CO2-Eq
Transport,Steam methane reforming with CCS,Other direct emissions,Sulfur dioxide,biosphere,"('biosphere-3.12', 'fd7aa71c-508c-480d-81a6-8052aad92646')",Other direct emissions,0.0,0.0,4.484664290613899e-08,kilogram,"('IPCC 2021', 'climate change', 'GWP 100a, incl. H')","climate change — GWP 100a, incl. H (premise_gwp)",kg CO2-Eq
Transport,Steam methane reforming with CCS,Other direct emissions,Toluene,biosphere,"('biosphere-3.12', '3b1ecf8e-1d2c-4330-81da-a79f9068976d')",Other direct emissions,0.0,0.0,2.5827970001762376e-08,kilogram,"('IPCC 2021', 'climate change', 'GWP 100a, incl. H')","climate change — GWP 100a, incl. H (premise_gwp)",kg CO2-Eq
Transport,Steam methane reforming with CCS,Other direct emissions,"Water, cooling, unspecified natural origin",biosphere,"('biosphere-3.12', 'fc1c42ce-a759-49fa-b987-f1ec5e503db1')",Other direct emissions,0.0,0.0,0.0017522171643066435,cubic meter,"('IPCC 2021', 'climate change', 'GWP 100a, incl. H')","climate change — GWP 100a, incl. H (premise_gwp)",kg CO2-Eq
Transport,Steam methane reforming with CCS,Other direct emissions,Water,biosphere,"('biosphere-3.12', '2404b41a-2eed-4e9d-8ab6-783946fdf5d6')",Other direct emissions,0.0,0.0,0.0017016485919131908,cubic meter,"('IPCC 2021', 'climate change', 'GWP 100a, incl. H')","climate change — GWP 100a, incl. H (premise_gwp)",kg CO2-Eq
Transport,Steam methane reforming with CCS,Other direct emissions,Water,biosphere,"('biosphere-3.12', '075e433b-4be4-448e-9510-9a5029c1ce94')",Other direct emissions,0.0,0.0,5.056858955395645e-05,cubic meter,"('IPCC 2021', 'climate change', 'GWP 100a, incl. H')","climate change — GWP 100a, incl. H (premise_gwp)",kg CO2-Eq
Transport,Steam methane reforming with CCS,Other direct emissions,"Carbon dioxide, non-fossil",biosphere,"('biosphere-3.12', 'eba59fd6-f37e-41dc-9ca3-c7ea22d602c7')",Other direct emissions,0.0,0.0,0.04424371702184054,kilogram,"('IPCC 2021', 'climate change', 'GWP 100a, incl. H')","climate change — GWP 100a, incl. H (premise_gwp)",kg CO2-Eq
Chemicals,PEM electrolysis,Infrastructure,"electrolyzer production, 1MWe, PEM, Stack",RER,"('ecoinvent-3.12-cutoff_remind-SSP1-PkBudg650_2050_04_full', '4b10c19428e14b8f8d007e30ec00b854')",Upstream input,0.01734082487938773,3.056043496075004,,,"('IPCC 2021', 'climate change', 'GWP 100a, incl. H')","climate change — GWP 100a, incl. H (premise_gwp)",kg CO2-Eq
Chemicals,PEM electrolysis,Infrastructure,"electrolyzer production, 1MWe, PEM, Balance of Plant",RER,"('ecoinvent-3.12-cutoff_remind-SSP1-PkBudg650_2050_04_full', 'd3ccbd883a7f4693af1ca38b327f11a1')",Upstream input,0.0034535790828300623,0.6086381684650367,,,"('IPCC 2021', 'climate change', 'GWP 100a, incl. H')","climate change — GWP 100a, incl. H (premise_gwp)",kg CO2-Eq
Chemicals,PEM electrolysis,Waste treatment,"treatment of electrolyzer stack, 1MWe, PEM",RER,"('ecoinvent-3.12-cutoff_remind-SSP1-PkBudg650_2050_04_full', '13e729a7f3fc4f6182834436182fefe6')",Upstream input,4.765249443555027e-05,0.008397991254995912,,,"('IPCC 2021', 'climate change', 'GWP 100a, incl. H')","climate change — GWP 100a, incl. H (premise_gwp)",kg CO2-Eq
Chemicals,PEM electrolysis,Waste treatment,"treatment of electrolyzer balance of plant, 1MWe, PEM",RER,"('ecoinvent-3.12-cutoff_remind-SSP1-PkBudg650_2050_04_full', '4f96e300894a475a8c1971ce79fbca2c')",Upstream input,0.0004336724366286783,0.0764278423087833,,,"('IPCC 2021', 'climate change', 'GWP 100a, incl. H')","climate change — GWP 100a, incl. H (premise_gwp)",kg CO2-Eq
Chemicals,PEM electrolysis,Water,"deionized water production, via reverse osmosis, from brackish water",RER,"('ecoinvent-3.12-cutoff_remind-SSP1-PkBudg650_2050_04_full', '4e0a52c5b9864dfebab5c43621971720')",Upstream input,0.00022295881964054263,0.039292931875746964,,,"('IPCC 2021', 'climate change', 'GWP 100a, incl. H')","climate change — GWP 100a, incl. H (premise_gwp)",kg CO2-Eq
Chemicals,PEM electrolysis,Electricity,"market group for electricity, low voltage",EUR,"('ecoinvent-3.12-cutoff_remind-SSP1-PkBudg650_2050_04_full', '13f887da454449da9d91f12bd7f18f05')",Upstream input,0.38746819891061884,68.28508317526482,,,"('IPCC 2021', 'climate change', 'GWP 100a, incl. H')","climate change — GWP 100a, incl. H (premise_gwp)",kg CO2-Eq
Chemicals,PEM electrolysis,Other direct emissions,Oxygen,biosphere,"('biosphere-3.12', '9ec076d9-6d9f-4a0b-9851-730626ed4319')",Other direct emissions,0.0,0.0,5.297587840298096,kilogram,"('IPCC 2021', 'climate change', 'GWP 100a, incl. H')","climate change — GWP 100a, incl. H (premise_gwp)",kg CO2-Eq
Chemicals,PEM electrolysis,Other direct emissions,"Occupation, industrial area",biosphere,"('biosphere-3.12', 'fe9c3a98-a6d2-452d-a9a4-a13e64f1b95b')",Other direct emissions,0.0,0.0,0.0004022534096710235,square meter-year,"('IPCC 2021', 'climate change', 'GWP 100a, incl. H')","climate change — GWP 100a, incl. H (premise_gwp)",kg CO2-Eq
Chemicals,PEM electrolysis,Other direct emissions,"Transformation, from industrial area",biosphere,"('biosphere-3.12', 'b6dcefd8-3848-4338-9c3e-fe6e91f20937')",Other direct emissions,0.0,0.0,2.0112669760831963e-05,square meter,"('IPCC 2021', 'climate change', 'GWP 100a, incl. H')","climate change — GWP 100a, incl. H (premise_gwp)",kg CO2-Eq
Chemicals,PEM electrolysis,Other direct emissions,"Transformation, to industrial area",biosphere,"('biosphere-3.12', '4624deff-2016-41d4-b2bf-3db8dab88779')",Other direct emissions,0.0,0.0,2.0112669760831963e-05,square meter,"('IPCC 2021', 'climate change', 'GWP 100a, incl. H')","climate change — GWP 100a, incl. H (premise_gwp)",kg CO2-Eq
Chemicals,Biomass gasification,Infrastructure,"market for liquid storage tank, chemicals, organics",GLO,"('ecoinvent-3.12-cutoff_remind-SSP1-PkBudg650_2050_04_full', '65328045d6934aea9218657932fe4f18')",Upstream input,7.965895151598674e-09,1.4038618253619132e-06,,,"('IPCC 2021', 'climate change', 'GWP 100a, incl. H')","climate change — GWP 100a, incl. H (premise_gwp)",kg CO2-Eq
Chemicals,Biomass gasification,Water,"market for water, deionised",Europe without Switzerland,"('ecoinvent-3.12-cutoff_remind-SSP1-PkBudg650_2050_04_full', 'a3b3af9d63ee4c50a4506512784991e4')",Upstream input,7.051067455410121e-09,1.24263805138277e-06,,,"('IPCC 2021', 'climate change', 'GWP 100a, incl. H')","climate change — GWP 100a, incl. H (premise_gwp)",kg CO2-Eq
Chemicals,Biomass gasification,Biomass feedstock,"market for lignocellulosic biomass, used as fuel",EUR,"('ecoinvent-3.12-cutoff_remind-SSP1-PkBudg650_2050_04_full', '89cba6c9714f4f4bb98cf9b3e82f439a')",Upstream input,4.517839236865482e-07,7.961970270829875e-05,,,"('IPCC 2021', 'climate change', 'GWP 100a, incl. H')","climate change — GWP 100a, incl. H (premise_gwp)",kg CO2-Eq
Chemicals,Biomass gasification,Infrastructure,synthetic gas factory construction,RoW,"('ecoinvent-3.12-cutoff_remind-SSP1-PkBudg650_2050_04_full', '2d99aa9618294621ad0ab6a287164682')",Upstream input,3.66742724935756e-10,6.463254932035931e-08,,,"('IPCC 2021', 'climate change', 'GWP 100a, incl. H')","climate change — GWP 100a, incl. H (premise_gwp)",kg CO2-Eq
Chemicals,Biomass gasification,Water,"treatment of wastewater, average, wastewater treatment",Europe without Switzerland,"('ecoinvent-3.12-cutoff_remind-SSP1-PkBudg650_2050_04_full', 'db7e3c0fc9d3451395736c9985715bb8')",Upstream input,7.320680974422325e-09,1.2901531290657546e-06,,,"('IPCC 2021', 'climate change', 'GWP 100a, incl. H')","climate change — GWP 100a, incl. H (premise_gwp)",kg CO2-Eq
Chemicals,Biomass gasification,Other direct emissions,"Carbon dioxide, non-fossil",biosphere,"('biosphere-3.12', 'eba59fd6-f37e-41dc-9ca3-c7ea22d602c7')",Other direct emissions,0.0,0.0,7.70229301991037e-05,kilogram,"('IPCC 2021', 'climate change', 'GWP 100a, incl. H')","climate change — GWP 100a, incl. H (premise_gwp)",kg CO2-Eq
Chemicals,Biomass gasification with CCS,CO2 capture and storage,"carbon dioxide, captured at hydrogen production plant, pre, pipeline 200km, storage 1000m",RER,"('ecoinvent-3.12-cutoff_remind-SSP1-PkBudg650_2050_04_full', 'f35934f4c5ec445c8e063cf6d8b1795b')",Upstream input,0.02432679253423312,4.2872087470866616,,,"('IPCC 2021', 'climate change', 'GWP 100a, incl. H')","climate change — GWP 100a, incl. H (premise_gwp)",kg CO2-Eq
Chemicals,Biomass gasification with CCS,Infrastructure,"market for liquid storage tank, chemicals, organics",GLO,"('ecoinvent-3.12-cutoff_remind-SSP1-PkBudg650_2050_04_full', '65328045d6934aea9218657932fe4f18')",Upstream input,0.0007304207590957928,0.12872499582682362,,,"('IPCC 2021', 'climate change', 'GWP 100a, incl. H')","climate change — GWP 100a, incl. H (premise_gwp)",kg CO2-Eq
Chemicals,Biomass gasification with CCS,Water,"market for water, deionised",Europe without Switzerland,"('ecoinvent-3.12-cutoff_remind-SSP1-PkBudg650_2050_04_full', 'a3b3af9d63ee4c50a4506512784991e4')",Upstream input,0.0006473808590467447,0.11409053937941084,,,"('IPCC 2021', 'climate change', 'GWP 100a, incl. H')","climate change — GWP 100a, incl. H (premise_gwp)",kg CO2-Eq
Chemicals,Biomass gasification with CCS,Biomass feedstock,"market for lignocellulosic biomass, used as fuel",EUR,"('ecoinvent-3.12-cutoff_remind-SSP1-PkBudg650_2050_04_full', '89cba6c9714f4f4bb98cf9b3e82f439a')",Upstream input,0.0414256464849626,7.300608730646627,,,"('IPCC 2021', 'climate change', 'GWP 100a, incl. H')","climate change — GWP 100a, incl. H (premise_gwp)",kg CO2-Eq
Chemicals,Biomass gasification with CCS,Infrastructure,synthetic gas factory construction,RoW,"('ecoinvent-3.12-cutoff_remind-SSP1-PkBudg650_2050_04_full', '2d99aa9618294621ad0ab6a287164682')",Upstream input,3.3627921839603216e-05,0.005926384271753659,,,"('IPCC 2021', 'climate change', 'GWP 100a, incl. H')","climate change — GWP 100a, incl. H (premise_gwp)",kg CO2-Eq
Chemicals,Biomass gasification with CCS,Water,"treatment of wastewater, average, wastewater treatment",Europe without Switzerland,"('ecoinvent-3.12-cutoff_remind-SSP1-PkBudg650_2050_04_full', 'db7e3c0fc9d3451395736c9985715bb8')",Upstream input,0.0006712588168277055,0.11829864816798394,,,"('IPCC 2021', 'climate change', 'GWP 100a, incl. H')","climate change — GWP 100a, incl. H (premise_gwp)",kg CO2-Eq
Chemicals,Biomass gasification with CCS,Other direct emissions,"Carbon dioxide, non-fossil",biosphere,"('biosphere-3.12', 'eba59fd6-f37e-41dc-9ca3-c7ea22d602c7')",Other direct emissions,0.0,0.0,0.5076820659435527,kilogram,"('IPCC 2021', 'climate change', 'GWP 100a, incl. H')","climate change — GWP 100a, incl. H (premise_gwp)",kg CO2-Eq
Chemicals,Coal gasification with CCS,Infrastructure,"chemical factory construction, organics",RER,"('ecoinvent-3.12-cutoff_remind-SSP1-PkBudg650_2050_04_full', '8e7d31369cdb4b2688a5e8bf919310c0')",Upstream input,2.7872975525777917e-08,4.912166875813519e-06,,,"('IPCC 2021', 'climate change', 'GWP 100a, incl. H')","climate change — GWP 100a, incl. H (premise_gwp)",kg CO2-Eq
Chemicals,Coal gasification with CCS,Other raw materials,"limestone production, milled, packed",Europe without Switzerland,"('ecoinvent-3.12-cutoff_remind-SSP1-PkBudg650_2050_04_full', 'bdc114f35c9742219f056ea4203192d8')",Upstream input,3.018766238419765e-09,5.32009347494158e-07,,,"('IPCC 2021', 'climate change', 'GWP 100a, incl. H')","climate change — GWP 100a, incl. H (premise_gwp)",kg CO2-Eq
Chemicals,Coal gasification with CCS,Infrastructure,"liquid storage tank production, chemicals, organics",RoW,"('ecoinvent-3.12-cutoff_remind-SSP1-PkBudg650_2050_04_full', '00ec9ef702ab4db28b3eb182865fdafb')",Upstream input,3.743857123226691e-09,6.597950380821201e-07,,,"('IPCC 2021', 'climate change', 'GWP 100a, incl. H')","climate change — GWP 100a, incl. H (premise_gwp)",kg CO2-Eq
Chemicals,Coal gasification with CCS,Fossil feedstock,market for hard coal,BE,"('ecoinvent-3.12-cutoff_remind-SSP1-PkBudg650_2050_04_full', '1e18d48334e340d5a242914af00668fd')",Upstream input,3.6027318637850734e-08,6.349239645173843e-06,,,"('IPCC 2021', 'climate change', 'GWP 100a, incl. H')","climate change — GWP 100a, incl. H (premise_gwp)",kg CO2-Eq
Chemicals,Coal gasification with CCS,Fossil feedstock,market for hard coal,FI,"('ecoinvent-3.12-cutoff_remind-SSP1-PkBudg650_2050_04_full', 'ea7b7b7a5c3b4e759380ba049bd77910')",Upstream input,3.376148875754923e-08,5.949923308317305e-06,,,"('IPCC 2021', 'climate change', 'GWP 100a, incl. H')","climate change — GWP 100a, incl. H (premise_gwp)",kg CO2-Eq
Chemicals,Coal gasification with CCS,Fossil feedstock,market for hard coal,IT,"('ecoinvent-3.12-cutoff_remind-SSP1-PkBudg650_2050_04_full', '9ef9602812a34373b85be42d2ca62ebb')",Upstream input,1.423699835665528e-07,2.5090436316673708e-05,,,"('IPCC 2021', 'climate change', 'GWP 100a, incl. H')","climate change — GWP 100a, incl. H (premise_gwp)",kg CO2-Eq
Chemicals,Coal gasification with CCS,Fossil feedstock,market for hard coal,DE,"('ecoinvent-3.12-cutoff_remind-SSP1-PkBudg650_2050_04_full', '5775c4cf27024a1d88f0c5dac4340be0')",Upstream input,4.85566488405376e-07,8.557334031826184e-05,,,"('IPCC 2021', 'climate change', 'GWP 100a, incl. H')","climate change — GWP 100a, incl. H (premise_gwp)",kg CO2-Eq
Chemicals,Coal gasification with CCS,Fossil feedstock,market for hard coal,DK,"('ecoinvent-3.12-cutoff_remind-SSP1-PkBudg650_2050_04_full', 'bcb55ab7692c4e0bbfa618d75aff9557')",Upstream input,2.1879732177084955e-08,3.85595343247618e-06,,,"('IPCC 2021', 'climate change', 'GWP 100a, incl. H')","climate change — GWP 100a, incl. H (premise_gwp)",kg CO2-Eq
Chemicals,Coal gasification with CCS,Fossil feedstock,market for hard coal,FR,"('ecoinvent-3.12-cutoff_remind-SSP1-PkBudg650_2050_04_full', '00dc1da922a34fb6860a0db19dfc97ee')",Upstream input,8.574249565063652e-08,1.5110745768607226e-05,,,"('IPCC 2021', 'climate change', 'GWP 100a, incl. H')","climate change — GWP 100a, incl. H (premise_gwp)",kg CO2-Eq
Chemicals,Coal gasification with CCS,Fossil feedstock,market for hard coal,AT,"('ecoinvent-3.12-cutoff_remind-SSP1-PkBudg650_2050_04_full', 'a0d571e40ba74907bb7fcfc3bc96e9b5')",Upstream input,2.718169313849393e-08,4.790339393078163e-06,,,"('IPCC 2021', 'climate change', 'GWP 100a, incl. H')","climate change — GWP 100a, incl. H (premise_gwp)",kg CO2-Eq
Chemicals,Coal gasification with CCS,Fossil feedstock,market for hard coal,CZ,"('ecoinvent-3.12-cutoff_remind-SSP1-PkBudg650_2050_04_full', '4ad0cba393304ef195ebbf921e07db45')",Upstream input,5.892615591208757e-08,1.0384794078503789e-05,,,"('IPCC 2021', 'climate change', 'GWP 100a, incl. H')","climate change — GWP 100a, incl. H (premise_gwp)",kg CO2-Eq
Chemicals,Coal gasification with CCS,Fossil feedstock,market for hard coal,SE,"('ecoinvent-3.12-cutoff_remind-SSP1-PkBudg650_2050_04_full', '2a697fb10c3d42ddb4a13eb359e7e9fe')",Upstream input,1.9459662550589923e-08,3.4294548031699174e-06,,,"('IPCC 2021', 'climate change', 'GWP 100a, incl. H')","climate change — GWP 100a, incl. H (premise_gwp)",kg CO2-Eq
Chemicals,Coal gasification with CCS,Fossil feedstock,market for hard coal,IE,"('ecoinvent-3.12-cutoff_remind-SSP1-PkBudg650_2050_04_full', 'b92b9e8ad3844979a15b4b92c92cf146')",Upstream input,1.631522674746837e-08,2.8752982015207406e-06,,,"('IPCC 2021', 'climate change', 'GWP 100a, incl. H')","climate change — GWP 100a, incl. H (premise_gwp)",kg CO2-Eq
Chemicals,Coal gasification with CCS,Fossil feedstock,market for hard coal,EE,"('ecoinvent-3.12-cutoff_remind-SSP1-PkBudg650_2050_04_full', '98b10ecd77444b3a8d91976aaef07588')",Upstream input,3.898398871131264e-11,6.870305535112172e-09,,,"('IPCC 2021', 'climate change', 'GWP 100a, incl. H')","climate change — GWP 100a, incl. H (premise_gwp)",kg CO2-Eq
Chemicals,Coal gasification with CCS,Fossil feedstock,market for hard coal,LV,"('ecoinvent-3.12-cutoff_remind-SSP1-PkBudg650_2050_04_full', '5bdbe2e35e534ea381876f11ee515563')",Upstream input,2.5441035536616663e-10,4.483576284626868e-08,,,"('IPCC 2021', 'climate change', 'GWP 100a, incl. H')","climate change — GWP 100a, incl. H (premise_gwp)",kg CO2-Eq
Chemicals,Coal gasification with CCS,Fossil feedstock,market for hard coal,BG,"('ecoinvent-3.12-cutoff_remind-SSP1-PkBudg650_2050_04_full', '53945b28aa8a4680b66f815ed50472a6')",Upstream input,8.834063444663876e-09,1.55686262457269e-06,,,"('IPCC 2021', 'climate change', 'GWP 100a, incl. H')","climate change — GWP 100a, incl. H (premise_gwp)",kg CO2-Eq
Chemicals,Coal gasification with CCS,Fossil feedstock,market for hard coal,PT,"('ecoinvent-3.12-cutoff_remind-SSP1-PkBudg650_2050_04_full', 'a7bae5d2f0164f3bbd69f12c54a1ac01')",Upstream input,2.7646336381306407e-11,4.872225345451751e-09,,,"('IPCC 2021', 'climate change', 'GWP 100a, incl. H')","climate change — GWP 100a, incl. H (premise_gwp)",kg CO2-Eq
Chemicals,Coal gasification with CCS,Fossil feedstock,market for hard coal,NL,"('ecoinvent-3.12-cutoff_remind-SSP1-PkBudg650_2050_04_full', '2978d6563e55427d957b45a645996356')",Upstream input,9.163623877054021e-08,1.614942388538632e-05,,,"('IPCC 2021', 'climate change', 'GWP 100a, incl. H')","climate change — GWP 100a, incl. H (premise_gwp)",kg CO2-Eq
Chemicals,Coal gasification with CCS,Fossil feedstock,market for hard coal,GB,"('ecoinvent-3.12-cutoff_remind-SSP1-PkBudg650_2050_04_full', '3e3b2c2ae54c4e2eaf4a7e14ad9e54f3')",Upstream input,6.931474038632598e-08,1.2215616212787576e-05,,,"('IPCC 2021', 'climate change', 'GWP 100a, incl. H')","climate change — GWP 100a, incl. H (premise_gwp)",kg CO2-Eq
Chemicals,Coal gasification with CCS,Fossil feedstock,market for hard coal,ES,"('ecoinvent-3.12-cutoff_remind-SSP1-PkBudg650_2050_04_full', 'd584a79ce0364d2eb929aa16062cdd63')",Upstream input,6.826015390084115e-08,1.2029762183787756e-05,,,"('IPCC 2021', 'climate change', 'GWP 100a, incl. H')","climate change — GWP 100a, incl. H (premise_gwp)",kg CO2-Eq
Chemicals,Coal gasification with CCS,Fossil feedstock,market for hard coal,SK,"('ecoinvent-3.12-cutoff_remind-SSP1-PkBudg650_2050_04_full', 'ca5af9df10c24ade910fb2258af2df58')",Upstream input,2.963710176580613e-08,5.223065957004391e-06,,,"('IPCC 2021', 'climate change', 'GWP 100a, incl. H')","climate change — GWP 100a, incl. H (premise_gwp)",kg CO2-Eq
Chemicals,Coal gasification with CCS,Fossil feedstock,market for hard coal,PL,"('ecoinvent-3.12-cutoff_remind-SSP1-PkBudg650_2050_04_full', 'cc24e06b42be4d93be6730e28f75e09c')",Upstream input,6.970717435285539e-07,0.0001228477643321496,,,"('IPCC 2021', 'climate change', 'GWP 100a, incl. H')","climate change — GWP 100a, incl. H (premise_gwp)",kg CO2-Eq
Chemicals,Coal gasification with CCS,Fossil feedstock,market for hard coal,HR,"('ecoinvent-3.12-cutoff_remind-SSP1-PkBudg650_2050_04_full', '99858cf830aa4370989bf7d099c6b6cd')",Upstream input,8.356386712427689e-09,1.4726797277998864e-06,,,"('IPCC 2021', 'climate change', 'GWP 100a, incl. H')","climate change — GWP 100a, incl. H (premise_gwp)",kg CO2-Eq
Chemicals,Coal gasification with CCS,Transport services,"market for transport, freight, train",EUR,"('ecoinvent-3.12-cutoff_remind-SSP1-PkBudg650_2050_04_full', 'b45e6c68ddb84d1ba5a1ef63110282ba')",Upstream input,7.340350267709337e-09,1.2936195279389487e-06,,,"('IPCC 2021', 'climate change', 'GWP 100a, incl. H')","climate change — GWP 100a, incl. H (premise_gwp)",kg CO2-Eq
Chemicals,Coal gasification with CCS,Other raw materials,"methanol production, from coal gasification",CN,"('ecoinvent-3.12-cutoff_remind-SSP1-PkBudg650_2050_04_full', '36f7de9581d640eab90f302044b48024')",Upstream input,1.2551816439386274e-08,2.21205722682254e-06,,,"('IPCC 2021', 'climate change', 'GWP 100a, incl. H')","climate change — GWP 100a, incl. H (premise_gwp)",kg CO2-Eq
Chemicals,Coal gasification with CCS,Water,"transport, freight, inland waterways, barge, diesel",RER,"('ecoinvent-3.12-cutoff_remind-SSP1-PkBudg650_2050_04_full', '65accb569ab7402d9ed0783570ba6837')",Upstream input,5.4496208519854245e-09,9.60408658562776e-07,,,"('IPCC 2021', 'climate change', 'GWP 100a, incl. H')","climate change — GWP 100a, incl. H (premise_gwp)",kg CO2-Eq
Chemicals,Coal gasification with CCS,Fossil feedstock,"treatment of hard coal ash, residual material landfill",BE,"('ecoinvent-3.12-cutoff_remind-SSP1-PkBudg650_2050_04_full', '58783f3c42814ab5818f4273b0980078')",Upstream input,1.6101020946307494e-12,2.8375478493885677e-10,,,"('IPCC 2021', 'climate change', 'GWP 100a, incl. H')","climate change — GWP 100a, incl. H (premise_gwp)",kg CO2-Eq
Chemicals,Coal gasification with CCS,Fossil feedstock,"treatment of hard coal ash, residual material landfill",IT,"('ecoinvent-3.12-cutoff_remind-SSP1-PkBudg650_2050_04_full', '6d1b0d66637b4907910280714b323d66')",Upstream input,2.0897234499564286e-11,3.6828039048049306e-09,,,"('IPCC 2021', 'climate change', 'GWP 100a, incl. H')","climate change — GWP 100a, incl. H (premise_gwp)",kg CO2-Eq
Chemicals,Coal gasification with CCS,Fossil feedstock,"treatment of hard coal ash, residual material landfill",DE,"('ecoinvent-3.12-cutoff_remind-SSP1-PkBudg650_2050_04_full', 'f3e0c5c73d6f4615a84f491ffcaf1112')",Upstream input,4.5052626042189584e-11,7.939805963959087e-09,,,"('IPCC 2021', 'climate change', 'GWP 100a, incl. H')","climate change — GWP 100a, incl. H (premise_gwp)",kg CO2-Eq
Chemicals,Coal gasification with CCS,Fossil feedstock,"treatment of hard coal ash, residual material landfill",FR,"('ecoinvent-3.12-cutoff_remind-SSP1-PkBudg650_2050_04_full', '1dd3f98d2e4647439a33618292794a79')",Upstream input,7.590327333834593e-12,1.3376739943448729e-09,,,"('IPCC 2021', 'climate change', 'GWP 100a, incl. H')","climate change — GWP 100a, incl. H (premise_gwp)",kg CO2-Eq
Chemicals,Coal gasification with CCS,Fossil feedstock,"treatment of hard coal ash, residual material landfill",AT,"('ecoinvent-3.12-cutoff_remind-SSP1-PkBudg650_2050_04_full', '27808455427d47fba451c9f49d6148b5')",Upstream input,1.4471099806868272e-12,2.550300274262011e-10,,,"('IPCC 2021', 'climate change', 'GWP 100a, incl. H')","climate change — GWP 100a, incl. H (premise_gwp)",kg CO2-Eq
Chemicals,Coal gasification with CCS,Fossil feedstock,"treatment of hard coal ash, residual material landfill",CZ,"('ecoinvent-3.12-cutoff_remind-SSP1-PkBudg650_2050_04_full', '8c2ba8852edb4d7e8e8dfa3c07351c8d')",Upstream input,6.650522687522429e-11,1.1720484317248803e-08,,,"('IPCC 2021', 'climate change', 'GWP 100a, incl. H')","climate change — GWP 100a, incl. H (premise_gwp)",kg CO2-Eq
Chemicals,Coal gasification with CCS,Fossil feedstock,"treatment of hard coal ash, residual material landfill",PT,"('ecoinvent-3.12-cutoff_remind-SSP1-PkBudg650_2050_04_full', '49c29cc8572e4399b9589694fbbec48a')",Upstream input,4.857920544474069e-12,8.561309273145318e-10,,,"('IPCC 2021', 'climate change', 'GWP 100a, incl. H')","climate change — GWP 100a, incl. H (premise_gwp)",kg CO2-Eq
Chemicals,Coal gasification with CCS,Fossil feedstock,"treatment of hard coal ash, residual material landfill",NL,"('ecoinvent-3.12-cutoff_remind-SSP1-PkBudg650_2050_04_full', 'cecefb1df95d46c08435fe6d0b060412')",Upstream input,7.668232775195917e-12,1.3514035844328348e-09,,,"('IPCC 2021', 'climate change', 'GWP 100a, incl. H')","climate change — GWP 100a, incl. H (premise_gwp)",kg CO2-Eq
Chemicals,Coal gasification with CCS,Fossil feedstock,"treatment of hard coal ash, residual material landfill",ES,"('ecoinvent-3.12-cutoff_remind-SSP1-PkBudg650_2050_04_full', 'ae319a3e8a52445a97dfd6068775a21f')",Upstream input,5.132519070693187e-10,9.045245329198348e-08,,,"('IPCC 2021', 'climate change', 'GWP 100a, incl. H')","climate change — GWP 100a, incl. H (premise_gwp)",kg CO2-Eq
Chemicals,Coal gasification with CCS,Fossil feedstock,"treatment of hard coal ash, residual material landfill",SK,"('ecoinvent-3.12-cutoff_remind-SSP1-PkBudg650_2050_04_full', '575be8dc4e1f4e39bd938cf4095f60e4')",Upstream input,1.130342039530657e-11,1.992047357766631e-09,,,"('IPCC 2021', 'climate change', 'GWP 100a, incl. H')","climate change — GWP 100a, incl. H (premise_gwp)",kg CO2-Eq
Chemicals,Coal gasification with CCS,Fossil feedstock,"treatment of hard coal ash, residual material landfill",PL,"('ecoinvent-3.12-cutoff_remind-SSP1-PkBudg650_2050_04_full', '38ab4dfee94d48a3a2aacae6712936ae')",Upstream input,9.54861311419877e-10,1.6827905942853834e-07,,,"('IPCC 2021', 'climate change', 'GWP 100a, incl. H')","climate change — GWP 100a, incl. H (premise_gwp)",kg CO2-Eq
Chemicals,Coal gasification with CCS,Fossil feedstock,"treatment of hard coal ash, residual material landfill",HR,"('ecoinvent-3.12-cutoff_remind-SSP1-PkBudg650_2050_04_full', '9674a8eac898427989f9a803bc3039d1')",Upstream input,1.0789705702676112e-11,1.901513345909007e-09,,,"('IPCC 2021', 'climate change', 'GWP 100a, incl. H')","climate change — GWP 100a, incl. H (premise_gwp)",kg CO2-Eq
Chemicals,Coal gasification with CCS,Waste treatment,"treatment of waste gypsum, inert material landfill",Europe without Switzerland,"('ecoinvent-3.12-cutoff_remind-SSP1-PkBudg650_2050_04_full', 'fb1f9abf63a149e68b084549a51e0345')",Upstream input,7.039397445421946e-10,1.2405813984627648e-07,,,"('IPCC 2021', 'climate change', 'GWP 100a, incl. H')","climate change — GWP 100a, incl. H (premise_gwp)",kg CO2-Eq
Chemicals,Coal gasification with CCS,Water,"treatment of wastewater, average, wastewater treatment",Europe without Switzerland,"('ecoinvent-3.12-cutoff_remind-SSP1-PkBudg650_2050_04_full', 'db7e3c0fc9d3451395736c9985715bb8')",Upstream input,8.900355757051333e-09,1.5685455861111732e-06,,,"('IPCC 2021', 'climate change', 'GWP 100a, incl. H')","climate change — GWP 100a, incl. H (premise_gwp)",kg CO2-Eq
Chemicals,Coal gasification with CCS,CO2 capture and storage,"carbon dioxide, captured at hydrogen production plant, pre, pipeline 200km, storage 1000m",RER,"('ecoinvent-3.12-cutoff_remind-SSP1-PkBudg650_2050_04_full', 'f35934f4c5ec445c8e063cf6d8b1795b')",Upstream input,6.238490650069396e-08,1.0994343642286093e-05,,,"('IPCC 2021', 'climate change', 'GWP 100a, incl. H')","climate change — GWP 100a, incl. H (premise_gwp)",kg CO2-Eq
Chemicals,Coal gasification with CCS,Water,"water production, deionised",Europe without Switzerland,"('ecoinvent-3.12-cutoff_remind-SSP1-PkBudg650_2050_04_full', 'd8ec6354f9a7473da79499703b97a362')",Upstream input,1.3673158513073783e-09,2.4096758623259376e-07,,,"('IPCC 2021', 'climate change', 'GWP 100a, incl. H')","climate change — GWP 100a, incl. H (premise_gwp)",kg CO2-Eq
Chemicals,Coal gasification with CCS,Other raw materials,"market for nitrogen, liquid",RER,"('ecoinvent-3.12-cutoff_remind-SSP1-PkBudg650_2050_04_full', '33f71c3c6dae4e40bc89e0d449024a5a')",Upstream input,6.82816230663266e-11,1.2033545781396539e-08,,,"('IPCC 2021', 'climate change', 'GWP 100a, incl. H')","climate change — GWP 100a, incl. H (premise_gwp)",kg CO2-Eq
Chemicals,Coal gasification with CCS,Other raw materials,"market for ammonia, anhydrous, liquid",RER,"('ecoinvent-3.12-cutoff_remind-SSP1-PkBudg650_2050_04_full', 'f182f94f3ddb4531a1841fcf43b8a2a9')",Upstream input,1.9808596202437832e-11,3.4909487877241945e-09,,,"('IPCC 2021', 'climate change', 'GWP 100a, incl. H')","climate change — GWP 100a, incl. H (premise_gwp)",kg CO2-Eq
Chemicals,Coal gasification with CCS,Electricity,"market group for electricity, medium voltage",EUR,"('ecoinvent-3.12-cutoff_remind-SSP1-PkBudg650_2050_04_full', '1f68882440364dbcaec11614acdb8a39')",Upstream input,8.878232931343906e-08,1.5646467913255606e-05,,,"('IPCC 2021', 'climate change', 'GWP 100a, incl. H')","climate change — GWP 100a, incl. H (premise_gwp)",kg CO2-Eq
Chemicals,Coal gasification with CCS,Other raw materials,"market for aluminium oxide, metallurgical","IAI Area, Western and Central Europe","('ecoinvent-3.12-cutoff_remind-SSP1-PkBudg650_2050_04_full', '25a7ad1d1ee14c438339ef0f94f9d6ca')",Upstream input,5.751182822234855e-10,1.0135541406407238e-07,,,"('IPCC 2021', 'climate change', 'GWP 100a, incl. H')","climate change — GWP 100a, incl. H (premise_gwp)",kg CO2-Eq
Chemicals,Coal gasification with CCS,Ammonia leakage,Ammonia,biosphere,"('biosphere-3.12', '0f440cc0-0f74-446d-99d6-8ff0e97a2444')",Ammonia leakage,0.0,0.0,7.580944643323931e-09,kilogram,"('IPCC 2021', 'climate change', 'GWP 100a, incl. H')","climate change — GWP 100a, incl. H (premise_gwp)",kg CO2-Eq
Chemicals,Coal gasification with CCS,Other direct emissions,"Carbon dioxide, fossil",biosphere,"('biosphere-3.12', 'aa7cac3a-3625-41d4-bc54-33e2cf11ec46')",Other direct emissions,2.7143599172416695e-06,0.00047836259398209075,2.7143599172416695e-06,kilogram,"('IPCC 2021', 'climate change', 'GWP 100a, incl. H')","climate change — GWP 100a, incl. H (premise_gwp)",kg CO2-Eq
Chemicals,Coal gasification with CCS,Other direct emissions,Hydrochloric acid,biosphere,"('biosphere-3.12', '68e32537-beae-41c2-be72-74df4d273c11')",Other direct emissions,0.0,0.0,1.1355655790744011e-08,kilogram,"('IPCC 2021', 'climate change', 'GWP 100a, incl. H')","climate change — GWP 100a, incl. H (premise_gwp)",kg CO2-Eq
Chemicals,Coal gasification with CCS,Other direct emissions,"Water, cooling, unspecified natural origin",biosphere,"('biosphere-3.12', 'fc1c42ce-a759-49fa-b987-f1ec5e503db1')",Other direct emissions,0.0,0.0,3.502400032633441e-08,cubic meter,"('IPCC 2021', 'climate change', 'GWP 100a, incl. H')","climate change — GWP 100a, incl. H (premise_gwp)",kg CO2-Eq
Chemicals,Steam methane reforming with CCS,CO2 capture and storage,"carbon dioxide, captured at hydrogen production plant, pre, pipeline 200km, storage 1000m",RER,"('ecoinvent-3.12-cutoff_remind-SSP1-PkBudg650_2050_04_full', 'f35934f4c5ec445c8e063cf6d8b1795b')",Upstream input,0.0001058008596168653,0.01864571213654295,,,"('IPCC 2021', 'climate change', 'GWP 100a, incl. H')","climate change — GWP 100a, incl. H (premise_gwp)",kg CO2-Eq
Chemicals,Steam methane reforming with CCS,Infrastructure,"chemical factory construction, organics",RER,"('ecoinvent-3.12-cutoff_remind-SSP1-PkBudg650_2050_04_full', '8e7d31369cdb4b2688a5e8bf919310c0')",Upstream input,8.966657854271263e-05,0.01580230272070141,,,"('IPCC 2021', 'climate change', 'GWP 100a, incl. H')","climate change — GWP 100a, incl. H (premise_gwp)",kg CO2-Eq
Chemicals,Steam methane reforming with CCS,Other raw materials,"market for chromium trioxide, flakes",GLO,"('ecoinvent-3.12-cutoff_remind-SSP1-PkBudg650_2050_04_full', 'a06e068f68e041e2ac0c80fc5e0557f8')",Upstream input,4.150154327246085e-07,7.31398432756432e-05,,,"('IPCC 2021', 'climate change', 'GWP 100a, incl. H')","climate change — GWP 100a, incl. H (premise_gwp)",kg CO2-Eq
Chemicals,Steam methane reforming with CCS,Other raw materials,market for copper oxide,GLO,"('ecoinvent-3.12-cutoff_remind-SSP1-PkBudg650_2050_04_full', '9b2b7bfc24cd49bfadec1024e3fb0230')",Upstream input,2.2118844104024604e-06,0.000389809309158931,,,"('IPCC 2021', 'climate change', 'GWP 100a, incl. H')","climate change — GWP 100a, incl. H (premise_gwp)",kg CO2-Eq
Chemicals,Steam methane reforming with CCS,Other raw materials,market for diethanolamine,GLO,"('ecoinvent-3.12-cutoff_remind-SSP1-PkBudg650_2050_04_full', '4a5e3b6e092f4a8d876ebe45937da2dc')",Upstream input,1.6791778670279515e-06,0.0002959282868592729,,,"('IPCC 2021', 'climate change', 'GWP 100a, incl. H')","climate change — GWP 100a, incl. H (premise_gwp)",kg CO2-Eq
Chemicals,Steam methane reforming with CCS,Infrastructure,"market for liquid storage tank, chemicals, organics",GLO,"('ecoinvent-3.12-cutoff_remind-SSP1-PkBudg650_2050_04_full', '65328045d6934aea9218657932fe4f18')",Upstream input,1.0098355686217603e-05,0.001779673944611508,,,"('IPCC 2021', 'climate change', 'GWP 100a, incl. H')","climate change — GWP 100a, incl. H (premise_gwp)",kg CO2-Eq
Chemicals,Steam methane reforming with CCS,Other raw materials,market for magnesium oxide,GLO,"('ecoinvent-3.12-cutoff_remind-SSP1-PkBudg650_2050_04_full', '3fc57c117f4c4a6abe4afab728b57ef3')",Upstream input,1.622152568695035e-07,2.8587848857723183e-05,,,"('IPCC 2021', 'climate change', 'GWP 100a, incl. H')","climate change — GWP 100a, incl. H (premise_gwp)",kg CO2-Eq
Chemicals,Steam methane reforming with CCS,Other raw materials,market for molybdenum trioxide,GLO,"('ecoinvent-3.12-cutoff_remind-SSP1-PkBudg650_2050_04_full', '5de4e1a7764f410b8a69af4bfab86f57')",Upstream input,1.5856748479599675e-07,2.7944987275420073e-05,,,"('IPCC 2021', 'climate change', 'GWP 100a, incl. H')","climate change — GWP 100a, incl. H (premise_gwp)",kg CO2-Eq
Chemicals,Steam methane reforming with CCS,Other raw materials,market for portafer,GLO,"('ecoinvent-3.12-cutoff_remind-SSP1-PkBudg650_2050_04_full', '58b064c0cce34a9bba324f6605d30448')",Upstream input,8.751136125318452e-08,1.5422480086766632e-05,,,"('IPCC 2021', 'climate change', 'GWP 100a, incl. H')","climate change — GWP 100a, incl. H (premise_gwp)",kg CO2-Eq
Chemicals,Steam methane reforming with CCS,Other raw materials,"market for quicklime, milled, packed",RER,"('ecoinvent-3.12-cutoff_remind-SSP1-PkBudg650_2050_04_full', '62e91632f4e8492eaaa9cbe5152aea01')",Upstream input,2.592427315696766e-07,4.568739199136652e-05,,,"('IPCC 2021', 'climate change', 'GWP 100a, incl. H')","climate change — GWP 100a, incl. H (premise_gwp)",kg CO2-Eq
Chemicals,Steam methane reforming with CCS,Water,"market for water, deionised",Europe without Switzerland,"('ecoinvent-3.12-cutoff_remind-SSP1-PkBudg650_2050_04_full', 'a3b3af9d63ee4c50a4506512784991e4')",Upstream input,2.489761063063154e-06,0.00043878063220621094,,,"('IPCC 2021', 'climate change', 'GWP 100a, incl. H')","climate change — GWP 100a, incl. H (premise_gwp)",kg CO2-Eq
Chemicals,Steam methane reforming with CCS,Other raw materials,"market for zeolite, powder",GLO,"('ecoinvent-3.12-cutoff_remind-SSP1-PkBudg650_2050_04_full', 'aa37275a67b943c1b3c9804c7b3cf087')",Upstream input,2.0420173953555087e-05,0.003598729601015705,,,"('IPCC 2021', 'climate change', 'GWP 100a, incl. H')","climate change — GWP 100a, incl. H (premise_gwp)",kg CO2-Eq
Chemicals,Steam methane reforming with CCS,Other raw materials,market for zinc oxide,GLO,"('ecoinvent-3.12-cutoff_remind-SSP1-PkBudg650_2050_04_full', 'd8f30b36acca41f8abdc5c246e360c64')",Upstream input,2.4155801521103704e-07,4.2570743113146613e-05,,,"('IPCC 2021', 'climate change', 'GWP 100a, incl. H')","climate change — GWP 100a, incl. H (premise_gwp)",kg CO2-Eq
Chemicals,Steam methane reforming with CCS,Fossil feedstock,"market for natural gas, high pressure",EUR,"('ecoinvent-3.12-cutoff_remind-SSP1-PkBudg650_2050_04_full', 'f7d9451c5108493ebaa4f2c4b038d2e9')",Upstream input,5.73791287806976e-05,0.010112155248689204,,,"('IPCC 2021', 'climate change', 'GWP 100a, incl. H')","climate change — GWP 100a, incl. H (premise_gwp)",kg CO2-Eq
Chemicals,Steam methane reforming with CCS,Fossil feedstock,"market for natural gas, high pressure",EUR,"('ecoinvent-3.12-cutoff_remind-SSP1-PkBudg650_2050_04_full', 'f7d9451c5108493ebaa4f2c4b038d2e9')",Upstream input,6.2027504792477815e-06,0.001093135729801026,,,"('IPCC 2021', 'climate change', 'GWP 100a, incl. H')","climate change — GWP 100a, incl. H (premise_gwp)",kg CO2-Eq
Chemicals,Steam methane reforming with CCS,Fossil feedstock,"market for natural gas, high pressure",EUR,"('ecoinvent-3.12-cutoff_remind-SSP1-PkBudg650_2050_04_full', 'f7d9451c5108493ebaa4f2c4b038d2e9')",Upstream input,0.000240158935977091,0.04232417773790448,,,"('IPCC 2021', 'climate change', 'GWP 100a, incl. H')","climate change — GWP 100a, incl. H (premise_gwp)",kg CO2-Eq
Chemicals,Steam methane reforming with CCS,Fossil feedstock,"market for natural gas, high pressure",EUR,"('ecoinvent-3.12-cutoff_remind-SSP1-PkBudg650_2050_04_full', 'f7d9451c5108493ebaa4f2c4b038d2e9')",Upstream input,3.307520973343577e-05,0.005828977588449757,,,"('IPCC 2021', 'climate change', 'GWP 100a, incl. H')","climate change — GWP 100a, incl. H (premise_gwp)",kg CO2-Eq
Chemicals,Steam methane reforming with CCS,Fossil feedstock,"market for natural gas, high pressure",EUR,"('ecoinvent-3.12-cutoff_remind-SSP1-PkBudg650_2050_04_full', 'f7d9451c5108493ebaa4f2c4b038d2e9')",Upstream input,0.00029658608987747666,0.052268562614558936,,,"('IPCC 2021', 'climate change', 'GWP 100a, incl. H')","climate change — GWP 100a, incl. H (premise_gwp)",kg CO2-Eq
Chemicals,Steam methane reforming with CCS,Fossil feedstock,"market for natural gas, high pressure",EUR,"('ecoinvent-3.12-cutoff_remind-SSP1-PkBudg650_2050_04_full', 'f7d9451c5108493ebaa4f2c4b038d2e9')",Upstream input,8.70921956056363e-06,0.0015348608834396713,,,"('IPCC 2021', 'climate change', 'GWP 100a, incl. H')","climate change — GWP 100a, incl. H (premise_gwp)",kg CO2-Eq
Chemicals,Steam methane reforming with CCS,Fossil feedstock,"market for natural gas, high pressure",EUR,"('ecoinvent-3.12-cutoff_remind-SSP1-PkBudg650_2050_04_full', 'f7d9451c5108493ebaa4f2c4b038d2e9')",Upstream input,0.00012829228112976553,0.022609466047331942,,,"('IPCC 2021', 'climate change', 'GWP 100a, incl. H')","climate change — GWP 100a, incl. H (premise_gwp)",kg CO2-Eq
Chemicals,Steam methane reforming with CCS,Fossil feedstock,"market for natural gas, high pressure",EUR,"('ecoinvent-3.12-cutoff_remind-SSP1-PkBudg650_2050_04_full', 'f7d9451c5108493ebaa4f2c4b038d2e9')",Upstream input,2.730419696035843e-05,0.004811928735606981,,,"('IPCC 2021', 'climate change', 'GWP 100a, incl. H')","climate change — GWP 100a, incl. H (premise_gwp)",kg CO2-Eq
Chemicals,Steam methane reforming with CCS,Fossil feedstock,"market for natural gas, high pressure",EUR,"('ecoinvent-3.12-cutoff_remind-SSP1-PkBudg650_2050_04_full', 'f7d9451c5108493ebaa4f2c4b038d2e9')",Upstream input,2.6585223541834132e-05,0.004685221150770936,,,"('IPCC 2021', 'climate change', 'GWP 100a, incl. H')","climate change — GWP 100a, incl. H (premise_gwp)",kg CO2-Eq
Chemicals,Steam methane reforming with CCS,Fossil feedstock,"market for natural gas, high pressure",EUR,"('ecoinvent-3.12-cutoff_remind-SSP1-PkBudg650_2050_04_full', 'f7d9451c5108493ebaa4f2c4b038d2e9')",Upstream input,3.0603784767687644e-06,0.0005393428400614431,,,"('IPCC 2021', 'climate change', 'GWP 100a, incl. H')","climate change — GWP 100a, incl. H (premise_gwp)",kg CO2-Eq
Chemicals,Steam methane reforming with CCS,Fossil feedstock,"market for natural gas, high pressure",EUR,"('ecoinvent-3.12-cutoff_remind-SSP1-PkBudg650_2050_04_full', 'f7d9451c5108493ebaa4f2c4b038d2e9')",Upstream input,1.8953849056785884e-05,0.0033403132514433775,,,"('IPCC 2021', 'climate change', 'GWP 100a, incl. H')","climate change — GWP 100a, incl. H (premise_gwp)",kg CO2-Eq
Chemicals,Steam methane reforming with CCS,Fossil feedstock,"market for natural gas, high pressure",EUR,"('ecoinvent-3.12-cutoff_remind-SSP1-PkBudg650_2050_04_full', 'f7d9451c5108493ebaa4f2c4b038d2e9')",Upstream input,0.00012194619196253353,0.021491069162528374,,,"('IPCC 2021', 'climate change', 'GWP 100a, incl. H')","climate change — GWP 100a, incl. H (premise_gwp)",kg CO2-Eq
Chemicals,Steam methane reforming with CCS,Fossil feedstock,"market for natural gas, high pressure",EUR,"('ecoinvent-3.12-cutoff_remind-SSP1-PkBudg650_2050_04_full', 'f7d9451c5108493ebaa4f2c4b038d2e9')",Upstream input,0.00024712281994355057,0.043551451091458526,,,"('IPCC 2021', 'climate change', 'GWP 100a, incl. H')","climate change — GWP 100a, incl. H (premise_gwp)",kg CO2-Eq
Chemicals,Steam methane reforming with CCS,Fossil feedstock,"market for natural gas, high pressure",EUR,"('ecoinvent-3.12-cutoff_remind-SSP1-PkBudg650_2050_04_full', 'f7d9451c5108493ebaa4f2c4b038d2e9')",Upstream input,0.00011282747740579907,0.01988404132460832,,,"('IPCC 2021', 'climate change', 'GWP 100a, incl. H')","climate change — GWP 100a, incl. H (premise_gwp)",kg CO2-Eq
Chemicals,Steam methane reforming with CCS,Fossil feedstock,"market for natural gas, high pressure",EUR,"('ecoinvent-3.12-cutoff_remind-SSP1-PkBudg650_2050_04_full', 'f7d9451c5108493ebaa4f2c4b038d2e9')",Upstream input,1.6631532675122284e-05,0.0029310420706676874,,,"('IPCC 2021', 'climate change', 'GWP 100a, incl. H')","climate change — GWP 100a, incl. H (premise_gwp)",kg CO2-Eq
Chemicals,Steam methane reforming with CCS,Fossil feedstock,"market for natural gas, high pressure",EUR,"('ecoinvent-3.12-cutoff_remind-SSP1-PkBudg650_2050_04_full', 'f7d9451c5108493ebaa4f2c4b038d2e9')",Upstream input,7.830425061472896e-05,0.013799873850904077,,,"('IPCC 2021', 'climate change', 'GWP 100a, incl. H')","climate change — GWP 100a, incl. H (premise_gwp)",kg CO2-Eq
Chemicals,Steam methane reforming with CCS,Fossil feedstock,"market for natural gas, high pressure",EUR,"('ecoinvent-3.12-cutoff_remind-SSP1-PkBudg650_2050_04_full', 'f7d9451c5108493ebaa4f2c4b038d2e9')",Upstream input,5.422484833276123e-05,0.009556263685585382,,,"('IPCC 2021', 'climate change', 'GWP 100a, incl. H')","climate change — GWP 100a, incl. H (premise_gwp)",kg CO2-Eq
Chemicals,Steam methane reforming with CCS,Fossil feedstock,"market for natural gas, high pressure",EUR,"('ecoinvent-3.12-cutoff_remind-SSP1-PkBudg650_2050_04_full', 'f7d9451c5108493ebaa4f2c4b038d2e9')",Upstream input,3.714419642304576e-05,0.0065460715211137855,,,"('IPCC 2021', 'climate change', 'GWP 100a, incl. H')","climate change — GWP 100a, incl. H (premise_gwp)",kg CO2-Eq
Chemicals,Steam methane reforming with CCS,Fossil feedstock,"market for natural gas, high pressure",EUR,"('ecoinvent-3.12-cutoff_remind-SSP1-PkBudg650_2050_04_full', 'f7d9451c5108493ebaa4f2c4b038d2e9')",Upstream input,1.826493127659798e-05,0.003218902492951939,,,"('IPCC 2021', 'climate change', 'GWP 100a, incl. H')","climate change — GWP 100a, incl. H (premise_gwp)",kg CO2-Eq
Chemicals,Steam methane reforming with CCS,Electricity,"market group for electricity, high voltage",EUR,"('ecoinvent-3.12-cutoff_remind-SSP1-PkBudg650_2050_04_full', '61c3646bc8dc47bd8fc76509336203f1')",Upstream input,1.383477880829659e-06,0.00024381588586934566,,,"('IPCC 2021', 'climate change', 'GWP 100a, incl. H')","climate change — GWP 100a, incl. H (premise_gwp)",kg CO2-Eq
Chemicals,Steam methane reforming with CCS,Other raw materials,"market for nickel, class 1",World,"('ecoinvent-3.12-cutoff_remind-SSP1-PkBudg650_2050_04_full', '3efc33e8-c787-433d-a8f2-1a436588105b')",Upstream input,1.350027850491089e-05,0.002379208521341738,,,"('IPCC 2021', 'climate change', 'GWP 100a, incl. H')","climate change — GWP 100a, incl. H (premise_gwp)",kg CO2-Eq
Chemicals,Steam methane reforming with CCS,Other raw materials,market for silica sand,World,"('ecoinvent-3.12-cutoff_remind-SSP1-PkBudg650_2050_04_full', 'dc5c95fd-5eb1-48a3-bf64-67df861ea0c3')",Upstream input,1.1666900840813476e-09,2.05610498242797e-07,,,"('IPCC 2021', 'climate change', 'GWP 100a, incl. H')","climate change — GWP 100a, incl. H (premise_gwp)",kg CO2-Eq
Chemicals,Steam methane reforming with CCS,Other raw materials,"market for aluminium oxide, metallurgical","IAI Area, Western and Central Europe","('ecoinvent-3.12-cutoff_remind-SSP1-PkBudg650_2050_04_full', '25a7ad1d1ee14c438339ef0f94f9d6ca')",Upstream input,1.3158026629437149e-06,0.00023188920931824147,,,"('IPCC 2021', 'climate change', 'GWP 100a, incl. H')","climate change — GWP 100a, incl. H (premise_gwp)",kg CO2-Eq
Chemicals,Steam methane reforming with CCS,Other direct emissions,Acetaldehyde,biosphere,"('biosphere-3.12', 'e3e8f6a2-c45e-4685-9859-698b2eadaf5b')",Other direct emissions,0.0,0.0,1.2913371686216528e-10,kilogram,"('IPCC 2021', 'climate change', 'GWP 100a, incl. H')","climate change — GWP 100a, incl. H (premise_gwp)",kg CO2-Eq
Chemicals,Steam methane reforming with CCS,Other direct emissions,Acetic acid,biosphere,"('biosphere-3.12', 'd157416d-db9b-4f88-a7f3-a9a5f1ea88f2')",Other direct emissions,0.0,0.0,1.9370056841972463e-08,kilogram,"('IPCC 2021', 'climate change', 'GWP 100a, incl. H')","climate change — GWP 100a, incl. H (premise_gwp)",kg CO2-Eq
Chemicals,Steam methane reforming with CCS,Other direct emissions,Benzene,biosphere,"('biosphere-3.12', '28999907-a8a7-45b3-857e-836495ca2aa0')",Other direct emissions,0.0,0.0,5.1654712457725655e-08,kilogram,"('IPCC 2021', 'climate change', 'GWP 100a, incl. H')","climate change — GWP 100a, incl. H (premise_gwp)",kg CO2-Eq
Chemicals,Steam methane reforming with CCS,Other direct emissions,Benzo(a)pyrene,biosphere,"('biosphere-3.12', '5e13c2ab-5466-4ff5-816d-702dfdf25f76')",Other direct emissions,0.0,0.0,1.2913371072509091e-12,kilogram,"('IPCC 2021', 'climate change', 'GWP 100a, incl. H')","climate change — GWP 100a, incl. H (premise_gwp)",kg CO2-Eq
Chemicals,Steam methane reforming with CCS,Other direct emissions,Butane,biosphere,"('biosphere-3.12', '982b0510-96ac-4bcb-a758-e98006b95f4d')",Other direct emissions,5.423763221248181e-10,9.558516640260053e-08,9.039605368746968e-08,kilogram,"('IPCC 2021', 'climate change', 'GWP 100a, incl. H')","climate change — GWP 100a, incl. H (premise_gwp)",kg CO2-Eq
Chemicals,Steam methane reforming with CCS,Other direct emissions,"Carbon dioxide, fossil",biosphere,"('biosphere-3.12', '349b29d1-3e58-4c66-98b9-9d1a076efd2e')",Other direct emissions,0.0,0.0,0.0,kilogram,"('IPCC 2021', 'climate change', 'GWP 100a, incl. H')","climate change — GWP 100a, incl. H (premise_gwp)",kg CO2-Eq
Chemicals,Steam methane reforming with CCS,Other direct emissions,"Carbon monoxide, fossil",biosphere,"('biosphere-3.12', 'ba2f3f82-c93a-47a5-822a-37ec97495275')",Other direct emissions,1.1016648459752899e-06,0.00019415083831445326,2.7118571434996304e-07,kilogram,"('IPCC 2021', 'climate change', 'GWP 100a, incl. H')","climate change — GWP 100a, incl. H (premise_gwp)",kg CO2-Eq
Chemicals,Steam methane reforming with CCS,Other direct emissions,Dinitrogen monoxide,biosphere,"('biosphere-3.12', '20185046-64bb-4c09-a8e7-e8a9e144ca98')",Other direct emissions,3.525350345238988e-06,0.0006212867074598919,1.2913371227981641e-08,kilogram,"('IPCC 2021', 'climate change', 'GWP 100a, incl. H')","climate change — GWP 100a, incl. H (premise_gwp)",kg CO2-Eq
Chemicals,Steam methane reforming with CCS,Other direct emissions,Formaldehyde,biosphere,"('biosphere-3.12', 'a861cfae-a310-4e9d-b9eb-5d555c9a684c')",Other direct emissions,0.0,0.0,1.2913371227981641e-08,kilogram,"('IPCC 2021', 'climate change', 'GWP 100a, incl. H')","climate change — GWP 100a, incl. H (premise_gwp)",kg CO2-Eq
Chemicals,Steam methane reforming with CCS,Other direct emissions,Mercury II,biosphere,"('biosphere-3.12', '71234253-b3a7-4dfe-b166-a484ad15bee7')",Other direct emissions,0.0,0.0,3.874134063240211e-12,kilogram,"('IPCC 2021', 'climate change', 'GWP 100a, incl. H')","climate change — GWP 100a, incl. H (premise_gwp)",kg CO2-Eq
Chemicals,Steam methane reforming with CCS,Other direct emissions,"Methane, fossil",biosphere,"('biosphere-3.12', '0795345f-c7ae-410c-ad25-1845784c75f5')",Other direct emissions,7.696734810826451e-06,0.00135642661310762,2.582796916384715e-07,kilogram,"('IPCC 2021', 'climate change', 'GWP 100a, incl. H')","climate change — GWP 100a, incl. H (premise_gwp)",kg CO2-Eq
Chemicals,Steam methane reforming with CCS,Other direct emissions,Nitrogen oxides,biosphere,"('biosphere-3.12', 'c1b91234-6f24-417b-8309-46111d09c457')",Other direct emissions,0.0,0.0,2.311549883398863e-06,kilogram,"('IPCC 2021', 'climate change', 'GWP 100a, incl. H')","climate change — GWP 100a, incl. H (premise_gwp)",kg CO2-Eq
Chemicals,Steam methane reforming with CCS,Other direct emissions,"PAH, polycyclic aromatic hydrocarbons",biosphere,"('biosphere-3.12', '3e5d7d91-67d7-4afb-91dd-36fab58e4685')",Other direct emissions,0.0,0.0,1.2913372013527161e-09,kilogram,"('IPCC 2021', 'climate change', 'GWP 100a, incl. H')","climate change — GWP 100a, incl. H (premise_gwp)",kg CO2-Eq
Chemicals,Steam methane reforming with CCS,Other direct emissions,"Particulate Matter, < 2.5 um",biosphere,"('biosphere-3.12', '21e46cb8-6233-4c99-bac3-c41d2ab99498')",Other direct emissions,0.0,0.0,2.5827970001762376e-08,kilogram,"('IPCC 2021', 'climate change', 'GWP 100a, incl. H')","climate change — GWP 100a, incl. H (premise_gwp)",kg CO2-Eq
Chemicals,Steam methane reforming with CCS,Other direct emissions,Pentane,biosphere,"('biosphere-3.12', '516606eb-99f6-4e8c-b99a-6b439aaed48c')",Other direct emissions,0.0,0.0,1.5497027510217243e-07,kilogram,"('IPCC 2021', 'climate change', 'GWP 100a, incl. H')","climate change — GWP 100a, incl. H (premise_gwp)",kg CO2-Eq
Chemicals,Steam methane reforming with CCS,Other direct emissions,Propane,biosphere,"('biosphere-3.12', '3a6c936c-0276-4f11-9d98-1bd011387a6e')",Other direct emissions,5.165594000352475e-10,9.10353461149688e-08,2.5827970001762376e-08,kilogram,"('IPCC 2021', 'climate change', 'GWP 100a, incl. H')","climate change — GWP 100a, incl. H (premise_gwp)",kg CO2-Eq
Chemicals,Steam methane reforming with CCS,Other direct emissions,Propionic acid,biosphere,"('biosphere-3.12', 'a1ecc854-a399-4b01-bae2-3a88b12ed44f')",Other direct emissions,0.0,0.0,2.5827969478065363e-09,kilogram,"('IPCC 2021', 'climate change', 'GWP 100a, incl. H')","climate change — GWP 100a, incl. H (premise_gwp)",kg CO2-Eq
Chemicals,Steam methane reforming with CCS,Other direct emissions,Sulfur dioxide,biosphere,"('biosphere-3.12', 'fd7aa71c-508c-480d-81a6-8052aad92646')",Other direct emissions,0.0,0.0,4.484664290613899e-08,kilogram,"('IPCC 2021', 'climate change', 'GWP 100a, incl. H')","climate change — GWP 100a, incl. H (premise_gwp)",kg CO2-Eq
Chemicals,Steam methane reforming with CCS,Other direct emissions,Toluene,biosphere,"('biosphere-3.12', '3b1ecf8e-1d2c-4330-81da-a79f9068976d')",Other direct emissions,0.0,0.0,2.5827970001762376e-08,kilogram,"('IPCC 2021', 'climate change', 'GWP 100a, incl. H')","climate change — GWP 100a, incl. H (premise_gwp)",kg CO2-Eq
Chemicals,Steam methane reforming with CCS,Other direct emissions,"Water, cooling, unspecified natural origin",biosphere,"('biosphere-3.12', 'fc1c42ce-a759-49fa-b987-f1ec5e503db1')",Other direct emissions,0.0,0.0,0.0017522171643066435,cubic meter,"('IPCC 2021', 'climate change', 'GWP 100a, incl. H')","climate change — GWP 100a, incl. H (premise_gwp)",kg CO2-Eq
Chemicals,Steam methane reforming with CCS,Other direct emissions,Water,biosphere,"('biosphere-3.12', '2404b41a-2eed-4e9d-8ab6-783946fdf5d6')",Other direct emissions,0.0,0.0,0.0017016485919131908,cubic meter,"('IPCC 2021', 'climate change', 'GWP 100a, incl. H')","climate change — GWP 100a, incl. H (premise_gwp)",kg CO2-Eq
Chemicals,Steam methane reforming with CCS,Other direct emissions,Water,biosphere,"('biosphere-3.12', '075e433b-4be4-448e-9510-9a5029c1ce94')",Other direct emissions,0.0,0.0,5.056858955395645e-05,cubic meter,"('IPCC 2021', 'climate change', 'GWP 100a, incl. H')","climate change — GWP 100a, incl. H (premise_gwp)",kg CO2-Eq
Chemicals,Steam methane reforming with CCS,Other direct emissions,"Carbon dioxide, non-fossil",biosphere,"('biosphere-3.12', 'eba59fd6-f37e-41dc-9ca3-c7ea22d602c7')",Other direct emissions,0.0,0.0,0.04424371702184054,kilogram,"('IPCC 2021', 'climate change', 'GWP 100a, incl. H')","climate change — GWP 100a, incl. H (premise_gwp)",kg CO2-Eq
Steel,PEM electrolysis,Infrastructure,"electrolyzer production, 1MWe, PEM, Stack",RER,"('ecoinvent-3.12-cutoff_remind-SSP1-PkBudg650_2050_04_full', '4b10c19428e14b8f8d007e30ec00b854')",Upstream input,0.01734082487938773,2.676954313278915,,,"('IPCC 2021', 'climate change', 'GWP 100a, incl. H')","climate change — GWP 100a, incl. H (premise_gwp)",kg CO2-Eq
Steel,PEM electrolysis,Infrastructure,"electrolyzer production, 1MWe, PEM, Balance of Plant",RER,"('ecoinvent-3.12-cutoff_remind-SSP1-PkBudg650_2050_04_full', 'd3ccbd883a7f4693af1ca38b327f11a1')",Upstream input,0.0034535790828300623,0.5331391952998144,,,"('IPCC 2021', 'climate change', 'GWP 100a, incl. H')","climate change — GWP 100a, incl. H (premise_gwp)",kg CO2-Eq
Steel,PEM electrolysis,Waste treatment,"treatment of electrolyzer stack, 1MWe, PEM",RER,"('ecoinvent-3.12-cutoff_remind-SSP1-PkBudg650_2050_04_full', '13e729a7f3fc4f6182834436182fefe6')",Upstream input,4.765249443555027e-05,0.00735625619917164,,,"('IPCC 2021', 'climate change', 'GWP 100a, incl. H')","climate change — GWP 100a, incl. H (premise_gwp)",kg CO2-Eq
Steel,PEM electrolysis,Waste treatment,"treatment of electrolyzer balance of plant, 1MWe, PEM",RER,"('ecoinvent-3.12-cutoff_remind-SSP1-PkBudg650_2050_04_full', '4f96e300894a475a8c1971ce79fbca2c')",Upstream input,0.0004336724366286783,0.06694729390660378,,,"('IPCC 2021', 'climate change', 'GWP 100a, incl. H')","climate change — GWP 100a, incl. H (premise_gwp)",kg CO2-Eq
Steel,PEM electrolysis,Water,"deionized water production, via reverse osmosis, from brackish water",RER,"('ecoinvent-3.12-cutoff_remind-SSP1-PkBudg650_2050_04_full', '4e0a52c5b9864dfebab5c43621971720')",Upstream input,0.00022295881964054263,0.03441881098919211,,,"('IPCC 2021', 'climate change', 'GWP 100a, incl. H')","climate change — GWP 100a, incl. H (premise_gwp)",kg CO2-Eq
Steel,PEM electrolysis,Electricity,"market group for electricity, low voltage",EUR,"('ecoinvent-3.12-cutoff_remind-SSP1-PkBudg650_2050_04_full', '13f887da454449da9d91f12bd7f18f05')",Upstream input,0.38746819891061884,59.81460937104028,,,"('IPCC 2021', 'climate change', 'GWP 100a, incl. H')","climate change — GWP 100a, incl. H (premise_gwp)",kg CO2-Eq
Steel,PEM electrolysis,Other direct emissions,Oxygen,biosphere,"('biosphere-3.12', '9ec076d9-6d9f-4a0b-9851-730626ed4319')",Other direct emissions,0.0,0.0,5.297587840298096,kilogram,"('IPCC 2021', 'climate change', 'GWP 100a, incl. H')","climate change — GWP 100a, incl. H (premise_gwp)",kg CO2-Eq
Steel,PEM electrolysis,Other direct emissions,"Occupation, industrial area",biosphere,"('biosphere-3.12', 'fe9c3a98-a6d2-452d-a9a4-a13e64f1b95b')",Other direct emissions,0.0,0.0,0.0004022534096710235,square meter-year,"('IPCC 2021', 'climate change', 'GWP 100a, incl. H')","climate change — GWP 100a, incl. H (premise_gwp)",kg CO2-Eq
Steel,PEM electrolysis,Other direct emissions,"Transformation, from industrial area",biosphere,"('biosphere-3.12', 'b6dcefd8-3848-4338-9c3e-fe6e91f20937')",Other direct emissions,0.0,0.0,2.0112669760831963e-05,square meter,"('IPCC 2021', 'climate change', 'GWP 100a, incl. H')","climate change — GWP 100a, incl. H (premise_gwp)",kg CO2-Eq
Steel,PEM electrolysis,Other direct emissions,"Transformation, to industrial area",biosphere,"('biosphere-3.12', '4624deff-2016-41d4-b2bf-3db8dab88779')",Other direct emissions,0.0,0.0,2.0112669760831963e-05,square meter,"('IPCC 2021', 'climate change', 'GWP 100a, incl. H')","climate change — GWP 100a, incl. H (premise_gwp)",kg CO2-Eq
Steel,Biomass gasification,Infrastructure,"market for liquid storage tank, chemicals, organics",GLO,"('ecoinvent-3.12-cutoff_remind-SSP1-PkBudg650_2050_04_full', '65328045d6934aea9218657932fe4f18')",Upstream input,7.965895151598674e-09,1.22971874368831e-06,,,"('IPCC 2021', 'climate change', 'GWP 100a, incl. H')","climate change — GWP 100a, incl. H (premise_gwp)",kg CO2-Eq
Steel,Biomass gasification,Water,"market for water, deionised",Europe without Switzerland,"('ecoinvent-3.12-cutoff_remind-SSP1-PkBudg650_2050_04_full', 'a3b3af9d63ee4c50a4506512784991e4')",Upstream input,7.051067455410121e-09,1.0884940923667964e-06,,,"('IPCC 2021', 'climate change', 'GWP 100a, incl. H')","climate change — GWP 100a, incl. H (premise_gwp)",kg CO2-Eq
Steel,Biomass gasification,Biomass feedstock,"market for lignocellulosic biomass, used as fuel",EUR,"('ecoinvent-3.12-cutoff_remind-SSP1-PkBudg650_2050_04_full', '89cba6c9714f4f4bb98cf9b3e82f439a')",Upstream input,4.517839236865482e-07,6.974321761477123e-05,,,"('IPCC 2021', 'climate change', 'GWP 100a, incl. H')","climate change — GWP 100a, incl. H (premise_gwp)",kg CO2-Eq
Steel,Biomass gasification,Infrastructure,synthetic gas factory construction,RoW,"('ecoinvent-3.12-cutoff_remind-SSP1-PkBudg650_2050_04_full', '2d99aa9618294621ad0ab6a287164682')",Upstream input,3.66742724935756e-10,5.661515678803732e-08,,,"('IPCC 2021', 'climate change', 'GWP 100a, incl. H')","climate change — GWP 100a, incl. H (premise_gwp)",kg CO2-Eq
Steel,Biomass gasification,Water,"treatment of wastewater, average, wastewater treatment",Europe without Switzerland,"('ecoinvent-3.12-cutoff_remind-SSP1-PkBudg650_2050_04_full', 'db7e3c0fc9d3451395736c9985715bb8')",Upstream input,7.320680974422325e-09,1.1301151269864315e-06,,,"('IPCC 2021', 'climate change', 'GWP 100a, incl. H')","climate change — GWP 100a, incl. H (premise_gwp)",kg CO2-Eq
Steel,Biomass gasification,Other direct emissions,"Carbon dioxide, non-fossil",biosphere,"('biosphere-3.12', 'eba59fd6-f37e-41dc-9ca3-c7ea22d602c7')",Other direct emissions,0.0,0.0,7.70229301991037e-05,kilogram,"('IPCC 2021', 'climate change', 'GWP 100a, incl. H')","climate change — GWP 100a, incl. H (premise_gwp)",kg CO2-Eq
Steel,Biomass gasification with CCS,CO2 capture and storage,"carbon dioxide, captured at hydrogen production plant, pre, pipeline 200km, storage 1000m",RER,"('ecoinvent-3.12-cutoff_remind-SSP1-PkBudg650_2050_04_full', 'f35934f4c5ec445c8e063cf6d8b1795b')",Upstream input,0.02432679253423312,3.7553987573084804,,,"('IPCC 2021', 'climate change', 'GWP 100a, incl. H')","climate change — GWP 100a, incl. H (premise_gwp)",kg CO2-Eq
Steel,Biomass gasification with CCS,Infrastructure,"market for liquid storage tank, chemicals, organics",GLO,"('ecoinvent-3.12-cutoff_remind-SSP1-PkBudg650_2050_04_full', '65328045d6934aea9218657932fe4f18')",Upstream input,0.0007304207590957928,0.11275720821643981,,,"('IPCC 2021', 'climate change', 'GWP 100a, incl. H')","climate change — GWP 100a, incl. H (premise_gwp)",kg CO2-Eq
Steel,Biomass gasification with CCS,Water,"market for water, deionised",Europe without Switzerland,"('ecoinvent-3.12-cutoff_remind-SSP1-PkBudg650_2050_04_full', 'a3b3af9d63ee4c50a4506512784991e4')",Upstream input,0.0006473808590467447,0.09993809377657367,,,"('IPCC 2021', 'climate change', 'GWP 100a, incl. H')","climate change — GWP 100a, incl. H (premise_gwp)",kg CO2-Eq
Steel,Biomass gasification with CCS,Biomass feedstock,"market for lignocellulosic biomass, used as fuel",EUR,"('ecoinvent-3.12-cutoff_remind-SSP1-PkBudg650_2050_04_full', '89cba6c9714f4f4bb98cf9b3e82f439a')",Upstream input,0.0414256464849626,6.39499930422016,,,"('IPCC 2021', 'climate change', 'GWP 100a, incl. H')","climate change — GWP 100a, incl. H (premise_gwp)",kg CO2-Eq
Steel,Biomass gasification with CCS,Infrastructure,synthetic gas factory construction,RoW,"('ecoinvent-3.12-cutoff_remind-SSP1-PkBudg650_2050_04_full', '2d99aa9618294621ad0ab6a287164682')",Upstream input,3.3627921839603216e-05,0.005191241537888739,,,"('IPCC 2021', 'climate change', 'GWP 100a, incl. H')","climate change — GWP 100a, incl. H (premise_gwp)",kg CO2-Eq
Steel,Biomass gasification with CCS,Water,"treatment of wastewater, average, wastewater treatment",Europe without Switzerland,"('ecoinvent-3.12-cutoff_remind-SSP1-PkBudg650_2050_04_full', 'db7e3c0fc9d3451395736c9985715bb8')",Upstream input,0.0006712588168277055,0.10362420458840788,,,"('IPCC 2021', 'climate change', 'GWP 100a, incl. H')","climate change — GWP 100a, incl. H (premise_gwp)",kg CO2-Eq
Steel,Biomass gasification with CCS,Other direct emissions,"Carbon dioxide, non-fossil",biosphere,"('biosphere-3.12', 'eba59fd6-f37e-41dc-9ca3-c7ea22d602c7')",Other direct emissions,0.0,0.0,0.5076820659435527,kilogram,"('IPCC 2021', 'climate change', 'GWP 100a, incl. H')","climate change — GWP 100a, incl. H (premise_gwp)",kg CO2-Eq
Steel,Coal gasification with CCS,Infrastructure,"chemical factory construction, organics",RER,"('ecoinvent-3.12-cutoff_remind-SSP1-PkBudg650_2050_04_full', '8e7d31369cdb4b2688a5e8bf919310c0')",Upstream input,2.7872975525777917e-08,4.302833491291409e-06,,,"('IPCC 2021', 'climate change', 'GWP 100a, incl. H')","climate change — GWP 100a, incl. H (premise_gwp)",kg CO2-Eq
Steel,Coal gasification with CCS,Other raw materials,"limestone production, milled, packed",Europe without Switzerland,"('ecoinvent-3.12-cutoff_remind-SSP1-PkBudg650_2050_04_full', 'bdc114f35c9742219f056ea4203192d8')",Upstream input,3.018766238419765e-09,4.6601585327836396e-07,,,"('IPCC 2021', 'climate change', 'GWP 100a, incl. H')","climate change — GWP 100a, incl. H (premise_gwp)",kg CO2-Eq
Steel,Coal gasification with CCS,Infrastructure,"liquid storage tank production, chemicals, organics",RoW,"('ecoinvent-3.12-cutoff_remind-SSP1-PkBudg650_2050_04_full', '00ec9ef702ab4db28b3eb182865fdafb')",Upstream input,3.743857123226691e-09,5.779502730711817e-07,,,"('IPCC 2021', 'climate change', 'GWP 100a, incl. H')","climate change — GWP 100a, incl. H (premise_gwp)",kg CO2-Eq
Steel,Coal gasification with CCS,Fossil feedstock,market for hard coal,BE,"('ecoinvent-3.12-cutoff_remind-SSP1-PkBudg650_2050_04_full', '1e18d48334e340d5a242914af00668fd')",Upstream input,3.6027318637850734e-08,5.561643502790139e-06,,,"('IPCC 2021', 'climate change', 'GWP 100a, incl. H')","climate change — GWP 100a, incl. H (premise_gwp)",kg CO2-Eq
Steel,Coal gasification with CCS,Fossil feedstock,market for hard coal,FI,"('ecoinvent-3.12-cutoff_remind-SSP1-PkBudg650_2050_04_full', 'ea7b7b7a5c3b4e759380ba049bd77910')",Upstream input,3.376148875754923e-08,5.211860657197876e-06,,,"('IPCC 2021', 'climate change', 'GWP 100a, incl. H')","climate change — GWP 100a, incl. H (premise_gwp)",kg CO2-Eq
Steel,Coal gasification with CCS,Fossil feedstock,market for hard coal,IT,"('ecoinvent-3.12-cutoff_remind-SSP1-PkBudg650_2050_04_full', '9ef9602812a34373b85be42d2ca62ebb')",Upstream input,1.423699835665528e-07,2.197807452879302e-05,,,"('IPCC 2021', 'climate change', 'GWP 100a, incl. H')","climate change — GWP 100a, incl. H (premise_gwp)",kg CO2-Eq
Steel,Coal gasification with CCS,Fossil feedstock,market for hard coal,DE,"('ecoinvent-3.12-cutoff_remind-SSP1-PkBudg650_2050_04_full', '5775c4cf27024a1d88f0c5dac4340be0')",Upstream input,4.85566488405376e-07,7.495833183031154e-05,,,"('IPCC 2021', 'climate change', 'GWP 100a, incl. H')","climate change — GWP 100a, incl. H (premise_gwp)",kg CO2-Eq
Steel,Coal gasification with CCS,Fossil feedstock,market for hard coal,DK,"('ecoinvent-3.12-cutoff_remind-SSP1-PkBudg650_2050_04_full', 'bcb55ab7692c4e0bbfa618d75aff9557')",Upstream input,2.1879732177084955e-08,3.377638828153777e-06,,,"('IPCC 2021', 'climate change', 'GWP 100a, incl. H')","climate change — GWP 100a, incl. H (premise_gwp)",kg CO2-Eq
Steel,Coal gasification with CCS,Fossil feedstock,market for hard coal,FR,"('ecoinvent-3.12-cutoff_remind-SSP1-PkBudg650_2050_04_full', '00dc1da922a34fb6860a0db19dfc97ee')",Upstream input,8.574249565063652e-08,1.3236322098846676e-05,,,"('IPCC 2021', 'climate change', 'GWP 100a, incl. H')","climate change — GWP 100a, incl. H (premise_gwp)",kg CO2-Eq
Steel,Coal gasification with CCS,Fossil feedstock,market for hard coal,AT,"('ecoinvent-3.12-cutoff_remind-SSP1-PkBudg650_2050_04_full', 'a0d571e40ba74907bb7fcfc3bc96e9b5')",Upstream input,2.718169313849393e-08,4.1961181890376355e-06,,,"('IPCC 2021', 'climate change', 'GWP 100a, incl. H')","climate change — GWP 100a, incl. H (premise_gwp)",kg CO2-Eq
Steel,Coal gasification with CCS,Fossil feedstock,market for hard coal,CZ,"('ecoinvent-3.12-cutoff_remind-SSP1-PkBudg650_2050_04_full', '4ad0cba393304ef195ebbf921e07db45')",Upstream input,5.892615591208757e-08,9.096604592398045e-06,,,"('IPCC 2021', 'climate change', 'GWP 100a, incl. H')","climate change — GWP 100a, incl. H (premise_gwp)",kg CO2-Eq
Steel,Coal gasification with CCS,Fossil feedstock,market for hard coal,SE,"('ecoinvent-3.12-cutoff_remind-SSP1-PkBudg650_2050_04_full', '2a697fb10c3d42ddb4a13eb359e7e9fe')",Upstream input,1.9459662550589923e-08,3.0040455377456735e-06,,,"('IPCC 2021', 'climate change', 'GWP 100a, incl. H')","climate change — GWP 100a, incl. H (premise_gwp)",kg CO2-Eq
Steel,Coal gasification with CCS,Fossil feedstock,market for hard coal,IE,"('ecoinvent-3.12-cutoff_remind-SSP1-PkBudg650_2050_04_full', 'b92b9e8ad3844979a15b4b92c92cf146')",Upstream input,1.631522674746837e-08,2.518629702885337e-06,,,"('IPCC 2021', 'climate change', 'GWP 100a, incl. H')","climate change — GWP 100a, incl. H (premise_gwp)",kg CO2-Eq
Steel,Coal gasification with CCS,Fossil feedstock,market for hard coal,EE,"('ecoinvent-3.12-cutoff_remind-SSP1-PkBudg650_2050_04_full', '98b10ecd77444b3a8d91976aaef07588')",Upstream input,3.898398871131264e-11,6.018073387824306e-09,,,"('IPCC 2021', 'climate change', 'GWP 100a, incl. H')","climate change — GWP 100a, incl. H (premise_gwp)",kg CO2-Eq
Steel,Coal gasification with CCS,Fossil feedstock,market for hard coal,LV,"('ecoinvent-3.12-cutoff_remind-SSP1-PkBudg650_2050_04_full', '5bdbe2e35e534ea381876f11ee515563')",Upstream input,2.5441035536616663e-10,3.9274077379664294e-08,,,"('IPCC 2021', 'climate change', 'GWP 100a, incl. H')","climate change — GWP 100a, incl. H (premise_gwp)",kg CO2-Eq
Steel,Coal gasification with CCS,Fossil feedstock,market for hard coal,BG,"('ecoinvent-3.12-cutoff_remind-SSP1-PkBudg650_2050_04_full', '53945b28aa8a4680b66f815ed50472a6')",Upstream input,8.834063444663876e-09,1.3637404452473504e-06,,,"('IPCC 2021', 'climate change', 'GWP 100a, incl. H')","climate change — GWP 100a, incl. H (premise_gwp)",kg CO2-Eq
Steel,Coal gasification with CCS,Fossil feedstock,market for hard coal,PT,"('ecoinvent-3.12-cutoff_remind-SSP1-PkBudg650_2050_04_full', 'a7bae5d2f0164f3bbd69f12c54a1ac01')",Upstream input,2.7646336381306407e-11,4.2678465376965996e-09,,,"('IPCC 2021', 'climate change', 'GWP 100a, incl. H')","climate change — GWP 100a, incl. H (premise_gwp)",kg CO2-Eq
Steel,Coal gasification with CCS,Fossil feedstock,market for hard coal,NL,"('ecoinvent-3.12-cutoff_remind-SSP1-PkBudg650_2050_04_full', '2978d6563e55427d957b45a645996356')",Upstream input,9.163623877054021e-08,1.4146156618018708e-05,,,"('IPCC 2021', 'climate change', 'GWP 100a, incl. H')","climate change — GWP 100a, incl. H (premise_gwp)",kg CO2-Eq
Steel,Coal gasification with CCS,Fossil feedstock,market for hard coal,GB,"('ecoinvent-3.12-cutoff_remind-SSP1-PkBudg650_2050_04_full', '3e3b2c2ae54c4e2eaf4a7e14ad9e54f3')",Upstream input,6.931474038632598e-08,1.0700321036719623e-05,,,"('IPCC 2021', 'climate change', 'GWP 100a, incl. H')","climate change — GWP 100a, incl. H (premise_gwp)",kg CO2-Eq
Steel,Coal gasification with CCS,Fossil feedstock,market for hard coal,ES,"('ecoinvent-3.12-cutoff_remind-SSP1-PkBudg650_2050_04_full', 'd584a79ce0364d2eb929aa16062cdd63')",Upstream input,6.826015390084115e-08,1.0537521408635038e-05,,,"('IPCC 2021', 'climate change', 'GWP 100a, incl. H')","climate change — GWP 100a, incl. H (premise_gwp)",kg CO2-Eq
Steel,Coal gasification with CCS,Fossil feedstock,market for hard coal,SK,"('ecoinvent-3.12-cutoff_remind-SSP1-PkBudg650_2050_04_full', 'ca5af9df10c24ade910fb2258af2df58')",Upstream input,2.963710176580613e-08,4.575166865295171e-06,,,"('IPCC 2021', 'climate change', 'GWP 100a, incl. H')","climate change — GWP 100a, incl. H (premise_gwp)",kg CO2-Eq
Steel,Coal gasification with CCS,Fossil feedstock,market for hard coal,PL,"('ecoinvent-3.12-cutoff_remind-SSP1-PkBudg650_2050_04_full', 'cc24e06b42be4d93be6730e28f75e09c')",Upstream input,6.970717435285539e-07,0.00010760902226293067,,,"('IPCC 2021', 'climate change', 'GWP 100a, incl. H')","climate change — GWP 100a, incl. H (premise_gwp)",kg CO2-Eq
Steel,Coal gasification with CCS,Fossil feedstock,market for hard coal,HR,"('ecoinvent-3.12-cutoff_remind-SSP1-PkBudg650_2050_04_full', '99858cf830aa4370989bf7d099c6b6cd')",Upstream input,8.356386712427689e-09,1.2900000783613093e-06,,,"('IPCC 2021', 'climate change', 'GWP 100a, incl. H')","climate change — GWP 100a, incl. H (premise_gwp)",kg CO2-Eq
Steel,Coal gasification with CCS,Transport services,"market for transport, freight, train",EUR,"('ecoinvent-3.12-cutoff_remind-SSP1-PkBudg650_2050_04_full', 'b45e6c68ddb84d1ba5a1ef63110282ba')",Upstream input,7.340350267709337e-09,1.1331515338396257e-06,,,"('IPCC 2021', 'climate change', 'GWP 100a, incl. H')","climate change — GWP 100a, incl. H (premise_gwp)",kg CO2-Eq
Steel,Coal gasification with CCS,Other raw materials,"methanol production, from coal gasification",CN,"('ecoinvent-3.12-cutoff_remind-SSP1-PkBudg650_2050_04_full', '36f7de9581d640eab90f302044b48024')",Upstream input,1.2551816439386274e-08,1.93766094696221e-06,,,"('IPCC 2021', 'climate change', 'GWP 100a, incl. H')","climate change — GWP 100a, incl. H (premise_gwp)",kg CO2-Eq
Steel,Coal gasification with CCS,Water,"transport, freight, inland waterways, barge, diesel",RER,"('ecoinvent-3.12-cutoff_remind-SSP1-PkBudg650_2050_04_full', '65accb569ab7402d9ed0783570ba6837')",Upstream input,5.4496208519854245e-09,8.412740539694665e-07,,,"('IPCC 2021', 'climate change', 'GWP 100a, incl. H')","climate change — GWP 100a, incl. H (premise_gwp)",kg CO2-Eq
Steel,Coal gasification with CCS,Fossil feedstock,"treatment of hard coal ash, residual material landfill",BE,"('ecoinvent-3.12-cutoff_remind-SSP1-PkBudg650_2050_04_full', '58783f3c42814ab5818f4273b0980078')",Upstream input,1.6101020946307494e-12,2.485562121190964e-10,,,"('IPCC 2021', 'climate change', 'GWP 100a, incl. H')","climate change — GWP 100a, incl. H (premise_gwp)",kg CO2-Eq
Steel,Coal gasification with CCS,Fossil feedstock,"treatment of hard coal ash, residual material landfill",IT,"('ecoinvent-3.12-cutoff_remind-SSP1-PkBudg650_2050_04_full', '6d1b0d66637b4907910280714b323d66')",Upstream input,2.0897234499564286e-11,3.225967762104794e-09,,,"('IPCC 2021', 'climate change', 'GWP 100a, incl. H')","climate change — GWP 100a, incl. H (premise_gwp)",kg CO2-Eq
Steel,Coal gasification with CCS,Fossil feedstock,"treatment of hard coal ash, residual material landfill",DE,"('ecoinvent-3.12-cutoff_remind-SSP1-PkBudg650_2050_04_full', 'f3e0c5c73d6f4615a84f491ffcaf1112')",Upstream input,4.5052626042189584e-11,6.954906842496161e-09,,,"('IPCC 2021', 'climate change', 'GWP 100a, incl. H')","climate change — GWP 100a, incl. H (premise_gwp)",kg CO2-Eq
Steel,Coal gasification with CCS,Fossil feedstock,"treatment of hard coal ash, residual material landfill",FR,"('ecoinvent-3.12-cutoff_remind-SSP1-PkBudg650_2050_04_full', '1dd3f98d2e4647439a33618292794a79')",Upstream input,7.590327333834593e-12,1.1717412312755438e-09,,,"('IPCC 2021', 'climate change', 'GWP 100a, incl. H')","climate change — GWP 100a, incl. H (premise_gwp)",kg CO2-Eq
Steel,Coal gasification with CCS,Fossil feedstock,"treatment of hard coal ash, residual material landfill",AT,"('ecoinvent-3.12-cutoff_remind-SSP1-PkBudg650_2050_04_full', '27808455427d47fba451c9f49d6148b5')",Upstream input,1.4471099806868272e-12,2.2339463846343553e-10,,,"('IPCC 2021', 'climate change', 'GWP 100a, incl. H')","climate change — GWP 100a, incl. H (premise_gwp)",kg CO2-Eq
Steel,Coal gasification with CCS,Fossil feedstock,"treatment of hard coal ash, residual material landfill",CZ,"('ecoinvent-3.12-cutoff_remind-SSP1-PkBudg650_2050_04_full', '8c2ba8852edb4d7e8e8dfa3c07351c8d')",Upstream input,6.650522687522429e-11,1.0266608144508892e-08,,,"('IPCC 2021', 'climate change', 'GWP 100a, incl. H')","climate change — GWP 100a, incl. H (premise_gwp)",kg CO2-Eq
Steel,Coal gasification with CCS,Fossil feedstock,"treatment of hard coal ash, residual material landfill",PT,"('ecoinvent-3.12-cutoff_remind-SSP1-PkBudg650_2050_04_full', '49c29cc8572e4399b9589694fbbec48a')",Upstream input,4.857920544474069e-12,7.499315312591564e-10,,,"('IPCC 2021', 'climate change', 'GWP 100a, incl. H')","climate change — GWP 100a, incl. H (premise_gwp)",kg CO2-Eq
Steel,Coal gasification with CCS,Fossil feedstock,"treatment of hard coal ash, residual material landfill",NL,"('ecoinvent-3.12-cutoff_remind-SSP1-PkBudg650_2050_04_full', 'cecefb1df95d46c08435fe6d0b060412')",Upstream input,7.668232775195917e-12,1.1837677241748514e-09,,,"('IPCC 2021', 'climate change', 'GWP 100a, incl. H')","climate change — GWP 100a, incl. H (premise_gwp)",kg CO2-Eq
Steel,Coal gasification with CCS,Fossil feedstock,"treatment of hard coal ash, residual material landfill",ES,"('ecoinvent-3.12-cutoff_remind-SSP1-PkBudg650_2050_04_full', 'ae319a3e8a52445a97dfd6068775a21f')",Upstream input,5.132519070693187e-10,7.923221161531925e-08,,,"('IPCC 2021', 'climate change', 'GWP 100a, incl. H')","climate change — GWP 100a, incl. H (premise_gwp)",kg CO2-Eq
Steel,Coal gasification with CCS,Fossil feedstock,"treatment of hard coal ash, residual material landfill",SK,"('ecoinvent-3.12-cutoff_remind-SSP1-PkBudg650_2050_04_full', '575be8dc4e1f4e39bd938cf4095f60e4')",Upstream input,1.130342039530657e-11,1.744942365342032e-09,,,"('IPCC 2021', 'climate change', 'GWP 100a, incl. H')","climate change — GWP 100a, incl. H (premise_gwp)",kg CO2-Eq
Steel,Coal gasification with CCS,Fossil feedstock,"treatment of hard coal ash, residual material landfill",PL,"('ecoinvent-3.12-cutoff_remind-SSP1-PkBudg650_2050_04_full', '38ab4dfee94d48a3a2aacae6712936ae')",Upstream input,9.54861311419877e-10,1.4740475865291437e-07,,,"('IPCC 2021', 'climate change', 'GWP 100a, incl. H')","climate change — GWP 100a, incl. H (premise_gwp)",kg CO2-Eq
Steel,Coal gasification with CCS,Fossil feedstock,"treatment of hard coal ash, residual material landfill",HR,"('ecoinvent-3.12-cutoff_remind-SSP1-PkBudg650_2050_04_full', '9674a8eac898427989f9a803bc3039d1')",Upstream input,1.0789705702676112e-11,1.6656387121538562e-09,,,"('IPCC 2021', 'climate change', 'GWP 100a, incl. H')","climate change — GWP 100a, incl. H (premise_gwp)",kg CO2-Eq
Steel,Coal gasification with CCS,Waste treatment,"treatment of waste gypsum, inert material landfill",Europe without Switzerland,"('ecoinvent-3.12-cutoff_remind-SSP1-PkBudg650_2050_04_full', 'fb1f9abf63a149e68b084549a51e0345')",Upstream input,7.039397445421946e-10,1.0866925584841155e-07,,,"('IPCC 2021', 'climate change', 'GWP 100a, incl. H')","climate change — GWP 100a, incl. H (premise_gwp)",kg CO2-Eq
Steel,Coal gasification with CCS,Water,"treatment of wastewater, average, wastewater treatment",Europe without Switzerland,"('ecoinvent-3.12-cutoff_remind-SSP1-PkBudg650_2050_04_full', 'db7e3c0fc9d3451395736c9985715bb8')",Upstream input,8.900355757051333e-09,1.3739741851540244e-06,,,"('IPCC 2021', 'climate change', 'GWP 100a, incl. H')","climate change — GWP 100a, incl. H (premise_gwp)",kg CO2-Eq
Steel,Coal gasification with CCS,CO2 capture and storage,"carbon dioxide, captured at hydrogen production plant, pre, pipeline 200km, storage 1000m",RER,"('ecoinvent-3.12-cutoff_remind-SSP1-PkBudg650_2050_04_full', 'f35934f4c5ec445c8e063cf6d8b1795b')",Upstream input,6.238490650069396e-08,9.630542128306818e-06,,,"('IPCC 2021', 'climate change', 'GWP 100a, incl. H')","climate change — GWP 100a, incl. H (premise_gwp)",kg CO2-Eq
Steel,Coal gasification with CCS,Water,"water production, deionised",Europe without Switzerland,"('ecoinvent-3.12-cutoff_remind-SSP1-PkBudg650_2050_04_full', 'd8ec6354f9a7473da79499703b97a362')",Upstream input,1.3673158513073783e-09,2.110765832208297e-07,,,"('IPCC 2021', 'climate change', 'GWP 100a, incl. H')","climate change — GWP 100a, incl. H (premise_gwp)",kg CO2-Eq
Steel,Coal gasification with CCS,Other raw materials,"market for nitrogen, liquid",RER,"('ecoinvent-3.12-cutoff_remind-SSP1-PkBudg650_2050_04_full', '33f71c3c6dae4e40bc89e0d449024a5a')",Upstream input,6.82816230663266e-11,1.0540835667071328e-08,,,"('IPCC 2021', 'climate change', 'GWP 100a, incl. H')","climate change — GWP 100a, incl. H (premise_gwp)",kg CO2-Eq
Steel,Coal gasification with CCS,Other raw materials,"market for ammonia, anhydrous, liquid",RER,"('ecoinvent-3.12-cutoff_remind-SSP1-PkBudg650_2050_04_full', 'f182f94f3ddb4531a1841fcf43b8a2a9')",Upstream input,1.9808596202437832e-11,3.057911455362587e-09,,,"('IPCC 2021', 'climate change', 'GWP 100a, incl. H')","climate change — GWP 100a, incl. H (premise_gwp)",kg CO2-Eq
Steel,Coal gasification with CCS,Electricity,"market group for electricity, medium voltage",EUR,"('ecoinvent-3.12-cutoff_remind-SSP1-PkBudg650_2050_04_full', '1f68882440364dbcaec11614acdb8a39')",Upstream input,8.878232931343906e-08,1.3705590192601684e-05,,,"('IPCC 2021', 'climate change', 'GWP 100a, incl. H')","climate change — GWP 100a, incl. H (premise_gwp)",kg CO2-Eq
Steel,Coal gasification with CCS,Other raw materials,"market for aluminium oxide, metallurgical","IAI Area, Western and Central Europe","('ecoinvent-3.12-cutoff_remind-SSP1-PkBudg650_2050_04_full', '25a7ad1d1ee14c438339ef0f94f9d6ca')",Upstream input,5.751182822234855e-10,8.878270652936085e-08,,,"('IPCC 2021', 'climate change', 'GWP 100a, incl. H')","climate change — GWP 100a, incl. H (premise_gwp)",kg CO2-Eq
Steel,Coal gasification with CCS,Ammonia leakage,Ammonia,biosphere,"('biosphere-3.12', '0f440cc0-0f74-446d-99d6-8ff0e97a2444')",Ammonia leakage,0.0,0.0,7.580944643323931e-09,kilogram,"('IPCC 2021', 'climate change', 'GWP 100a, incl. H')","climate change — GWP 100a, incl. H (premise_gwp)",kg CO2-Eq
Steel,Coal gasification with CCS,Other direct emissions,"Carbon dioxide, fossil",biosphere,"('biosphere-3.12', 'aa7cac3a-3625-41d4-bc54-33e2cf11ec46')",Other direct emissions,2.7143599172416695e-06,0.000419023751107049,2.7143599172416695e-06,kilogram,"('IPCC 2021', 'climate change', 'GWP 100a, incl. H')","climate change — GWP 100a, incl. H (premise_gwp)",kg CO2-Eq
Steel,Coal gasification with CCS,Other direct emissions,Hydrochloric acid,biosphere,"('biosphere-3.12', '68e32537-beae-41c2-be72-74df4d273c11')",Other direct emissions,0.0,0.0,1.1355655790744011e-08,kilogram,"('IPCC 2021', 'climate change', 'GWP 100a, incl. H')","climate change — GWP 100a, incl. H (premise_gwp)",kg CO2-Eq
Steel,Coal gasification with CCS,Other direct emissions,"Water, cooling, unspecified natural origin",biosphere,"('biosphere-3.12', 'fc1c42ce-a759-49fa-b987-f1ec5e503db1')",Other direct emissions,0.0,0.0,3.502400032633441e-08,cubic meter,"('IPCC 2021', 'climate change', 'GWP 100a, incl. H')","climate change — GWP 100a, incl. H (premise_gwp)",kg CO2-Eq
Steel,Steam methane reforming with CCS,CO2 capture and storage,"carbon dioxide, captured at hydrogen production plant, pre, pipeline 200km, storage 1000m",RER,"('ecoinvent-3.12-cutoff_remind-SSP1-PkBudg650_2050_04_full', 'f35934f4c5ec445c8e063cf6d8b1795b')",Upstream input,0.0001058008596168653,0.016332790941026135,,,"('IPCC 2021', 'climate change', 'GWP 100a, incl. H')","climate change — GWP 100a, incl. H (premise_gwp)",kg CO2-Eq
Steel,Steam methane reforming with CCS,Infrastructure,"chemical factory construction, organics",RER,"('ecoinvent-3.12-cutoff_remind-SSP1-PkBudg650_2050_04_full', '8e7d31369cdb4b2688a5e8bf919310c0')",Upstream input,8.966657854271263e-05,0.013842094355741645,,,"('IPCC 2021', 'climate change', 'GWP 100a, incl. H')","climate change — GWP 100a, incl. H (premise_gwp)",kg CO2-Eq
Steel,Steam methane reforming with CCS,Other raw materials,"market for chromium trioxide, flakes",GLO,"('ecoinvent-3.12-cutoff_remind-SSP1-PkBudg650_2050_04_full', 'a06e068f68e041e2ac0c80fc5e0557f8')",Upstream input,4.150154327246085e-07,6.406715715294637e-05,,,"('IPCC 2021', 'climate change', 'GWP 100a, incl. H')","climate change — GWP 100a, incl. H (premise_gwp)",kg CO2-Eq
Steel,Steam methane reforming with CCS,Other raw materials,market for copper oxide,GLO,"('ecoinvent-3.12-cutoff_remind-SSP1-PkBudg650_2050_04_full', '9b2b7bfc24cd49bfadec1024e3fb0230')",Upstream input,2.2118844104024604e-06,0.00034145512419881606,,,"('IPCC 2021', 'climate change', 'GWP 100a, incl. H')","climate change — GWP 100a, incl. H (premise_gwp)",kg CO2-Eq
Steel,Steam methane reforming with CCS,Other raw materials,market for diethanolamine,GLO,"('ecoinvent-3.12-cutoff_remind-SSP1-PkBudg650_2050_04_full', '4a5e3b6e092f4a8d876ebe45937da2dc')",Upstream input,1.6791778670279515e-06,0.00025921964296208704,,,"('IPCC 2021', 'climate change', 'GWP 100a, incl. H')","climate change — GWP 100a, incl. H (premise_gwp)",kg CO2-Eq
Steel,Steam methane reforming with CCS,Infrastructure,"market for liquid storage tank, chemicals, organics",GLO,"('ecoinvent-3.12-cutoff_remind-SSP1-PkBudg650_2050_04_full', '65328045d6934aea9218657932fe4f18')",Upstream input,1.0098355686217603e-05,0.001558912969784823,,,"('IPCC 2021', 'climate change', 'GWP 100a, incl. H')","climate change — GWP 100a, incl. H (premise_gwp)",kg CO2-Eq
Steel,Steam methane reforming with CCS,Other raw materials,market for magnesium oxide,GLO,"('ecoinvent-3.12-cutoff_remind-SSP1-PkBudg650_2050_04_full', '3fc57c117f4c4a6abe4afab728b57ef3')",Upstream input,1.622152568695035e-07,2.5041647936404098e-05,,,"('IPCC 2021', 'climate change', 'GWP 100a, incl. H')","climate change — GWP 100a, incl. H (premise_gwp)",kg CO2-Eq
Steel,Steam methane reforming with CCS,Other raw materials,market for molybdenum trioxide,GLO,"('ecoinvent-3.12-cutoff_remind-SSP1-PkBudg650_2050_04_full', '5de4e1a7764f410b8a69af4bfab86f57')",Upstream input,1.5856748479599675e-07,2.4478530596026627e-05,,,"('IPCC 2021', 'climate change', 'GWP 100a, incl. H')","climate change — GWP 100a, incl. H (premise_gwp)",kg CO2-Eq
Steel,Steam methane reforming with CCS,Other raw materials,market for portafer,GLO,"('ecoinvent-3.12-cutoff_remind-SSP1-PkBudg650_2050_04_full', '58b064c0cce34a9bba324f6605d30448')",Upstream input,8.751136125318452e-08,1.3509387102229534e-05,,,"('IPCC 2021', 'climate change', 'GWP 100a, incl. H')","climate change — GWP 100a, incl. H (premise_gwp)",kg CO2-Eq
Steel,Steam methane reforming with CCS,Other raw materials,"market for quicklime, milled, packed",RER,"('ecoinvent-3.12-cutoff_remind-SSP1-PkBudg650_2050_04_full', '62e91632f4e8492eaaa9cbe5152aea01')",Upstream input,2.592427315696766e-07,4.002006555562176e-05,,,"('IPCC 2021', 'climate change', 'GWP 100a, incl. H')","climate change — GWP 100a, incl. H (premise_gwp)",kg CO2-Eq
Steel,Steam methane reforming with CCS,Water,"market for water, deionised",Europe without Switzerland,"('ecoinvent-3.12-cutoff_remind-SSP1-PkBudg650_2050_04_full', 'a3b3af9d63ee4c50a4506512784991e4')",Upstream input,2.489761063063154e-06,0.0003843517631461217,,,"('IPCC 2021', 'climate change', 'GWP 100a, incl. H')","climate change — GWP 100a, incl. H (premise_gwp)",kg CO2-Eq
Steel,Steam methane reforming with CCS,Other raw materials,"market for zeolite, powder",GLO,"('ecoinvent-3.12-cutoff_remind-SSP1-PkBudg650_2050_04_full', 'aa37275a67b943c1b3c9804c7b3cf087')",Upstream input,2.0420173953555087e-05,0.0031523225177051157,,,"('IPCC 2021', 'climate change', 'GWP 100a, incl. H')","climate change — GWP 100a, incl. H (premise_gwp)",kg CO2-Eq
Steel,Steam methane reforming with CCS,Other raw materials,market for zinc oxide,GLO,"('ecoinvent-3.12-cutoff_remind-SSP1-PkBudg650_2050_04_full', 'd8f30b36acca41f8abdc5c246e360c64')",Upstream input,2.4155801521103704e-07,3.729002369979017e-05,,,"('IPCC 2021', 'climate change', 'GWP 100a, incl. H')","climate change — GWP 100a, incl. H (premise_gwp)",kg CO2-Eq
Steel,Steam methane reforming with CCS,Fossil feedstock,"market for natural gas, high pressure",EUR,"('ecoinvent-3.12-cutoff_remind-SSP1-PkBudg650_2050_04_full', 'f7d9451c5108493ebaa4f2c4b038d2e9')",Upstream input,5.73791287806976e-05,0.008857785448502731,,,"('IPCC 2021', 'climate change', 'GWP 100a, incl. H')","climate change — GWP 100a, incl. H (premise_gwp)",kg CO2-Eq
Steel,Steam methane reforming with CCS,Fossil feedstock,"market for natural gas, high pressure",EUR,"('ecoinvent-3.12-cutoff_remind-SSP1-PkBudg650_2050_04_full', 'f7d9451c5108493ebaa4f2c4b038d2e9')",Upstream input,6.2027504792477815e-06,0.0009575368971837215,,,"('IPCC 2021', 'climate change', 'GWP 100a, incl. H')","climate change — GWP 100a, incl. H (premise_gwp)",kg CO2-Eq
Steel,Steam methane reforming with CCS,Fossil feedstock,"market for natural gas, high pressure",EUR,"('ecoinvent-3.12-cutoff_remind-SSP1-PkBudg650_2050_04_full', 'f7d9451c5108493ebaa4f2c4b038d2e9')",Upstream input,0.000240158935977091,0.03707404370945057,,,"('IPCC 2021', 'climate change', 'GWP 100a, incl. H')","climate change — GWP 100a, incl. H (premise_gwp)",kg CO2-Eq
Steel,Steam methane reforming with CCS,Fossil feedstock,"market for natural gas, high pressure",EUR,"('ecoinvent-3.12-cutoff_remind-SSP1-PkBudg650_2050_04_full', 'f7d9451c5108493ebaa4f2c4b038d2e9')",Upstream input,3.307520973343577e-05,0.0051059177388827785,,,"('IPCC 2021', 'climate change', 'GWP 100a, incl. H')","climate change — GWP 100a, incl. H (premise_gwp)",kg CO2-Eq
Steel,Steam methane reforming with CCS,Fossil feedstock,"market for natural gas, high pressure",EUR,"('ecoinvent-3.12-cutoff_remind-SSP1-PkBudg650_2050_04_full', 'f7d9451c5108493ebaa4f2c4b038d2e9')",Upstream input,0.00029658608987747666,0.04578486998618902,,,"('IPCC 2021', 'climate change', 'GWP 100a, incl. H')","climate change — GWP 100a, incl. H (premise_gwp)",kg CO2-Eq
Steel,Steam methane reforming with CCS,Fossil feedstock,"market for natural gas, high pressure",EUR,"('ecoinvent-3.12-cutoff_remind-SSP1-PkBudg650_2050_04_full', 'f7d9451c5108493ebaa4f2c4b038d2e9')",Upstream input,8.70921956056363e-06,0.0013444679264166056,,,"('IPCC 2021', 'climate change', 'GWP 100a, incl. H')","climate change — GWP 100a, incl. H (premise_gwp)",kg CO2-Eq
Steel,Steam methane reforming with CCS,Fossil feedstock,"market for natural gas, high pressure",EUR,"('ecoinvent-3.12-cutoff_remind-SSP1-PkBudg650_2050_04_full', 'f7d9451c5108493ebaa4f2c4b038d2e9')",Upstream input,0.00012829228112976553,0.019804858057181587,,,"('IPCC 2021', 'climate change', 'GWP 100a, incl. H')","climate change — GWP 100a, incl. H (premise_gwp)",kg CO2-Eq
Steel,Steam methane reforming with CCS,Fossil feedstock,"market for natural gas, high pressure",EUR,"('ecoinvent-3.12-cutoff_remind-SSP1-PkBudg650_2050_04_full', 'f7d9451c5108493ebaa4f2c4b038d2e9')",Upstream input,2.730419696035843e-05,0.004215029465555002,,,"('IPCC 2021', 'climate change', 'GWP 100a, incl. H')","climate change — GWP 100a, incl. H (premise_gwp)",kg CO2-Eq
Steel,Steam methane reforming with CCS,Fossil feedstock,"market for natural gas, high pressure",EUR,"('ecoinvent-3.12-cutoff_remind-SSP1-PkBudg650_2050_04_full', 'f7d9451c5108493ebaa4f2c4b038d2e9')",Upstream input,2.6585223541834132e-05,0.004104039417086243,,,"('IPCC 2021', 'climate change', 'GWP 100a, incl. H')","climate change — GWP 100a, incl. H (premise_gwp)",kg CO2-Eq
Steel,Steam methane reforming with CCS,Fossil feedstock,"market for natural gas, high pressure",EUR,"('ecoinvent-3.12-cutoff_remind-SSP1-PkBudg650_2050_04_full', 'f7d9451c5108493ebaa4f2c4b038d2e9')",Upstream input,3.0603784767687644e-06,0.0004724396573193098,,,"('IPCC 2021', 'climate change', 'GWP 100a, incl. H')","climate change — GWP 100a, incl. H (premise_gwp)",kg CO2-Eq
Steel,Steam methane reforming with CCS,Fossil feedstock,"market for natural gas, high pressure",EUR,"('ecoinvent-3.12-cutoff_remind-SSP1-PkBudg650_2050_04_full', 'f7d9451c5108493ebaa4f2c4b038d2e9')",Upstream input,1.8953849056785884e-05,0.0029259616159385345,,,"('IPCC 2021', 'climate change', 'GWP 100a, incl. H')","climate change — GWP 100a, incl. H (premise_gwp)",kg CO2-Eq
Steel,Steam methane reforming with CCS,Fossil feedstock,"market for natural gas, high pressure",EUR,"('ecoinvent-3.12-cutoff_remind-SSP1-PkBudg650_2050_04_full', 'f7d9451c5108493ebaa4f2c4b038d2e9')",Upstream input,0.00012194619196253353,0.018825193543709255,,,"('IPCC 2021', 'climate change', 'GWP 100a, incl. H')","climate change — GWP 100a, incl. H (premise_gwp)",kg CO2-Eq
Steel,Steam methane reforming with CCS,Fossil feedstock,"market for natural gas, high pressure",EUR,"('ecoinvent-3.12-cutoff_remind-SSP1-PkBudg650_2050_04_full', 'f7d9451c5108493ebaa4f2c4b038d2e9')",Upstream input,0.00024712281994355057,0.03814907902933012,,,"('IPCC 2021', 'climate change', 'GWP 100a, incl. H')","climate change — GWP 100a, incl. H (premise_gwp)",kg CO2-Eq
Steel,Steam methane reforming with CCS,Fossil feedstock,"market for natural gas, high pressure",EUR,"('ecoinvent-3.12-cutoff_remind-SSP1-PkBudg650_2050_04_full', 'f7d9451c5108493ebaa4f2c4b038d2e9')",Upstream input,0.00011282747740579907,0.01741751066622255,,,"('IPCC 2021', 'climate change', 'GWP 100a, incl. H')","climate change — GWP 100a, incl. H (premise_gwp)",kg CO2-Eq
Steel,Steam methane reforming with CCS,Fossil feedstock,"market for natural gas, high pressure",EUR,"('ecoinvent-3.12-cutoff_remind-SSP1-PkBudg650_2050_04_full', 'f7d9451c5108493ebaa4f2c4b038d2e9')",Upstream input,1.6631532675122284e-05,0.002567458782426721,,,"('IPCC 2021', 'climate change', 'GWP 100a, incl. H')","climate change — GWP 100a, incl. H (premise_gwp)",kg CO2-Eq
Steel,Steam methane reforming with CCS,Fossil feedstock,"market for natural gas, high pressure",EUR,"('ecoinvent-3.12-cutoff_remind-SSP1-PkBudg650_2050_04_full', 'f7d9451c5108493ebaa4f2c4b038d2e9')",Upstream input,7.830425061472896e-05,0.012088058260730963,,,"('IPCC 2021', 'climate change', 'GWP 100a, incl. H')","climate change — GWP 100a, incl. H (premise_gwp)",kg CO2-Eq
Steel,Steam methane reforming with CCS,Fossil feedstock,"market for natural gas, high pressure",EUR,"('ecoinvent-3.12-cutoff_remind-SSP1-PkBudg650_2050_04_full', 'f7d9451c5108493ebaa4f2c4b038d2e9')",Upstream input,5.422484833276123e-05,0.008370849866768587,,,"('IPCC 2021', 'climate change', 'GWP 100a, incl. H')","climate change — GWP 100a, incl. H (premise_gwp)",kg CO2-Eq
Steel,Steam methane reforming with CCS,Fossil feedstock,"market for natural gas, high pressure",EUR,"('ecoinvent-3.12-cutoff_remind-SSP1-PkBudg650_2050_04_full', 'f7d9451c5108493ebaa4f2c4b038d2e9')",Upstream input,3.714419642304576e-05,0.005734059222646529,,,"('IPCC 2021', 'climate change', 'GWP 100a, incl. H')","climate change — GWP 100a, incl. H (premise_gwp)",kg CO2-Eq
Steel,Steam methane reforming with CCS,Fossil feedstock,"market for natural gas, high pressure",EUR,"('ecoinvent-3.12-cutoff_remind-SSP1-PkBudg650_2050_04_full', 'f7d9451c5108493ebaa4f2c4b038d2e9')",Upstream input,1.826493127659798e-05,0.002819611345060667,,,"('IPCC 2021', 'climate change', 'GWP 100a, incl. H')","climate change — GWP 100a, incl. H (premise_gwp)",kg CO2-Eq
Steel,Steam methane reforming with CCS,Electricity,"market group for electricity, high voltage",EUR,"('ecoinvent-3.12-cutoff_remind-SSP1-PkBudg650_2050_04_full', '61c3646bc8dc47bd8fc76509336203f1')",Upstream input,1.383477880829659e-06,0.00021357156341594356,,,"('IPCC 2021', 'climate change', 'GWP 100a, incl. H')","climate change — GWP 100a, incl. H (premise_gwp)",kg CO2-Eq
Steel,Steam methane reforming with CCS,Other raw materials,"market for nickel, class 1",World,"('ecoinvent-3.12-cutoff_remind-SSP1-PkBudg650_2050_04_full', '3efc33e8-c787-433d-a8f2-1a436588105b')",Upstream input,1.350027850491089e-05,0.002084077835140669,,,"('IPCC 2021', 'climate change', 'GWP 100a, incl. H')","climate change — GWP 100a, incl. H (premise_gwp)",kg CO2-Eq
Steel,Steam methane reforming with CCS,Other raw materials,market for silica sand,World,"('ecoinvent-3.12-cutoff_remind-SSP1-PkBudg650_2050_04_full', 'dc5c95fd-5eb1-48a3-bf64-67df861ea0c3')",Upstream input,1.1666900840813476e-09,1.8010539144269224e-07,,,"('IPCC 2021', 'climate change', 'GWP 100a, incl. H')","climate change — GWP 100a, incl. H (premise_gwp)",kg CO2-Eq
Steel,Steam methane reforming with CCS,Other raw materials,"market for aluminium oxide, metallurgical","IAI Area, Western and Central Europe","('ecoinvent-3.12-cutoff_remind-SSP1-PkBudg650_2050_04_full', '25a7ad1d1ee14c438339ef0f94f9d6ca')",Upstream input,1.3158026629437149e-06,0.00020312434030620504,,,"('IPCC 2021', 'climate change', 'GWP 100a, incl. H')","climate change — GWP 100a, incl. H (premise_gwp)",kg CO2-Eq
Steel,Steam methane reforming with CCS,Other direct emissions,Acetaldehyde,biosphere,"('biosphere-3.12', 'e3e8f6a2-c45e-4685-9859-698b2eadaf5b')",Other direct emissions,0.0,0.0,1.2913371686216528e-10,kilogram,"('IPCC 2021', 'climate change', 'GWP 100a, incl. H')","climate change — GWP 100a, incl. H (premise_gwp)",kg CO2-Eq
Steel,Steam methane reforming with CCS,Other direct emissions,Acetic acid,biosphere,"('biosphere-3.12', 'd157416d-db9b-4f88-a7f3-a9a5f1ea88f2')",Other direct emissions,0.0,0.0,1.9370056841972463e-08,kilogram,"('IPCC 2021', 'climate change', 'GWP 100a, incl. H')","climate change — GWP 100a, incl. H (premise_gwp)",kg CO2-Eq
Steel,Steam methane reforming with CCS,Other direct emissions,Benzene,biosphere,"('biosphere-3.12', '28999907-a8a7-45b3-857e-836495ca2aa0')",Other direct emissions,0.0,0.0,5.1654712457725655e-08,kilogram,"('IPCC 2021', 'climate change', 'GWP 100a, incl. H')","climate change — GWP 100a, incl. H (premise_gwp)",kg CO2-Eq
Steel,Steam methane reforming with CCS,Other direct emissions,Benzo(a)pyrene,biosphere,"('biosphere-3.12', '5e13c2ab-5466-4ff5-816d-702dfdf25f76')",Other direct emissions,0.0,0.0,1.2913371072509091e-12,kilogram,"('IPCC 2021', 'climate change', 'GWP 100a, incl. H')","climate change — GWP 100a, incl. H (premise_gwp)",kg CO2-Eq
Steel,Steam methane reforming with CCS,Other direct emissions,Butane,biosphere,"('biosphere-3.12', '982b0510-96ac-4bcb-a758-e98006b95f4d')",Other direct emissions,5.423763221248181e-10,8.372823352009136e-08,9.039605368746968e-08,kilogram,"('IPCC 2021', 'climate change', 'GWP 100a, incl. H')","climate change — GWP 100a, incl. H (premise_gwp)",kg CO2-Eq
Steel,Steam methane reforming with CCS,Other direct emissions,"Carbon dioxide, fossil",biosphere,"('biosphere-3.12', '349b29d1-3e58-4c66-98b9-9d1a076efd2e')",Other direct emissions,0.0,0.0,0.0,kilogram,"('IPCC 2021', 'climate change', 'GWP 100a, incl. H')","climate change — GWP 100a, incl. H (premise_gwp)",kg CO2-Eq
Steel,Steam methane reforming with CCS,Other direct emissions,"Carbon monoxide, fossil",biosphere,"('biosphere-3.12', 'ba2f3f82-c93a-47a5-822a-37ec97495275')",Other direct emissions,1.1016648459752899e-06,0.00017006725353225705,2.7118571434996304e-07,kilogram,"('IPCC 2021', 'climate change', 'GWP 100a, incl. H')","climate change — GWP 100a, incl. H (premise_gwp)",kg CO2-Eq
Steel,Steam methane reforming with CCS,Other direct emissions,Dinitrogen monoxide,biosphere,"('biosphere-3.12', '20185046-64bb-4c09-a8e7-e8a9e144ca98')",Other direct emissions,3.525350345238988e-06,0.000544218736890908,1.2913371227981641e-08,kilogram,"('IPCC 2021', 'climate change', 'GWP 100a, incl. H')","climate change — GWP 100a, incl. H (premise_gwp)",kg CO2-Eq
Steel,Steam methane reforming with CCS,Other direct emissions,Formaldehyde,biosphere,"('biosphere-3.12', 'a861cfae-a310-4e9d-b9eb-5d555c9a684c')",Other direct emissions,0.0,0.0,1.2913371227981641e-08,kilogram,"('IPCC 2021', 'climate change', 'GWP 100a, incl. H')","climate change — GWP 100a, incl. H (premise_gwp)",kg CO2-Eq
Steel,Steam methane reforming with CCS,Other direct emissions,Mercury II,biosphere,"('biosphere-3.12', '71234253-b3a7-4dfe-b166-a484ad15bee7')",Other direct emissions,0.0,0.0,3.874134063240211e-12,kilogram,"('IPCC 2021', 'climate change', 'GWP 100a, incl. H')","climate change — GWP 100a, incl. H (premise_gwp)",kg CO2-Eq
Steel,Steam methane reforming with CCS,Other direct emissions,"Methane, fossil",biosphere,"('biosphere-3.12', '0795345f-c7ae-410c-ad25-1845784c75f5')",Other direct emissions,7.696734810826451e-06,0.001188167667531011,2.582796916384715e-07,kilogram,"('IPCC 2021', 'climate change', 'GWP 100a, incl. H')","climate change — GWP 100a, incl. H (premise_gwp)",kg CO2-Eq
Steel,Steam methane reforming with CCS,Other direct emissions,Nitrogen oxides,biosphere,"('biosphere-3.12', 'c1b91234-6f24-417b-8309-46111d09c457')",Other direct emissions,0.0,0.0,2.311549883398863e-06,kilogram,"('IPCC 2021', 'climate change', 'GWP 100a, incl. H')","climate change — GWP 100a, incl. H (premise_gwp)",kg CO2-Eq
Steel,Steam methane reforming with CCS,Other direct emissions,"PAH, polycyclic aromatic hydrocarbons",biosphere,"('biosphere-3.12', '3e5d7d91-67d7-4afb-91dd-36fab58e4685')",Other direct emissions,0.0,0.0,1.2913372013527161e-09,kilogram,"('IPCC 2021', 'climate change', 'GWP 100a, incl. H')","climate change — GWP 100a, incl. H (premise_gwp)",kg CO2-Eq
Steel,Steam methane reforming with CCS,Other direct emissions,"Particulate Matter, < 2.5 um",biosphere,"('biosphere-3.12', '21e46cb8-6233-4c99-bac3-c41d2ab99498')",Other direct emissions,0.0,0.0,2.5827970001762376e-08,kilogram,"('IPCC 2021', 'climate change', 'GWP 100a, incl. H')","climate change — GWP 100a, incl. H (premise_gwp)",kg CO2-Eq
Steel,Steam methane reforming with CCS,Other direct emissions,Pentane,biosphere,"('biosphere-3.12', '516606eb-99f6-4e8c-b99a-6b439aaed48c')",Other direct emissions,0.0,0.0,1.5497027510217243e-07,kilogram,"('IPCC 2021', 'climate change', 'GWP 100a, incl. H')","climate change — GWP 100a, incl. H (premise_gwp)",kg CO2-Eq
Steel,Steam methane reforming with CCS,Other direct emissions,Propane,biosphere,"('biosphere-3.12', '3a6c936c-0276-4f11-9d98-1bd011387a6e')",Other direct emissions,5.165594000352475e-10,7.974279906562026e-08,2.5827970001762376e-08,kilogram,"('IPCC 2021', 'climate change', 'GWP 100a, incl. H')","climate change — GWP 100a, incl. H (premise_gwp)",kg CO2-Eq
Steel,Steam methane reforming with CCS,Other direct emissions,Propionic acid,biosphere,"('biosphere-3.12', 'a1ecc854-a399-4b01-bae2-3a88b12ed44f')",Other direct emissions,0.0,0.0,2.5827969478065363e-09,kilogram,"('IPCC 2021', 'climate change', 'GWP 100a, incl. H')","climate change — GWP 100a, incl. H (premise_gwp)",kg CO2-Eq
Steel,Steam methane reforming with CCS,Other direct emissions,Sulfur dioxide,biosphere,"('biosphere-3.12', 'fd7aa71c-508c-480d-81a6-8052aad92646')",Other direct emissions,0.0,0.0,4.484664290613899e-08,kilogram,"('IPCC 2021', 'climate change', 'GWP 100a, incl. H')","climate change — GWP 100a, incl. H (premise_gwp)",kg CO2-Eq
Steel,Steam methane reforming with CCS,Other direct emissions,Toluene,biosphere,"('biosphere-3.12', '3b1ecf8e-1d2c-4330-81da-a79f9068976d')",Other direct emissions,0.0,0.0,2.5827970001762376e-08,kilogram,"('IPCC 2021', 'climate change', 'GWP 100a, incl. H')","climate change — GWP 100a, incl. H (premise_gwp)",kg CO2-Eq
Steel,Steam methane reforming with CCS,Other direct emissions,"Water, cooling, unspecified natural origin",biosphere,"('biosphere-3.12', 'fc1c42ce-a759-49fa-b987-f1ec5e503db1')",Other direct emissions,0.0,0.0,0.0017522171643066435,cubic meter,"('IPCC 2021', 'climate change', 'GWP 100a, incl. H')","climate change — GWP 100a, incl. H (premise_gwp)",kg CO2-Eq
Steel,Steam methane reforming with CCS,Other direct emissions,Water,biosphere,"('biosphere-3.12', '2404b41a-2eed-4e9d-8ab6-783946fdf5d6')",Other direct emissions,0.0,0.0,0.0017016485919131908,cubic meter,"('IPCC 2021', 'climate change', 'GWP 100a, incl. H')","climate change — GWP 100a, incl. H (premise_gwp)",kg CO2-Eq
Steel,Steam methane reforming with CCS,Other direct emissions,Water,biosphere,"('biosphere-3.12', '075e433b-4be4-448e-9510-9a5029c1ce94')",Other direct emissions,0.0,0.0,5.056858955395645e-05,cubic meter,"('IPCC 2021', 'climate change', 'GWP 100a, incl. H')","climate change — GWP 100a, incl. H (premise_gwp)",kg CO2-Eq
Steel,Steam methane reforming with CCS,Other direct emissions,"Carbon dioxide, non-fossil",biosphere,"('biosphere-3.12', 'eba59fd6-f37e-41dc-9ca3-c7ea22d602c7')",Other direct emissions,0.0,0.0,0.04424371702184054,kilogram,"('IPCC 2021', 'climate change', 'GWP 100a, incl. H')","climate change — GWP 100a, incl. H (premise_gwp)",kg CO2-Eq
Cement,PEM electrolysis,Infrastructure,"electrolyzer production, 1MWe, PEM, Stack",RER,"('ecoinvent-3.12-cutoff_remind-SSP1-PkBudg650_2050_04_full', '4b10c19428e14b8f8d007e30ec00b854')",Upstream input,0.01734082487938773,2.676954313278915,,,"('IPCC 2021', 'climate change', 'GWP 100a, incl. H')","climate change — GWP 100a, incl. H (premise_gwp)",kg CO2-Eq
Cement,PEM electrolysis,Infrastructure,"electrolyzer production, 1MWe, PEM, Balance of Plant",RER,"('ecoinvent-3.12-cutoff_remind-SSP1-PkBudg650_2050_04_full', 'd3ccbd883a7f4693af1ca38b327f11a1')",Upstream input,0.0034535790828300623,0.5331391952998144,,,"('IPCC 2021', 'climate change', 'GWP 100a, incl. H')","climate change — GWP 100a, incl. H (premise_gwp)",kg CO2-Eq
Cement,PEM electrolysis,Waste treatment,"treatment of electrolyzer stack, 1MWe, PEM",RER,"('ecoinvent-3.12-cutoff_remind-SSP1-PkBudg650_2050_04_full', '13e729a7f3fc4f6182834436182fefe6')",Upstream input,4.765249443555027e-05,0.00735625619917164,,,"('IPCC 2021', 'climate change', 'GWP 100a, incl. H')","climate change — GWP 100a, incl. H (premise_gwp)",kg CO2-Eq
Cement,PEM electrolysis,Waste treatment,"treatment of electrolyzer balance of plant, 1MWe, PEM",RER,"('ecoinvent-3.12-cutoff_remind-SSP1-PkBudg650_2050_04_full', '4f96e300894a475a8c1971ce79fbca2c')",Upstream input,0.0004336724366286783,0.06694729390660378,,,"('IPCC 2021', 'climate change', 'GWP 100a, incl. H')","climate change — GWP 100a, incl. H (premise_gwp)",kg CO2-Eq
Cement,PEM electrolysis,Water,"deionized water production, via reverse osmosis, from brackish water",RER,"('ecoinvent-3.12-cutoff_remind-SSP1-PkBudg650_2050_04_full', '4e0a52c5b9864dfebab5c43621971720')",Upstream input,0.00022295881964054263,0.03441881098919211,,,"('IPCC 2021', 'climate change', 'GWP 100a, incl. H')","climate change — GWP 100a, incl. H (premise_gwp)",kg CO2-Eq
Cement,PEM electrolysis,Electricity,"market group for electricity, low voltage",EUR,"('ecoinvent-3.12-cutoff_remind-SSP1-PkBudg650_2050_04_full', '13f887da454449da9d91f12bd7f18f05')",Upstream input,0.38746819891061884,59.81460937104028,,,"('IPCC 2021', 'climate change', 'GWP 100a, incl. H')","climate change — GWP 100a, incl. H (premise_gwp)",kg CO2-Eq
Cement,PEM electrolysis,Other direct emissions,Oxygen,biosphere,"('biosphere-3.12', '9ec076d9-6d9f-4a0b-9851-730626ed4319')",Other direct emissions,0.0,0.0,5.297587840298096,kilogram,"('IPCC 2021', 'climate change', 'GWP 100a, incl. H')","climate change — GWP 100a, incl. H (premise_gwp)",kg CO2-Eq
Cement,PEM electrolysis,Other direct emissions,"Occupation, industrial area",biosphere,"('biosphere-3.12', 'fe9c3a98-a6d2-452d-a9a4-a13e64f1b95b')",Other direct emissions,0.0,0.0,0.0004022534096710235,square meter-year,"('IPCC 2021', 'climate change', 'GWP 100a, incl. H')","climate change — GWP 100a, incl. H (premise_gwp)",kg CO2-Eq
Cement,PEM electrolysis,Other direct emissions,"Transformation, from industrial area",biosphere,"('biosphere-3.12', 'b6dcefd8-3848-4338-9c3e-fe6e91f20937')",Other direct emissions,0.0,0.0,2.0112669760831963e-05,square meter,"('IPCC 2021', 'climate change', 'GWP 100a, incl. H')","climate change — GWP 100a, incl. H (premise_gwp)",kg CO2-Eq
Cement,PEM electrolysis,Other direct emissions,"Transformation, to industrial area",biosphere,"('biosphere-3.12', '4624deff-2016-41d4-b2bf-3db8dab88779')",Other direct emissions,0.0,0.0,2.0112669760831963e-05,square meter,"('IPCC 2021', 'climate change', 'GWP 100a, incl. H')","climate change — GWP 100a, incl. H (premise_gwp)",kg CO2-Eq
Cement,Biomass gasification,Infrastructure,"market for liquid storage tank, chemicals, organics",GLO,"('ecoinvent-3.12-cutoff_remind-SSP1-PkBudg650_2050_04_full', '65328045d6934aea9218657932fe4f18')",Upstream input,7.965895151598674e-09,1.22971874368831e-06,,,"('IPCC 2021', 'climate change', 'GWP 100a, incl. H')","climate change — GWP 100a, incl. H (premise_gwp)",kg CO2-Eq
Cement,Biomass gasification,Water,"market for water, deionised",Europe without Switzerland,"('ecoinvent-3.12-cutoff_remind-SSP1-PkBudg650_2050_04_full', 'a3b3af9d63ee4c50a4506512784991e4')",Upstream input,7.051067455410121e-09,1.0884940923667964e-06,,,"('IPCC 2021', 'climate change', 'GWP 100a, incl. H')","climate change — GWP 100a, incl. H (premise_gwp)",kg CO2-Eq
Cement,Biomass gasification,Biomass feedstock,"market for lignocellulosic biomass, used as fuel",EUR,"('ecoinvent-3.12-cutoff_remind-SSP1-PkBudg650_2050_04_full', '89cba6c9714f4f4bb98cf9b3e82f439a')",Upstream input,4.517839236865482e-07,6.974321761477123e-05,,,"('IPCC 2021', 'climate change', 'GWP 100a, incl. H')","climate change — GWP 100a, incl. H (premise_gwp)",kg CO2-Eq
Cement,Biomass gasification,Infrastructure,synthetic gas factory construction,RoW,"('ecoinvent-3.12-cutoff_remind-SSP1-PkBudg650_2050_04_full', '2d99aa9618294621ad0ab6a287164682')",Upstream input,3.66742724935756e-10,5.661515678803732e-08,,,"('IPCC 2021', 'climate change', 'GWP 100a, incl. H')","climate change — GWP 100a, incl. H (premise_gwp)",kg CO2-Eq
Cement,Biomass gasification,Water,"treatment of wastewater, average, wastewater treatment",Europe without Switzerland,"('ecoinvent-3.12-cutoff_remind-SSP1-PkBudg650_2050_04_full', 'db7e3c0fc9d3451395736c9985715bb8')",Upstream input,7.320680974422325e-09,1.1301151269864315e-06,,,"('IPCC 2021', 'climate change', 'GWP 100a, incl. H')","climate change — GWP 100a, incl. H (premise_gwp)",kg CO2-Eq
Cement,Biomass gasification,Other direct emissions,"Carbon dioxide, non-fossil",biosphere,"('biosphere-3.12', 'eba59fd6-f37e-41dc-9ca3-c7ea22d602c7')",Other direct emissions,0.0,0.0,7.70229301991037e-05,kilogram,"('IPCC 2021', 'climate change', 'GWP 100a, incl. H')","climate change — GWP 100a, incl. H (premise_gwp)",kg CO2-Eq
Cement,Biomass gasification with CCS,CO2 capture and storage,"carbon dioxide, captured at hydrogen production plant, pre, pipeline 200km, storage 1000m",RER,"('ecoinvent-3.12-cutoff_remind-SSP1-PkBudg650_2050_04_full', 'f35934f4c5ec445c8e063cf6d8b1795b')",Upstream input,0.02432679253423312,3.7553987573084804,,,"('IPCC 2021', 'climate change', 'GWP 100a, incl. H')","climate change — GWP 100a, incl. H (premise_gwp)",kg CO2-Eq
Cement,Biomass gasification with CCS,Infrastructure,"market for liquid storage tank, chemicals, organics",GLO,"('ecoinvent-3.12-cutoff_remind-SSP1-PkBudg650_2050_04_full', '65328045d6934aea9218657932fe4f18')",Upstream input,0.0007304207590957928,0.11275720821643981,,,"('IPCC 2021', 'climate change', 'GWP 100a, incl. H')","climate change — GWP 100a, incl. H (premise_gwp)",kg CO2-Eq
Cement,Biomass gasification with CCS,Water,"market for water, deionised",Europe without Switzerland,"('ecoinvent-3.12-cutoff_remind-SSP1-PkBudg650_2050_04_full', 'a3b3af9d63ee4c50a4506512784991e4')",Upstream input,0.0006473808590467447,0.09993809377657367,,,"('IPCC 2021', 'climate change', 'GWP 100a, incl. H')","climate change — GWP 100a, incl. H (premise_gwp)",kg CO2-Eq
Cement,Biomass gasification with CCS,Biomass feedstock,"market for lignocellulosic biomass, used as fuel",EUR,"('ecoinvent-3.12-cutoff_remind-SSP1-PkBudg650_2050_04_full', '89cba6c9714f4f4bb98cf9b3e82f439a')",Upstream input,0.0414256464849626,6.39499930422016,,,"('IPCC 2021', 'climate change', 'GWP 100a, incl. H')","climate change — GWP 100a, incl. H (premise_gwp)",kg CO2-Eq
Cement,Biomass gasification with CCS,Infrastructure,synthetic gas factory construction,RoW,"('ecoinvent-3.12-cutoff_remind-SSP1-PkBudg650_2050_04_full', '2d99aa9618294621ad0ab6a287164682')",Upstream input,3.3627921839603216e-05,0.005191241537888739,,,"('IPCC 2021', 'climate change', 'GWP 100a, incl. H')","climate change — GWP 100a, incl. H (premise_gwp)",kg CO2-Eq
Cement,Biomass gasification with CCS,Water,"treatment of wastewater, average, wastewater treatment",Europe without Switzerland,"('ecoinvent-3.12-cutoff_remind-SSP1-PkBudg650_2050_04_full', 'db7e3c0fc9d3451395736c9985715bb8')",Upstream input,0.0006712588168277055,0.10362420458840788,,,"('IPCC 2021', 'climate change', 'GWP 100a, incl. H')","climate change — GWP 100a, incl. H (premise_gwp)",kg CO2-Eq
Cement,Biomass gasification with CCS,Other direct emissions,"Carbon dioxide, non-fossil",biosphere,"('biosphere-3.12', 'eba59fd6-f37e-41dc-9ca3-c7ea22d602c7')",Other direct emissions,0.0,0.0,0.5076820659435527,kilogram,"('IPCC 2021', 'climate change', 'GWP 100a, incl. H')","climate change — GWP 100a, incl. H (premise_gwp)",kg CO2-Eq
Cement,Coal gasification with CCS,Infrastructure,"chemical factory construction, organics",RER,"('ecoinvent-3.12-cutoff_remind-SSP1-PkBudg650_2050_04_full', '8e7d31369cdb4b2688a5e8bf919310c0')",Upstream input,2.7872975525777917e-08,4.302833491291409e-06,,,"('IPCC 2021', 'climate change', 'GWP 100a, incl. H')","climate change — GWP 100a, incl. H (premise_gwp)",kg CO2-Eq
Cement,Coal gasification with CCS,Other raw materials,"limestone production, milled, packed",Europe without Switzerland,"('ecoinvent-3.12-cutoff_remind-SSP1-PkBudg650_2050_04_full', 'bdc114f35c9742219f056ea4203192d8')",Upstream input,3.018766238419765e-09,4.6601585327836396e-07,,,"('IPCC 2021', 'climate change', 'GWP 100a, incl. H')","climate change — GWP 100a, incl. H (premise_gwp)",kg CO2-Eq
Cement,Coal gasification with CCS,Infrastructure,"liquid storage tank production, chemicals, organics",RoW,"('ecoinvent-3.12-cutoff_remind-SSP1-PkBudg650_2050_04_full', '00ec9ef702ab4db28b3eb182865fdafb')",Upstream input,3.743857123226691e-09,5.779502730711817e-07,,,"('IPCC 2021', 'climate change', 'GWP 100a, incl. H')","climate change — GWP 100a, incl. H (premise_gwp)",kg CO2-Eq
Cement,Coal gasification with CCS,Fossil feedstock,market for hard coal,BE,"('ecoinvent-3.12-cutoff_remind-SSP1-PkBudg650_2050_04_full', '1e18d48334e340d5a242914af00668fd')",Upstream input,3.6027318637850734e-08,5.561643502790139e-06,,,"('IPCC 2021', 'climate change', 'GWP 100a, incl. H')","climate change — GWP 100a, incl. H (premise_gwp)",kg CO2-Eq
Cement,Coal gasification with CCS,Fossil feedstock,market for hard coal,FI,"('ecoinvent-3.12-cutoff_remind-SSP1-PkBudg650_2050_04_full', 'ea7b7b7a5c3b4e759380ba049bd77910')",Upstream input,3.376148875754923e-08,5.211860657197876e-06,,,"('IPCC 2021', 'climate change', 'GWP 100a, incl. H')","climate change — GWP 100a, incl. H (premise_gwp)",kg CO2-Eq
Cement,Coal gasification with CCS,Fossil feedstock,market for hard coal,IT,"('ecoinvent-3.12-cutoff_remind-SSP1-PkBudg650_2050_04_full', '9ef9602812a34373b85be42d2ca62ebb')",Upstream input,1.423699835665528e-07,2.197807452879302e-05,,,"('IPCC 2021', 'climate change', 'GWP 100a, incl. H')","climate change — GWP 100a, incl. H (premise_gwp)",kg CO2-Eq
Cement,Coal gasification with CCS,Fossil feedstock,market for hard coal,DE,"('ecoinvent-3.12-cutoff_remind-SSP1-PkBudg650_2050_04_full', '5775c4cf27024a1d88f0c5dac4340be0')",Upstream input,4.85566488405376e-07,7.495833183031154e-05,,,"('IPCC 2021', 'climate change', 'GWP 100a, incl. H')","climate change — GWP 100a, incl. H (premise_gwp)",kg CO2-Eq
Cement,Coal gasification with CCS,Fossil feedstock,market for hard coal,DK,"('ecoinvent-3.12-cutoff_remind-SSP1-PkBudg650_2050_04_full', 'bcb55ab7692c4e0bbfa618d75aff9557')",Upstream input,2.1879732177084955e-08,3.377638828153777e-06,,,"('IPCC 2021', 'climate change', 'GWP 100a, incl. H')","climate change — GWP 100a, incl. H (premise_gwp)",kg CO2-Eq
Cement,Coal gasification with CCS,Fossil feedstock,market for hard coal,FR,"('ecoinvent-3.12-cutoff_remind-SSP1-PkBudg650_2050_04_full', '00dc1da922a34fb6860a0db19dfc97ee')",Upstream input,8.574249565063652e-08,1.3236322098846676e-05,,,"('IPCC 2021', 'climate change', 'GWP 100a, incl. H')","climate change — GWP 100a, incl. H (premise_gwp)",kg CO2-Eq
Cement,Coal gasification with CCS,Fossil feedstock,market for hard coal,AT,"('ecoinvent-3.12-cutoff_remind-SSP1-PkBudg650_2050_04_full', 'a0d571e40ba74907bb7fcfc3bc96e9b5')",Upstream input,2.718169313849393e-08,4.1961181890376355e-06,,,"('IPCC 2021', 'climate change', 'GWP 100a, incl. H')","climate change — GWP 100a, incl. H (premise_gwp)",kg CO2-Eq
Cement,Coal gasification with CCS,Fossil feedstock,market for hard coal,CZ,"('ecoinvent-3.12-cutoff_remind-SSP1-PkBudg650_2050_04_full', '4ad0cba393304ef195ebbf921e07db45')",Upstream input,5.892615591208757e-08,9.096604592398045e-06,,,"('IPCC 2021', 'climate change', 'GWP 100a, incl. H')","climate change — GWP 100a, incl. H (premise_gwp)",kg CO2-Eq
Cement,Coal gasification with CCS,Fossil feedstock,market for hard coal,SE,"('ecoinvent-3.12-cutoff_remind-SSP1-PkBudg650_2050_04_full', '2a697fb10c3d42ddb4a13eb359e7e9fe')",Upstream input,1.9459662550589923e-08,3.0040455377456735e-06,,,"('IPCC 2021', 'climate change', 'GWP 100a, incl. H')","climate change — GWP 100a, incl. H (premise_gwp)",kg CO2-Eq
Cement,Coal gasification with CCS,Fossil feedstock,market for hard coal,IE,"('ecoinvent-3.12-cutoff_remind-SSP1-PkBudg650_2050_04_full', 'b92b9e8ad3844979a15b4b92c92cf146')",Upstream input,1.631522674746837e-08,2.518629702885337e-06,,,"('IPCC 2021', 'climate change', 'GWP 100a, incl. H')","climate change — GWP 100a, incl. H (premise_gwp)",kg CO2-Eq
Cement,Coal gasification with CCS,Fossil feedstock,market for hard coal,EE,"('ecoinvent-3.12-cutoff_remind-SSP1-PkBudg650_2050_04_full', '98b10ecd77444b3a8d91976aaef07588')",Upstream input,3.898398871131264e-11,6.018073387824306e-09,,,"('IPCC 2021', 'climate change', 'GWP 100a, incl. H')","climate change — GWP 100a, incl. H (premise_gwp)",kg CO2-Eq
Cement,Coal gasification with CCS,Fossil feedstock,market for hard coal,LV,"('ecoinvent-3.12-cutoff_remind-SSP1-PkBudg650_2050_04_full', '5bdbe2e35e534ea381876f11ee515563')",Upstream input,2.5441035536616663e-10,3.9274077379664294e-08,,,"('IPCC 2021', 'climate change', 'GWP 100a, incl. H')","climate change — GWP 100a, incl. H (premise_gwp)",kg CO2-Eq
Cement,Coal gasification with CCS,Fossil feedstock,market for hard coal,BG,"('ecoinvent-3.12-cutoff_remind-SSP1-PkBudg650_2050_04_full', '53945b28aa8a4680b66f815ed50472a6')",Upstream input,8.834063444663876e-09,1.3637404452473504e-06,,,"('IPCC 2021', 'climate change', 'GWP 100a, incl. H')","climate change — GWP 100a, incl. H (premise_gwp)",kg CO2-Eq
Cement,Coal gasification with CCS,Fossil feedstock,market for hard coal,PT,"('ecoinvent-3.12-cutoff_remind-SSP1-PkBudg650_2050_04_full', 'a7bae5d2f0164f3bbd69f12c54a1ac01')",Upstream input,2.7646336381306407e-11,4.2678465376965996e-09,,,"('IPCC 2021', 'climate change', 'GWP 100a, incl. H')","climate change — GWP 100a, incl. H (premise_gwp)",kg CO2-Eq
Cement,Coal gasification with CCS,Fossil feedstock,market for hard coal,NL,"('ecoinvent-3.12-cutoff_remind-SSP1-PkBudg650_2050_04_full', '2978d6563e55427d957b45a645996356')",Upstream input,9.163623877054021e-08,1.4146156618018708e-05,,,"('IPCC 2021', 'climate change', 'GWP 100a, incl. H')","climate change — GWP 100a, incl. H (premise_gwp)",kg CO2-Eq
Cement,Coal gasification with CCS,Fossil feedstock,market for hard coal,GB,"('ecoinvent-3.12-cutoff_remind-SSP1-PkBudg650_2050_04_full', '3e3b2c2ae54c4e2eaf4a7e14ad9e54f3')",Upstream input,6.931474038632598e-08,1.0700321036719623e-05,,,"('IPCC 2021', 'climate change', 'GWP 100a, incl. H')","climate change — GWP 100a, incl. H (premise_gwp)",kg CO2-Eq
Cement,Coal gasification with CCS,Fossil feedstock,market for hard coal,ES,"('ecoinvent-3.12-cutoff_remind-SSP1-PkBudg650_2050_04_full', 'd584a79ce0364d2eb929aa16062cdd63')",Upstream input,6.826015390084115e-08,1.0537521408635038e-05,,,"('IPCC 2021', 'climate change', 'GWP 100a, incl. H')","climate change — GWP 100a, incl. H (premise_gwp)",kg CO2-Eq
Cement,Coal gasification with CCS,Fossil feedstock,market for hard coal,SK,"('ecoinvent-3.12-cutoff_remind-SSP1-PkBudg650_2050_04_full', 'ca5af9df10c24ade910fb2258af2df58')",Upstream input,2.963710176580613e-08,4.575166865295171e-06,,,"('IPCC 2021', 'climate change', 'GWP 100a, incl. H')","climate change — GWP 100a, incl. H (premise_gwp)",kg CO2-Eq
Cement,Coal gasification with CCS,Fossil feedstock,market for hard coal,PL,"('ecoinvent-3.12-cutoff_remind-SSP1-PkBudg650_2050_04_full', 'cc24e06b42be4d93be6730e28f75e09c')",Upstream input,6.970717435285539e-07,0.00010760902226293067,,,"('IPCC 2021', 'climate change', 'GWP 100a, incl. H')","climate change — GWP 100a, incl. H (premise_gwp)",kg CO2-Eq
Cement,Coal gasification with CCS,Fossil feedstock,market for hard coal,HR,"('ecoinvent-3.12-cutoff_remind-SSP1-PkBudg650_2050_04_full', '99858cf830aa4370989bf7d099c6b6cd')",Upstream input,8.356386712427689e-09,1.2900000783613093e-06,,,"('IPCC 2021', 'climate change', 'GWP 100a, incl. H')","climate change — GWP 100a, incl. H (premise_gwp)",kg CO2-Eq
Cement,Coal gasification with CCS,Transport services,"market for transport, freight, train",EUR,"('ecoinvent-3.12-cutoff_remind-SSP1-PkBudg650_2050_04_full', 'b45e6c68ddb84d1ba5a1ef63110282ba')",Upstream input,7.340350267709337e-09,1.1331515338396257e-06,,,"('IPCC 2021', 'climate change', 'GWP 100a, incl. H')","climate change — GWP 100a, incl. H (premise_gwp)",kg CO2-Eq
Cement,Coal gasification with CCS,Other raw materials,"methanol production, from coal gasification",CN,"('ecoinvent-3.12-cutoff_remind-SSP1-PkBudg650_2050_04_full', '36f7de9581d640eab90f302044b48024')",Upstream input,1.2551816439386274e-08,1.93766094696221e-06,,,"('IPCC 2021', 'climate change', 'GWP 100a, incl. H')","climate change — GWP 100a, incl. H (premise_gwp)",kg CO2-Eq
Cement,Coal gasification with CCS,Water,"transport, freight, inland waterways, barge, diesel",RER,"('ecoinvent-3.12-cutoff_remind-SSP1-PkBudg650_2050_04_full', '65accb569ab7402d9ed0783570ba6837')",Upstream input,5.4496208519854245e-09,8.412740539694665e-07,,,"('IPCC 2021', 'climate change', 'GWP 100a, incl. H')","climate change — GWP 100a, incl. H (premise_gwp)",kg CO2-Eq
Cement,Coal gasification with CCS,Fossil feedstock,"treatment of hard coal ash, residual material landfill",BE,"('ecoinvent-3.12-cutoff_remind-SSP1-PkBudg650_2050_04_full', '58783f3c42814ab5818f4273b0980078')",Upstream input,1.6101020946307494e-12,2.485562121190964e-10,,,"('IPCC 2021', 'climate change', 'GWP 100a, incl. H')","climate change — GWP 100a, incl. H (premise_gwp)",kg CO2-Eq
Cement,Coal gasification with CCS,Fossil feedstock,"treatment of hard coal ash, residual material landfill",IT,"('ecoinvent-3.12-cutoff_remind-SSP1-PkBudg650_2050_04_full', '6d1b0d66637b4907910280714b323d66')",Upstream input,2.0897234499564286e-11,3.225967762104794e-09,,,"('IPCC 2021', 'climate change', 'GWP 100a, incl. H')","climate change — GWP 100a, incl. H (premise_gwp)",kg CO2-Eq
Cement,Coal gasification with CCS,Fossil feedstock,"treatment of hard coal ash, residual material landfill",DE,"('ecoinvent-3.12-cutoff_remind-SSP1-PkBudg650_2050_04_full', 'f3e0c5c73d6f4615a84f491ffcaf1112')",Upstream input,4.5052626042189584e-11,6.954906842496161e-09,,,"('IPCC 2021', 'climate change', 'GWP 100a, incl. H')","climate change — GWP 100a, incl. H (premise_gwp)",kg CO2-Eq
Cement,Coal gasification with CCS,Fossil feedstock,"treatment of hard coal ash, residual material landfill",FR,"('ecoinvent-3.12-cutoff_remind-SSP1-PkBudg650_2050_04_full', '1dd3f98d2e4647439a33618292794a79')",Upstream input,7.590327333834593e-12,1.1717412312755438e-09,,,"('IPCC 2021', 'climate change', 'GWP 100a, incl. H')","climate change — GWP 100a, incl. H (premise_gwp)",kg CO2-Eq
Cement,Coal gasification with CCS,Fossil feedstock,"treatment of hard coal ash, residual material landfill",AT,"('ecoinvent-3.12-cutoff_remind-SSP1-PkBudg650_2050_04_full', '27808455427d47fba451c9f49d6148b5')",Upstream input,1.4471099806868272e-12,2.2339463846343553e-10,,,"('IPCC 2021', 'climate change', 'GWP 100a, incl. H')","climate change — GWP 100a, incl. H (premise_gwp)",kg CO2-Eq
Cement,Coal gasification with CCS,Fossil feedstock,"treatment of hard coal ash, residual material landfill",CZ,"('ecoinvent-3.12-cutoff_remind-SSP1-PkBudg650_2050_04_full', '8c2ba8852edb4d7e8e8dfa3c07351c8d')",Upstream input,6.650522687522429e-11,1.0266608144508892e-08,,,"('IPCC 2021', 'climate change', 'GWP 100a, incl. H')","climate change — GWP 100a, incl. H (premise_gwp)",kg CO2-Eq
Cement,Coal gasification with CCS,Fossil feedstock,"treatment of hard coal ash, residual material landfill",PT,"('ecoinvent-3.12-cutoff_remind-SSP1-PkBudg650_2050_04_full', '49c29cc8572e4399b9589694fbbec48a')",Upstream input,4.857920544474069e-12,7.499315312591564e-10,,,"('IPCC 2021', 'climate change', 'GWP 100a, incl. H')","climate change — GWP 100a, incl. H (premise_gwp)",kg CO2-Eq
Cement,Coal gasification with CCS,Fossil feedstock,"treatment of hard coal ash, residual material landfill",NL,"('ecoinvent-3.12-cutoff_remind-SSP1-PkBudg650_2050_04_full', 'cecefb1df95d46c08435fe6d0b060412')",Upstream input,7.668232775195917e-12,1.1837677241748514e-09,,,"('IPCC 2021', 'climate change', 'GWP 100a, incl. H')","climate change — GWP 100a, incl. H (premise_gwp)",kg CO2-Eq
Cement,Coal gasification with CCS,Fossil feedstock,"treatment of hard coal ash, residual material landfill",ES,"('ecoinvent-3.12-cutoff_remind-SSP1-PkBudg650_2050_04_full', 'ae319a3e8a52445a97dfd6068775a21f')",Upstream input,5.132519070693187e-10,7.923221161531925e-08,,,"('IPCC 2021', 'climate change', 'GWP 100a, incl. H')","climate change — GWP 100a, incl. H (premise_gwp)",kg CO2-Eq
Cement,Coal gasification with CCS,Fossil feedstock,"treatment of hard coal ash, residual material landfill",SK,"('ecoinvent-3.12-cutoff_remind-SSP1-PkBudg650_2050_04_full', '575be8dc4e1f4e39bd938cf4095f60e4')",Upstream input,1.130342039530657e-11,1.744942365342032e-09,,,"('IPCC 2021', 'climate change', 'GWP 100a, incl. H')","climate change — GWP 100a, incl. H (premise_gwp)",kg CO2-Eq
Cement,Coal gasification with CCS,Fossil feedstock,"treatment of hard coal ash, residual material landfill",PL,"('ecoinvent-3.12-cutoff_remind-SSP1-PkBudg650_2050_04_full', '38ab4dfee94d48a3a2aacae6712936ae')",Upstream input,9.54861311419877e-10,1.4740475865291437e-07,,,"('IPCC 2021', 'climate change', 'GWP 100a, incl. H')","climate change — GWP 100a, incl. H (premise_gwp)",kg CO2-Eq
Cement,Coal gasification with CCS,Fossil feedstock,"treatment of hard coal ash, residual material landfill",HR,"('ecoinvent-3.12-cutoff_remind-SSP1-PkBudg650_2050_04_full', '9674a8eac898427989f9a803bc3039d1')",Upstream input,1.0789705702676112e-11,1.6656387121538562e-09,,,"('IPCC 2021', 'climate change', 'GWP 100a, incl. H')","climate change — GWP 100a, incl. H (premise_gwp)",kg CO2-Eq
Cement,Coal gasification with CCS,Waste treatment,"treatment of waste gypsum, inert material landfill",Europe without Switzerland,"('ecoinvent-3.12-cutoff_remind-SSP1-PkBudg650_2050_04_full', 'fb1f9abf63a149e68b084549a51e0345')",Upstream input,7.039397445421946e-10,1.0866925584841155e-07,,,"('IPCC 2021', 'climate change', 'GWP 100a, incl. H')","climate change — GWP 100a, incl. H (premise_gwp)",kg CO2-Eq
Cement,Coal gasification with CCS,Water,"treatment of wastewater, average, wastewater treatment",Europe without Switzerland,"('ecoinvent-3.12-cutoff_remind-SSP1-PkBudg650_2050_04_full', 'db7e3c0fc9d3451395736c9985715bb8')",Upstream input,8.900355757051333e-09,1.3739741851540244e-06,,,"('IPCC 2021', 'climate change', 'GWP 100a, incl. H')","climate change — GWP 100a, incl. H (premise_gwp)",kg CO2-Eq
Cement,Coal gasification with CCS,CO2 capture and storage,"carbon dioxide, captured at hydrogen production plant, pre, pipeline 200km, storage 1000m",RER,"('ecoinvent-3.12-cutoff_remind-SSP1-PkBudg650_2050_04_full', 'f35934f4c5ec445c8e063cf6d8b1795b')",Upstream input,6.238490650069396e-08,9.630542128306818e-06,,,"('IPCC 2021', 'climate change', 'GWP 100a, incl. H')","climate change — GWP 100a, incl. H (premise_gwp)",kg CO2-Eq
Cement,Coal gasification with CCS,Water,"water production, deionised",Europe without Switzerland,"('ecoinvent-3.12-cutoff_remind-SSP1-PkBudg650_2050_04_full', 'd8ec6354f9a7473da79499703b97a362')",Upstream input,1.3673158513073783e-09,2.110765832208297e-07,,,"('IPCC 2021', 'climate change', 'GWP 100a, incl. H')","climate change — GWP 100a, incl. H (premise_gwp)",kg CO2-Eq
Cement,Coal gasification with CCS,Other raw materials,"market for nitrogen, liquid",RER,"('ecoinvent-3.12-cutoff_remind-SSP1-PkBudg650_2050_04_full', '33f71c3c6dae4e40bc89e0d449024a5a')",Upstream input,6.82816230663266e-11,1.0540835667071328e-08,,,"('IPCC 2021', 'climate change', 'GWP 100a, incl. H')","climate change — GWP 100a, incl. H (premise_gwp)",kg CO2-Eq
Cement,Coal gasification with CCS,Other raw materials,"market for ammonia, anhydrous, liquid",RER,"('ecoinvent-3.12-cutoff_remind-SSP1-PkBudg650_2050_04_full', 'f182f94f3ddb4531a1841fcf43b8a2a9')",Upstream input,1.9808596202437832e-11,3.057911455362587e-09,,,"('IPCC 2021', 'climate change', 'GWP 100a, incl. H')","climate change — GWP 100a, incl. H (premise_gwp)",kg CO2-Eq
Cement,Coal gasification with CCS,Electricity,"market group for electricity, medium voltage",EUR,"('ecoinvent-3.12-cutoff_remind-SSP1-PkBudg650_2050_04_full', '1f68882440364dbcaec11614acdb8a39')",Upstream input,8.878232931343906e-08,1.3705590192601684e-05,,,"('IPCC 2021', 'climate change', 'GWP 100a, incl. H')","climate change — GWP 100a, incl. H (premise_gwp)",kg CO2-Eq
Cement,Coal gasification with CCS,Other raw materials,"market for aluminium oxide, metallurgical","IAI Area, Western and Central Europe","('ecoinvent-3.12-cutoff_remind-SSP1-PkBudg650_2050_04_full', '25a7ad1d1ee14c438339ef0f94f9d6ca')",Upstream input,5.751182822234855e-10,8.878270652936085e-08,,,"('IPCC 2021', 'climate change', 'GWP 100a, incl. H')","climate change — GWP 100a, incl. H (premise_gwp)",kg CO2-Eq
Cement,Coal gasification with CCS,Ammonia leakage,Ammonia,biosphere,"('biosphere-3.12', '0f440cc0-0f74-446d-99d6-8ff0e97a2444')",Ammonia leakage,0.0,0.0,7.580944643323931e-09,kilogram,"('IPCC 2021', 'climate change', 'GWP 100a, incl. H')","climate change — GWP 100a, incl. H (premise_gwp)",kg CO2-Eq
Cement,Coal gasification with CCS,Other direct emissions,"Carbon dioxide, fossil",biosphere,"('biosphere-3.12', 'aa7cac3a-3625-41d4-bc54-33e2cf11ec46')",Other direct emissions,2.7143599172416695e-06,0.000419023751107049,2.7143599172416695e-06,kilogram,"('IPCC 2021', 'climate change', 'GWP 100a, incl. H')","climate change — GWP 100a, incl. H (premise_gwp)",kg CO2-Eq
Cement,Coal gasification with CCS,Other direct emissions,Hydrochloric acid,biosphere,"('biosphere-3.12', '68e32537-beae-41c2-be72-74df4d273c11')",Other direct emissions,0.0,0.0,1.1355655790744011e-08,kilogram,"('IPCC 2021', 'climate change', 'GWP 100a, incl. H')","climate change — GWP 100a, incl. H (premise_gwp)",kg CO2-Eq
Cement,Coal gasification with CCS,Other direct emissions,"Water, cooling, unspecified natural origin",biosphere,"('biosphere-3.12', 'fc1c42ce-a759-49fa-b987-f1ec5e503db1')",Other direct emissions,0.0,0.0,3.502400032633441e-08,cubic meter,"('IPCC 2021', 'climate change', 'GWP 100a, incl. H')","climate change — GWP 100a, incl. H (premise_gwp)",kg CO2-Eq
Cement,Steam methane reforming with CCS,CO2 capture and storage,"carbon dioxide, captured at hydrogen production plant, pre, pipeline 200km, storage 1000m",RER,"('ecoinvent-3.12-cutoff_remind-SSP1-PkBudg650_2050_04_full', 'f35934f4c5ec445c8e063cf6d8b1795b')",Upstream input,0.0001058008596168653,0.016332790941026135,,,"('IPCC 2021', 'climate change', 'GWP 100a, incl. H')","climate change — GWP 100a, incl. H (premise_gwp)",kg CO2-Eq
Cement,Steam methane reforming with CCS,Infrastructure,"chemical factory construction, organics",RER,"('ecoinvent-3.12-cutoff_remind-SSP1-PkBudg650_2050_04_full', '8e7d31369cdb4b2688a5e8bf919310c0')",Upstream input,8.966657854271263e-05,0.013842094355741645,,,"('IPCC 2021', 'climate change', 'GWP 100a, incl. H')","climate change — GWP 100a, incl. H (premise_gwp)",kg CO2-Eq
Cement,Steam methane reforming with CCS,Other raw materials,"market for chromium trioxide, flakes",GLO,"('ecoinvent-3.12-cutoff_remind-SSP1-PkBudg650_2050_04_full', 'a06e068f68e041e2ac0c80fc5e0557f8')",Upstream input,4.150154327246085e-07,6.406715715294637e-05,,,"('IPCC 2021', 'climate change', 'GWP 100a, incl. H')","climate change — GWP 100a, incl. H (premise_gwp)",kg CO2-Eq
Cement,Steam methane reforming with CCS,Other raw materials,market for copper oxide,GLO,"('ecoinvent-3.12-cutoff_remind-SSP1-PkBudg650_2050_04_full', '9b2b7bfc24cd49bfadec1024e3fb0230')",Upstream input,2.2118844104024604e-06,0.00034145512419881606,,,"('IPCC 2021', 'climate change', 'GWP 100a, incl. H')","climate change — GWP 100a, incl. H (premise_gwp)",kg CO2-Eq
Cement,Steam methane reforming with CCS,Other raw materials,market for diethanolamine,GLO,"('ecoinvent-3.12-cutoff_remind-SSP1-PkBudg650_2050_04_full', '4a5e3b6e092f4a8d876ebe45937da2dc')",Upstream input,1.6791778670279515e-06,0.00025921964296208704,,,"('IPCC 2021', 'climate change', 'GWP 100a, incl. H')","climate change — GWP 100a, incl. H (premise_gwp)",kg CO2-Eq
Cement,Steam methane reforming with CCS,Infrastructure,"market for liquid storage tank, chemicals, organics",GLO,"('ecoinvent-3.12-cutoff_remind-SSP1-PkBudg650_2050_04_full', '65328045d6934aea9218657932fe4f18')",Upstream input,1.0098355686217603e-05,0.001558912969784823,,,"('IPCC 2021', 'climate change', 'GWP 100a, incl. H')","climate change — GWP 100a, incl. H (premise_gwp)",kg CO2-Eq
Cement,Steam methane reforming with CCS,Other raw materials,market for magnesium oxide,GLO,"('ecoinvent-3.12-cutoff_remind-SSP1-PkBudg650_2050_04_full', '3fc57c117f4c4a6abe4afab728b57ef3')",Upstream input,1.622152568695035e-07,2.5041647936404098e-05,,,"('IPCC 2021', 'climate change', 'GWP 100a, incl. H')","climate change — GWP 100a, incl. H (premise_gwp)",kg CO2-Eq
Cement,Steam methane reforming with CCS,Other raw materials,market for molybdenum trioxide,GLO,"('ecoinvent-3.12-cutoff_remind-SSP1-PkBudg650_2050_04_full', '5de4e1a7764f410b8a69af4bfab86f57')",Upstream input,1.5856748479599675e-07,2.4478530596026627e-05,,,"('IPCC 2021', 'climate change', 'GWP 100a, incl. H')","climate change — GWP 100a, incl. H (premise_gwp)",kg CO2-Eq
Cement,Steam methane reforming with CCS,Other raw materials,market for portafer,GLO,"('ecoinvent-3.12-cutoff_remind-SSP1-PkBudg650_2050_04_full', '58b064c0cce34a9bba324f6605d30448')",Upstream input,8.751136125318452e-08,1.3509387102229534e-05,,,"('IPCC 2021', 'climate change', 'GWP 100a, incl. H')","climate change — GWP 100a, incl. H (premise_gwp)",kg CO2-Eq
Cement,Steam methane reforming with CCS,Other raw materials,"market for quicklime, milled, packed",RER,"('ecoinvent-3.12-cutoff_remind-SSP1-PkBudg650_2050_04_full', '62e91632f4e8492eaaa9cbe5152aea01')",Upstream input,2.592427315696766e-07,4.002006555562176e-05,,,"('IPCC 2021', 'climate change', 'GWP 100a, incl. H')","climate change — GWP 100a, incl. H (premise_gwp)",kg CO2-Eq
Cement,Steam methane reforming with CCS,Water,"market for water, deionised",Europe without Switzerland,"('ecoinvent-3.12-cutoff_remind-SSP1-PkBudg650_2050_04_full', 'a3b3af9d63ee4c50a4506512784991e4')",Upstream input,2.489761063063154e-06,0.0003843517631461217,,,"('IPCC 2021', 'climate change', 'GWP 100a, incl. H')","climate change — GWP 100a, incl. H (premise_gwp)",kg CO2-Eq
Cement,Steam methane reforming with CCS,Other raw materials,"market for zeolite, powder",GLO,"('ecoinvent-3.12-cutoff_remind-SSP1-PkBudg650_2050_04_full', 'aa37275a67b943c1b3c9804c7b3cf087')",Upstream input,2.0420173953555087e-05,0.0031523225177051157,,,"('IPCC 2021', 'climate change', 'GWP 100a, incl. H')","climate change — GWP 100a, incl. H (premise_gwp)",kg CO2-Eq
Cement,Steam methane reforming with CCS,Other raw materials,market for zinc oxide,GLO,"('ecoinvent-3.12-cutoff_remind-SSP1-PkBudg650_2050_04_full', 'd8f30b36acca41f8abdc5c246e360c64')",Upstream input,2.4155801521103704e-07,3.729002369979017e-05,,,"('IPCC 2021', 'climate change', 'GWP 100a, incl. H')","climate change — GWP 100a, incl. H (premise_gwp)",kg CO2-Eq
Cement,Steam methane reforming with CCS,Fossil feedstock,"market for natural gas, high pressure",EUR,"('ecoinvent-3.12-cutoff_remind-SSP1-PkBudg650_2050_04_full', 'f7d9451c5108493ebaa4f2c4b038d2e9')",Upstream input,5.73791287806976e-05,0.008857785448502731,,,"('IPCC 2021', 'climate change', 'GWP 100a, incl. H')","climate change — GWP 100a, incl. H (premise_gwp)",kg CO2-Eq
Cement,Steam methane reforming with CCS,Fossil feedstock,"market for natural gas, high pressure",EUR,"('ecoinvent-3.12-cutoff_remind-SSP1-PkBudg650_2050_04_full', 'f7d9451c5108493ebaa4f2c4b038d2e9')",Upstream input,6.2027504792477815e-06,0.0009575368971837215,,,"('IPCC 2021', 'climate change', 'GWP 100a, incl. H')","climate change — GWP 100a, incl. H (premise_gwp)",kg CO2-Eq
Cement,Steam methane reforming with CCS,Fossil feedstock,"market for natural gas, high pressure",EUR,"('ecoinvent-3.12-cutoff_remind-SSP1-PkBudg650_2050_04_full', 'f7d9451c5108493ebaa4f2c4b038d2e9')",Upstream input,0.000240158935977091,0.03707404370945057,,,"('IPCC 2021', 'climate change', 'GWP 100a, incl. H')","climate change — GWP 100a, incl. H (premise_gwp)",kg CO2-Eq
Cement,Steam methane reforming with CCS,Fossil feedstock,"market for natural gas, high pressure",EUR,"('ecoinvent-3.12-cutoff_remind-SSP1-PkBudg650_2050_04_full', 'f7d9451c5108493ebaa4f2c4b038d2e9')",Upstream input,3.307520973343577e-05,0.0051059177388827785,,,"('IPCC 2021', 'climate change', 'GWP 100a, incl. H')","climate change — GWP 100a, incl. H (premise_gwp)",kg CO2-Eq
Cement,Steam methane reforming with CCS,Fossil feedstock,"market for natural gas, high pressure",EUR,"('ecoinvent-3.12-cutoff_remind-SSP1-PkBudg650_2050_04_full', 'f7d9451c5108493ebaa4f2c4b038d2e9')",Upstream input,0.00029658608987747666,0.04578486998618902,,,"('IPCC 2021', 'climate change', 'GWP 100a, incl. H')","climate change — GWP 100a, incl. H (premise_gwp)",kg CO2-Eq
Cement,Steam methane reforming with CCS,Fossil feedstock,"market for natural gas, high pressure",EUR,"('ecoinvent-3.12-cutoff_remind-SSP1-PkBudg650_2050_04_full', 'f7d9451c5108493ebaa4f2c4b038d2e9')",Upstream input,8.70921956056363e-06,0.0013444679264166056,,,"('IPCC 2021', 'climate change', 'GWP 100a, incl. H')","climate change — GWP 100a, incl. H (premise_gwp)",kg CO2-Eq
Cement,Steam methane reforming with CCS,Fossil feedstock,"market for natural gas, high pressure",EUR,"('ecoinvent-3.12-cutoff_remind-SSP1-PkBudg650_2050_04_full', 'f7d9451c5108493ebaa4f2c4b038d2e9')",Upstream input,0.00012829228112976553,0.019804858057181587,,,"('IPCC 2021', 'climate change', 'GWP 100a, incl. H')","climate change — GWP 100a, incl. H (premise_gwp)",kg CO2-Eq
Cement,Steam methane reforming with CCS,Fossil feedstock,"market for natural gas, high pressure",EUR,"('ecoinvent-3.12-cutoff_remind-SSP1-PkBudg650_2050_04_full', 'f7d9451c5108493ebaa4f2c4b038d2e9')",Upstream input,2.730419696035843e-05,0.004215029465555002,,,"('IPCC 2021', 'climate change', 'GWP 100a, incl. H')","climate change — GWP 100a, incl. H (premise_gwp)",kg CO2-Eq
Cement,Steam methane reforming with CCS,Fossil feedstock,"market for natural gas, high pressure",EUR,"('ecoinvent-3.12-cutoff_remind-SSP1-PkBudg650_2050_04_full', 'f7d9451c5108493ebaa4f2c4b038d2e9')",Upstream input,2.6585223541834132e-05,0.004104039417086243,,,"('IPCC 2021', 'climate change', 'GWP 100a, incl. H')","climate change — GWP 100a, incl. H (premise_gwp)",kg CO2-Eq
Cement,Steam methane reforming with CCS,Fossil feedstock,"market for natural gas, high pressure",EUR,"('ecoinvent-3.12-cutoff_remind-SSP1-PkBudg650_2050_04_full', 'f7d9451c5108493ebaa4f2c4b038d2e9')",Upstream input,3.0603784767687644e-06,0.0004724396573193098,,,"('IPCC 2021', 'climate change', 'GWP 100a, incl. H')","climate change — GWP 100a, incl. H (premise_gwp)",kg CO2-Eq
Cement,Steam methane reforming with CCS,Fossil feedstock,"market for natural gas, high pressure",EUR,"('ecoinvent-3.12-cutoff_remind-SSP1-PkBudg650_2050_04_full', 'f7d9451c5108493ebaa4f2c4b038d2e9')",Upstream input,1.8953849056785884e-05,0.0029259616159385345,,,"('IPCC 2021', 'climate change', 'GWP 100a, incl. H')","climate change — GWP 100a, incl. H (premise_gwp)",kg CO2-Eq
Cement,Steam methane reforming with CCS,Fossil feedstock,"market for natural gas, high pressure",EUR,"('ecoinvent-3.12-cutoff_remind-SSP1-PkBudg650_2050_04_full', 'f7d9451c5108493ebaa4f2c4b038d2e9')",Upstream input,0.00012194619196253353,0.018825193543709255,,,"('IPCC 2021', 'climate change', 'GWP 100a, incl. H')","climate change — GWP 100a, incl. H (premise_gwp)",kg CO2-Eq
Cement,Steam methane reforming with CCS,Fossil feedstock,"market for natural gas, high pressure",EUR,"('ecoinvent-3.12-cutoff_remind-SSP1-PkBudg650_2050_04_full', 'f7d9451c5108493ebaa4f2c4b038d2e9')",Upstream input,0.00024712281994355057,0.03814907902933012,,,"('IPCC 2021', 'climate change', 'GWP 100a, incl. H')","climate change — GWP 100a, incl. H (premise_gwp)",kg CO2-Eq
Cement,Steam methane reforming with CCS,Fossil feedstock,"market for natural gas, high pressure",EUR,"('ecoinvent-3.12-cutoff_remind-SSP1-PkBudg650_2050_04_full', 'f7d9451c5108493ebaa4f2c4b038d2e9')",Upstream input,0.00011282747740579907,0.01741751066622255,,,"('IPCC 2021', 'climate change', 'GWP 100a, incl. H')","climate change — GWP 100a, incl. H (premise_gwp)",kg CO2-Eq
Cement,Steam methane reforming with CCS,Fossil feedstock,"market for natural gas, high pressure",EUR,"('ecoinvent-3.12-cutoff_remind-SSP1-PkBudg650_2050_04_full', 'f7d9451c5108493ebaa4f2c4b038d2e9')",Upstream input,1.6631532675122284e-05,0.002567458782426721,,,"('IPCC 2021', 'climate change', 'GWP 100a, incl. H')","climate change — GWP 100a, incl. H (premise_gwp)",kg CO2-Eq
Cement,Steam methane reforming with CCS,Fossil feedstock,"market for natural gas, high pressure",EUR,"('ecoinvent-3.12-cutoff_remind-SSP1-PkBudg650_2050_04_full', 'f7d9451c5108493ebaa4f2c4b038d2e9')",Upstream input,7.830425061472896e-05,0.012088058260730963,,,"('IPCC 2021', 'climate change', 'GWP 100a, incl. H')","climate change — GWP 100a, incl. H (premise_gwp)",kg CO2-Eq
Cement,Steam methane reforming with CCS,Fossil feedstock,"market for natural gas, high pressure",EUR,"('ecoinvent-3.12-cutoff_remind-SSP1-PkBudg650_2050_04_full', 'f7d9451c5108493ebaa4f2c4b038d2e9')",Upstream input,5.422484833276123e-05,0.008370849866768587,,,"('IPCC 2021', 'climate change', 'GWP 100a, incl. H')","climate change — GWP 100a, incl. H (premise_gwp)",kg CO2-Eq
Cement,Steam methane reforming with CCS,Fossil feedstock,"market for natural gas, high pressure",EUR,"('ecoinvent-3.12-cutoff_remind-SSP1-PkBudg650_2050_04_full', 'f7d9451c5108493ebaa4f2c4b038d2e9')",Upstream input,3.714419642304576e-05,0.005734059222646529,,,"('IPCC 2021', 'climate change', 'GWP 100a, incl. H')","climate change — GWP 100a, incl. H (premise_gwp)",kg CO2-Eq
Cement,Steam methane reforming with CCS,Fossil feedstock,"market for natural gas, high pressure",EUR,"('ecoinvent-3.12-cutoff_remind-SSP1-PkBudg650_2050_04_full', 'f7d9451c5108493ebaa4f2c4b038d2e9')",Upstream input,1.826493127659798e-05,0.002819611345060667,,,"('IPCC 2021', 'climate change', 'GWP 100a, incl. H')","climate change — GWP 100a, incl. H (premise_gwp)",kg CO2-Eq
Cement,Steam methane reforming with CCS,Electricity,"market group for electricity, high voltage",EUR,"('ecoinvent-3.12-cutoff_remind-SSP1-PkBudg650_2050_04_full', '61c3646bc8dc47bd8fc76509336203f1')",Upstream input,1.383477880829659e-06,0.00021357156341594356,,,"('IPCC 2021', 'climate change', 'GWP 100a, incl. H')","climate change — GWP 100a, incl. H (premise_gwp)",kg CO2-Eq
Cement,Steam methane reforming with CCS,Other raw materials,"market for nickel, class 1",World,"('ecoinvent-3.12-cutoff_remind-SSP1-PkBudg650_2050_04_full', '3efc33e8-c787-433d-a8f2-1a436588105b')",Upstream input,1.350027850491089e-05,0.002084077835140669,,,"('IPCC 2021', 'climate change', 'GWP 100a, incl. H')","climate change — GWP 100a, incl. H (premise_gwp)",kg CO2-Eq
Cement,Steam methane reforming with CCS,Other raw materials,market for silica sand,World,"('ecoinvent-3.12-cutoff_remind-SSP1-PkBudg650_2050_04_full', 'dc5c95fd-5eb1-48a3-bf64-67df861ea0c3')",Upstream input,1.1666900840813476e-09,1.8010539144269224e-07,,,"('IPCC 2021', 'climate change', 'GWP 100a, incl. H')","climate change — GWP 100a, incl. H (premise_gwp)",kg CO2-Eq
Cement,Steam methane reforming with CCS,Other raw materials,"market for aluminium oxide, metallurgical","IAI Area, Western and Central Europe","('ecoinvent-3.12-cutoff_remind-SSP1-PkBudg650_2050_04_full', '25a7ad1d1ee14c438339ef0f94f9d6ca')",Upstream input,1.3158026629437149e-06,0.00020312434030620504,,,"('IPCC 2021', 'climate change', 'GWP 100a, incl. H')","climate change — GWP 100a, incl. H (premise_gwp)",kg CO2-Eq
Cement,Steam methane reforming with CCS,Other direct emissions,Acetaldehyde,biosphere,"('biosphere-3.12', 'e3e8f6a2-c45e-4685-9859-698b2eadaf5b')",Other direct emissions,0.0,0.0,1.2913371686216528e-10,kilogram,"('IPCC 2021', 'climate change', 'GWP 100a, incl. H')","climate change — GWP 100a, incl. H (premise_gwp)",kg CO2-Eq
Cement,Steam methane reforming with CCS,Other direct emissions,Acetic acid,biosphere,"('biosphere-3.12', 'd157416d-db9b-4f88-a7f3-a9a5f1ea88f2')",Other direct emissions,0.0,0.0,1.9370056841972463e-08,kilogram,"('IPCC 2021', 'climate change', 'GWP 100a, incl. H')","climate change — GWP 100a, incl. H (premise_gwp)",kg CO2-Eq
Cement,Steam methane reforming with CCS,Other direct emissions,Benzene,biosphere,"('biosphere-3.12', '28999907-a8a7-45b3-857e-836495ca2aa0')",Other direct emissions,0.0,0.0,5.1654712457725655e-08,kilogram,"('IPCC 2021', 'climate change', 'GWP 100a, incl. H')","climate change — GWP 100a, incl. H (premise_gwp)",kg CO2-Eq
Cement,Steam methane reforming with CCS,Other direct emissions,Benzo(a)pyrene,biosphere,"('biosphere-3.12', '5e13c2ab-5466-4ff5-816d-702dfdf25f76')",Other direct emissions,0.0,0.0,1.2913371072509091e-12,kilogram,"('IPCC 2021', 'climate change', 'GWP 100a, incl. H')","climate change — GWP 100a, incl. H (premise_gwp)",kg CO2-Eq
Cement,Steam methane reforming with CCS,Other direct emissions,Butane,biosphere,"('biosphere-3.12', '982b0510-96ac-4bcb-a758-e98006b95f4d')",Other direct emissions,5.423763221248181e-10,8.372823352009136e-08,9.039605368746968e-08,kilogram,"('IPCC 2021', 'climate change', 'GWP 100a, incl. H')","climate change — GWP 100a, incl. H (premise_gwp)",kg CO2-Eq
Cement,Steam methane reforming with CCS,Other direct emissions,"Carbon dioxide, fossil",biosphere,"('biosphere-3.12', '349b29d1-3e58-4c66-98b9-9d1a076efd2e')",Other direct emissions,0.0,0.0,0.0,kilogram,"('IPCC 2021', 'climate change', 'GWP 100a, incl. H')","climate change — GWP 100a, incl. H (premise_gwp)",kg CO2-Eq
Cement,Steam methane reforming with CCS,Other direct emissions,"Carbon monoxide, fossil",biosphere,"('biosphere-3.12', 'ba2f3f82-c93a-47a5-822a-37ec97495275')",Other direct emissions,1.1016648459752899e-06,0.00017006725353225705,2.7118571434996304e-07,kilogram,"('IPCC 2021', 'climate change', 'GWP 100a, incl. H')","climate change — GWP 100a, incl. H (premise_gwp)",kg CO2-Eq
Cement,Steam methane reforming with CCS,Other direct emissions,Dinitrogen monoxide,biosphere,"('biosphere-3.12', '20185046-64bb-4c09-a8e7-e8a9e144ca98')",Other direct emissions,3.525350345238988e-06,0.000544218736890908,1.2913371227981641e-08,kilogram,"('IPCC 2021', 'climate change', 'GWP 100a, incl. H')","climate change — GWP 100a, incl. H (premise_gwp)",kg CO2-Eq
Cement,Steam methane reforming with CCS,Other direct emissions,Formaldehyde,biosphere,"('biosphere-3.12', 'a861cfae-a310-4e9d-b9eb-5d555c9a684c')",Other direct emissions,0.0,0.0,1.2913371227981641e-08,kilogram,"('IPCC 2021', 'climate change', 'GWP 100a, incl. H')","climate change — GWP 100a, incl. H (premise_gwp)",kg CO2-Eq
Cement,Steam methane reforming with CCS,Other direct emissions,Mercury II,biosphere,"('biosphere-3.12', '71234253-b3a7-4dfe-b166-a484ad15bee7')",Other direct emissions,0.0,0.0,3.874134063240211e-12,kilogram,"('IPCC 2021', 'climate change', 'GWP 100a, incl. H')","climate change — GWP 100a, incl. H (premise_gwp)",kg CO2-Eq
Cement,Steam methane reforming with CCS,Other direct emissions,"Methane, fossil",biosphere,"('biosphere-3.12', '0795345f-c7ae-410c-ad25-1845784c75f5')",Other direct emissions,7.696734810826451e-06,0.001188167667531011,2.582796916384715e-07,kilogram,"('IPCC 2021', 'climate change', 'GWP 100a, incl. H')","climate change — GWP 100a, incl. H (premise_gwp)",kg CO2-Eq
Cement,Steam methane reforming with CCS,Other direct emissions,Nitrogen oxides,biosphere,"('biosphere-3.12', 'c1b91234-6f24-417b-8309-46111d09c457')",Other direct emissions,0.0,0.0,2.311549883398863e-06,kilogram,"('IPCC 2021', 'climate change', 'GWP 100a, incl. H')","climate change — GWP 100a, incl. H (premise_gwp)",kg CO2-Eq
Cement,Steam methane reforming with CCS,Other direct emissions,"PAH, polycyclic aromatic hydrocarbons",biosphere,"('biosphere-3.12', '3e5d7d91-67d7-4afb-91dd-36fab58e4685')",Other direct emissions,0.0,0.0,1.2913372013527161e-09,kilogram,"('IPCC 2021', 'climate change', 'GWP 100a, incl. H')","climate change — GWP 100a, incl. H (premise_gwp)",kg CO2-Eq
Cement,Steam methane reforming with CCS,Other direct emissions,"Particulate Matter, < 2.5 um",biosphere,"('biosphere-3.12', '21e46cb8-6233-4c99-bac3-c41d2ab99498')",Other direct emissions,0.0,0.0,2.5827970001762376e-08,kilogram,"('IPCC 2021', 'climate change', 'GWP 100a, incl. H')","climate change — GWP 100a, incl. H (premise_gwp)",kg CO2-Eq
Cement,Steam methane reforming with CCS,Other direct emissions,Pentane,biosphere,"('biosphere-3.12', '516606eb-99f6-4e8c-b99a-6b439aaed48c')",Other direct emissions,0.0,0.0,1.5497027510217243e-07,kilogram,"('IPCC 2021', 'climate change', 'GWP 100a, incl. H')","climate change — GWP 100a, incl. H (premise_gwp)",kg CO2-Eq
Cement,Steam methane reforming with CCS,Other direct emissions,Propane,biosphere,"('biosphere-3.12', '3a6c936c-0276-4f11-9d98-1bd011387a6e')",Other direct emissions,5.165594000352475e-10,7.974279906562026e-08,2.5827970001762376e-08,kilogram,"('IPCC 2021', 'climate change', 'GWP 100a, incl. H')","climate change — GWP 100a, incl. H (premise_gwp)",kg CO2-Eq
Cement,Steam methane reforming with CCS,Other direct emissions,Propionic acid,biosphere,"('biosphere-3.12', 'a1ecc854-a399-4b01-bae2-3a88b12ed44f')",Other direct emissions,0.0,0.0,2.5827969478065363e-09,kilogram,"('IPCC 2021', 'climate change', 'GWP 100a, incl. H')","climate change — GWP 100a, incl. H (premise_gwp)",kg CO2-Eq
Cement,Steam methane reforming with CCS,Other direct emissions,Sulfur dioxide,biosphere,"('biosphere-3.12', 'fd7aa71c-508c-480d-81a6-8052aad92646')",Other direct emissions,0.0,0.0,4.484664290613899e-08,kilogram,"('IPCC 2021', 'climate change', 'GWP 100a, incl. H')","climate change — GWP 100a, incl. H (premise_gwp)",kg CO2-Eq
Cement,Steam methane reforming with CCS,Other direct emissions,Toluene,biosphere,"('biosphere-3.12', '3b1ecf8e-1d2c-4330-81da-a79f9068976d')",Other direct emissions,0.0,0.0,2.5827970001762376e-08,kilogram,"('IPCC 2021', 'climate change', 'GWP 100a, incl. H')","climate change — GWP 100a, incl. H (premise_gwp)",kg CO2-Eq
Cement,Steam methane reforming with CCS,Other direct emissions,"Water, cooling, unspecified natural origin",biosphere,"('biosphere-3.12', 'fc1c42ce-a759-49fa-b987-f1ec5e503db1')",Other direct emissions,0.0,0.0,0.0017522171643066435,cubic meter,"('IPCC 2021', 'climate change', 'GWP 100a, incl. H')","climate change — GWP 100a, incl. H (premise_gwp)",kg CO2-Eq
Cement,Steam methane reforming with CCS,Other direct emissions,Water,biosphere,"('biosphere-3.12', '2404b41a-2eed-4e9d-8ab6-783946fdf5d6')",Other direct emissions,0.0,0.0,0.0017016485919131908,cubic meter,"('IPCC 2021', 'climate change', 'GWP 100a, incl. H')","climate change — GWP 100a, incl. H (premise_gwp)",kg CO2-Eq
Cement,Steam methane reforming with CCS,Other direct emissions,Water,biosphere,"('biosphere-3.12', '075e433b-4be4-448e-9510-9a5029c1ce94')",Other direct emissions,0.0,0.0,5.056858955395645e-05,cubic meter,"('IPCC 2021', 'climate change', 'GWP 100a, incl. H')","climate change — GWP 100a, incl. H (premise_gwp)",kg CO2-Eq
Cement,Steam methane reforming with CCS,Other direct emissions,"Carbon dioxide, non-fossil",biosphere,"('biosphere-3.12', 'eba59fd6-f37e-41dc-9ca3-c7ea22d602c7')",Other direct emissions,0.0,0.0,0.04424371702184054,kilogram,"('IPCC 2021', 'climate change', 'GWP 100a, incl. H')","climate change — GWP 100a, incl. H (premise_gwp)",kg CO2-Eq
Other end uses,PEM electrolysis,Infrastructure,"electrolyzer production, 1MWe, PEM, Stack",RER,"('ecoinvent-3.12-cutoff_remind-SSP1-PkBudg650_2050_04_full', '4b10c19428e14b8f8d007e30ec00b854')",Upstream input,0.01734082487938773,2.6556260302613452,,,"('IPCC 2021', 'climate change', 'GWP 100a, incl. H')","climate change — GWP 100a, incl. H (premise_gwp)",kg CO2-Eq
Other end uses,PEM electrolysis,Infrastructure,"electrolyzer production, 1MWe, PEM, Balance of Plant",RER,"('ecoinvent-3.12-cutoff_remind-SSP1-PkBudg650_2050_04_full', 'd3ccbd883a7f4693af1ca38b327f11a1')",Upstream input,0.0034535790828300623,0.5288914785611651,,,"('IPCC 2021', 'climate change', 'GWP 100a, incl. H')","climate change — GWP 100a, incl. H (premise_gwp)",kg CO2-Eq
Other end uses,PEM electrolysis,Waste treatment,"treatment of electrolyzer stack, 1MWe, PEM",RER,"('ecoinvent-3.12-cutoff_remind-SSP1-PkBudg650_2050_04_full', '13e729a7f3fc4f6182834436182fefe6')",Upstream input,4.765249443555027e-05,0.007297646191003996,,,"('IPCC 2021', 'climate change', 'GWP 100a, incl. H')","climate change — GWP 100a, incl. H (premise_gwp)",kg CO2-Eq
Other end uses,PEM electrolysis,Waste treatment,"treatment of electrolyzer balance of plant, 1MWe, PEM",RER,"('ecoinvent-3.12-cutoff_remind-SSP1-PkBudg650_2050_04_full', '4f96e300894a475a8c1971ce79fbca2c')",Upstream input,0.0004336724366286783,0.06641390010730822,,,"('IPCC 2021', 'climate change', 'GWP 100a, incl. H')","climate change — GWP 100a, incl. H (premise_gwp)",kg CO2-Eq
Other end uses,PEM electrolysis,Water,"deionized water production, via reverse osmosis, from brackish water",RER,"('ecoinvent-3.12-cutoff_remind-SSP1-PkBudg650_2050_04_full', '4e0a52c5b9864dfebab5c43621971720')",Upstream input,0.00022295881964054263,0.03414458361883158,,,"('IPCC 2021', 'climate change', 'GWP 100a, incl. H')","climate change — GWP 100a, incl. H (premise_gwp)",kg CO2-Eq
Other end uses,PEM electrolysis,Electricity,"market group for electricity, low voltage",EUR,"('ecoinvent-3.12-cutoff_remind-SSP1-PkBudg650_2050_04_full', '13f887da454449da9d91f12bd7f18f05')",Upstream input,0.38746819891061884,59.33804430195312,,,"('IPCC 2021', 'climate change', 'GWP 100a, incl. H')","climate change — GWP 100a, incl. H (premise_gwp)",kg CO2-Eq
Other end uses,PEM electrolysis,Other direct emissions,Oxygen,biosphere,"('biosphere-3.12', '9ec076d9-6d9f-4a0b-9851-730626ed4319')",Other direct emissions,0.0,0.0,5.297587840298096,kilogram,"('IPCC 2021', 'climate change', 'GWP 100a, incl. H')","climate change — GWP 100a, incl. H (premise_gwp)",kg CO2-Eq
Other end uses,PEM electrolysis,Other direct emissions,"Occupation, industrial area",biosphere,"('biosphere-3.12', 'fe9c3a98-a6d2-452d-a9a4-a13e64f1b95b')",Other direct emissions,0.0,0.0,0.0004022534096710235,square meter-year,"('IPCC 2021', 'climate change', 'GWP 100a, incl. H')","climate change — GWP 100a, incl. H (premise_gwp)",kg CO2-Eq
Other end uses,PEM electrolysis,Other direct emissions,"Transformation, from industrial area",biosphere,"('biosphere-3.12', 'b6dcefd8-3848-4338-9c3e-fe6e91f20937')",Other direct emissions,0.0,0.0,2.0112669760831963e-05,square meter,"('IPCC 2021', 'climate change', 'GWP 100a, incl. H')","climate change — GWP 100a, incl. H (premise_gwp)",kg CO2-Eq
Other end uses,PEM electrolysis,Other direct emissions,"Transformation, to industrial area",biosphere,"('biosphere-3.12', '4624deff-2016-41d4-b2bf-3db8dab88779')",Other direct emissions,0.0,0.0,2.0112669760831963e-05,square meter,"('IPCC 2021', 'climate change', 'GWP 100a, incl. H')","climate change — GWP 100a, incl. H (premise_gwp)",kg CO2-Eq
Other end uses,Biomass gasification,Infrastructure,"market for liquid storage tank, chemicals, organics",GLO,"('ecoinvent-3.12-cutoff_remind-SSP1-PkBudg650_2050_04_full', '65328045d6934aea9218657932fe4f18')",Upstream input,7.965895151598674e-09,1.2199211205957927e-06,,,"('IPCC 2021', 'climate change', 'GWP 100a, incl. H')","climate change — GWP 100a, incl. H (premise_gwp)",kg CO2-Eq
Other end uses,Biomass gasification,Water,"market for water, deionised",Europe without Switzerland,"('ecoinvent-3.12-cutoff_remind-SSP1-PkBudg650_2050_04_full', 'a3b3af9d63ee4c50a4506512784991e4')",Upstream input,7.051067455410121e-09,1.0798216581942027e-06,,,"('IPCC 2021', 'climate change', 'GWP 100a, incl. H')","climate change — GWP 100a, incl. H (premise_gwp)",kg CO2-Eq
Other end uses,Biomass gasification,Biomass feedstock,"market for lignocellulosic biomass, used as fuel",EUR,"('ecoinvent-3.12-cutoff_remind-SSP1-PkBudg650_2050_04_full', '89cba6c9714f4f4bb98cf9b3e82f439a')",Upstream input,4.517839236865482e-07,6.918754765938009e-05,,,"('IPCC 2021', 'climate change', 'GWP 100a, incl. H')","climate change — GWP 100a, incl. H (premise_gwp)",kg CO2-Eq
Other end uses,Biomass gasification,Infrastructure,synthetic gas factory construction,RoW,"('ecoinvent-3.12-cutoff_remind-SSP1-PkBudg650_2050_04_full', '2d99aa9618294621ad0ab6a287164682')",Upstream input,3.66742724935756e-10,5.616408293852499e-08,,,"('IPCC 2021', 'climate change', 'GWP 100a, incl. H')","climate change — GWP 100a, incl. H (premise_gwp)",kg CO2-Eq
Other end uses,Biomass gasification,Water,"treatment of wastewater, average, wastewater treatment",Europe without Switzerland,"('ecoinvent-3.12-cutoff_remind-SSP1-PkBudg650_2050_04_full', 'db7e3c0fc9d3451395736c9985715bb8')",Upstream input,7.320680974422325e-09,1.1211110826696345e-06,,,"('IPCC 2021', 'climate change', 'GWP 100a, incl. H')","climate change — GWP 100a, incl. H (premise_gwp)",kg CO2-Eq
Other end uses,Biomass gasification,Other direct emissions,"Carbon dioxide, non-fossil",biosphere,"('biosphere-3.12', 'eba59fd6-f37e-41dc-9ca3-c7ea22d602c7')",Other direct emissions,0.0,0.0,7.70229301991037e-05,kilogram,"('IPCC 2021', 'climate change', 'GWP 100a, incl. H')","climate change — GWP 100a, incl. H (premise_gwp)",kg CO2-Eq
Other end uses,Biomass gasification with CCS,CO2 capture and storage,"carbon dioxide, captured at hydrogen production plant, pre, pipeline 200km, storage 1000m",RER,"('ecoinvent-3.12-cutoff_remind-SSP1-PkBudg650_2050_04_full', 'f35934f4c5ec445c8e063cf6d8b1795b')",Upstream input,0.02432679253423312,3.7254781093757185,,,"('IPCC 2021', 'climate change', 'GWP 100a, incl. H')","climate change — GWP 100a, incl. H (premise_gwp)",kg CO2-Eq
Other end uses,Biomass gasification with CCS,Infrastructure,"market for liquid storage tank, chemicals, organics",GLO,"('ecoinvent-3.12-cutoff_remind-SSP1-PkBudg650_2050_04_full', '65328045d6934aea9218657932fe4f18')",Upstream input,0.0007304207590957928,0.11185882992242792,,,"('IPCC 2021', 'climate change', 'GWP 100a, incl. H')","climate change — GWP 100a, incl. H (premise_gwp)",kg CO2-Eq
Other end uses,Biomass gasification with CCS,Water,"market for water, deionised",Europe without Switzerland,"('ecoinvent-3.12-cutoff_remind-SSP1-PkBudg650_2050_04_full', 'a3b3af9d63ee4c50a4506512784991e4')",Upstream input,0.0006473808590467447,0.09914185009855124,,,"('IPCC 2021', 'climate change', 'GWP 100a, incl. H')","climate change — GWP 100a, incl. H (premise_gwp)",kg CO2-Eq
Other end uses,Biomass gasification with CCS,Biomass feedstock,"market for lignocellulosic biomass, used as fuel",EUR,"('ecoinvent-3.12-cutoff_remind-SSP1-PkBudg650_2050_04_full', '89cba6c9714f4f4bb98cf9b3e82f439a')",Upstream input,0.0414256464849626,6.344047984512912,,,"('IPCC 2021', 'climate change', 'GWP 100a, incl. H')","climate change — GWP 100a, incl. H (premise_gwp)",kg CO2-Eq
Other end uses,Biomass gasification with CCS,Infrastructure,synthetic gas factory construction,RoW,"('ecoinvent-3.12-cutoff_remind-SSP1-PkBudg650_2050_04_full', '2d99aa9618294621ad0ab6a287164682')",Upstream input,3.3627921839603216e-05,0.005149881000585792,,,"('IPCC 2021', 'climate change', 'GWP 100a, incl. H')","climate change — GWP 100a, incl. H (premise_gwp)",kg CO2-Eq
Other end uses,Biomass gasification with CCS,Water,"treatment of wastewater, average, wastewater treatment",Europe without Switzerland,"('ecoinvent-3.12-cutoff_remind-SSP1-PkBudg650_2050_04_full', 'db7e3c0fc9d3451395736c9985715bb8')",Upstream input,0.0006712588168277055,0.1027985923050869,,,"('IPCC 2021', 'climate change', 'GWP 100a, incl. H')","climate change — GWP 100a, incl. H (premise_gwp)",kg CO2-Eq
Other end uses,Biomass gasification with CCS,Other direct emissions,"Carbon dioxide, non-fossil",biosphere,"('biosphere-3.12', 'eba59fd6-f37e-41dc-9ca3-c7ea22d602c7')",Other direct emissions,0.0,0.0,0.5076820659435527,kilogram,"('IPCC 2021', 'climate change', 'GWP 100a, incl. H')","climate change — GWP 100a, incl. H (premise_gwp)",kg CO2-Eq
Other end uses,Coal gasification with CCS,Infrastructure,"chemical factory construction, organics",RER,"('ecoinvent-3.12-cutoff_remind-SSP1-PkBudg650_2050_04_full', '8e7d31369cdb4b2688a5e8bf919310c0')",Upstream input,2.7872975525777917e-08,4.2685512287871475e-06,,,"('IPCC 2021', 'climate change', 'GWP 100a, incl. H')","climate change — GWP 100a, incl. H (premise_gwp)",kg CO2-Eq
Other end uses,Coal gasification with CCS,Other raw materials,"limestone production, milled, packed",Europe without Switzerland,"('ecoinvent-3.12-cutoff_remind-SSP1-PkBudg650_2050_04_full', 'bdc114f35c9742219f056ea4203192d8')",Upstream input,3.018766238419765e-09,4.6230293297931673e-07,,,"('IPCC 2021', 'climate change', 'GWP 100a, incl. H')","climate change — GWP 100a, incl. H (premise_gwp)",kg CO2-Eq
Other end uses,Coal gasification with CCS,Infrastructure,"liquid storage tank production, chemicals, organics",RoW,"('ecoinvent-3.12-cutoff_remind-SSP1-PkBudg650_2050_04_full', '00ec9ef702ab4db28b3eb182865fdafb')",Upstream input,3.743857123226691e-09,5.733455299371663e-07,,,"('IPCC 2021', 'climate change', 'GWP 100a, incl. H')","climate change — GWP 100a, incl. H (premise_gwp)",kg CO2-Eq
Other end uses,Coal gasification with CCS,Fossil feedstock,market for hard coal,BE,"('ecoinvent-3.12-cutoff_remind-SSP1-PkBudg650_2050_04_full', '1e18d48334e340d5a242914af00668fd')",Upstream input,3.6027318637850734e-08,5.517331836325782e-06,,,"('IPCC 2021', 'climate change', 'GWP 100a, incl. H')","climate change — GWP 100a, incl. H (premise_gwp)",kg CO2-Eq
Other end uses,Coal gasification with CCS,Fossil feedstock,market for hard coal,FI,"('ecoinvent-3.12-cutoff_remind-SSP1-PkBudg650_2050_04_full', 'ea7b7b7a5c3b4e759380ba049bd77910')",Upstream input,3.376148875754923e-08,5.17033583976134e-06,,,"('IPCC 2021', 'climate change', 'GWP 100a, incl. H')","climate change — GWP 100a, incl. H (premise_gwp)",kg CO2-Eq
Other end uses,Coal gasification with CCS,Fossil feedstock,market for hard coal,IT,"('ecoinvent-3.12-cutoff_remind-SSP1-PkBudg650_2050_04_full', '9ef9602812a34373b85be42d2ca62ebb')",Upstream input,1.423699835665528e-07,2.180296709740874e-05,,,"('IPCC 2021', 'climate change', 'GWP 100a, incl. H')","climate change — GWP 100a, incl. H (premise_gwp)",kg CO2-Eq
Other end uses,Coal gasification with CCS,Fossil feedstock,market for hard coal,DE,"('ecoinvent-3.12-cutoff_remind-SSP1-PkBudg650_2050_04_full', '5775c4cf27024a1d88f0c5dac4340be0')",Upstream input,4.85566488405376e-07,7.436111113518374e-05,,,"('IPCC 2021', 'climate change', 'GWP 100a, incl. H')","climate change — GWP 100a, incl. H (premise_gwp)",kg CO2-Eq
Other end uses,Coal gasification with CCS,Fossil feedstock,market for hard coal,DK,"('ecoinvent-3.12-cutoff_remind-SSP1-PkBudg650_2050_04_full', 'bcb55ab7692c4e0bbfa618d75aff9557')",Upstream input,2.1879732177084955e-08,3.3507279329992914e-06,,,"('IPCC 2021', 'climate change', 'GWP 100a, incl. H')","climate change — GWP 100a, incl. H (premise_gwp)",kg CO2-Eq
Other end uses,Coal gasification with CCS,Fossil feedstock,market for hard coal,FR,"('ecoinvent-3.12-cutoff_remind-SSP1-PkBudg650_2050_04_full', '00dc1da922a34fb6860a0db19dfc97ee')",Upstream input,8.574249565063652e-08,1.3130863435456142e-05,,,"('IPCC 2021', 'climate change', 'GWP 100a, incl. H')","climate change — GWP 100a, incl. H (premise_gwp)",kg CO2-Eq
Other end uses,Coal gasification with CCS,Fossil feedstock,market for hard coal,AT,"('ecoinvent-3.12-cutoff_remind-SSP1-PkBudg650_2050_04_full', 'a0d571e40ba74907bb7fcfc3bc96e9b5')",Upstream input,2.718169313849393e-08,4.16268616673265e-06,,,"('IPCC 2021', 'climate change', 'GWP 100a, incl. H')","climate change — GWP 100a, incl. H (premise_gwp)",kg CO2-Eq
Other end uses,Coal gasification with CCS,Fossil feedstock,market for hard coal,CZ,"('ecoinvent-3.12-cutoff_remind-SSP1-PkBudg650_2050_04_full', '4ad0cba393304ef195ebbf921e07db45')",Upstream input,5.892615591208757e-08,9.024128586258085e-06,,,"('IPCC 2021', 'climate change', 'GWP 100a, incl. H')","climate change — GWP 100a, incl. H (premise_gwp)",kg CO2-Eq
Other end uses,Coal gasification with CCS,Fossil feedstock,market for hard coal,SE,"('ecoinvent-3.12-cutoff_remind-SSP1-PkBudg650_2050_04_full', '2a697fb10c3d42ddb4a13eb359e7e9fe')",Upstream input,1.9459662550589923e-08,2.980111198220757e-06,,,"('IPCC 2021', 'climate change', 'GWP 100a, incl. H')","climate change — GWP 100a, incl. H (premise_gwp)",kg CO2-Eq
Other end uses,Coal gasification with CCS,Fossil feedstock,market for hard coal,IE,"('ecoinvent-3.12-cutoff_remind-SSP1-PkBudg650_2050_04_full', 'b92b9e8ad3844979a15b4b92c92cf146')",Upstream input,1.631522674746837e-08,2.4985628504728284e-06,,,"('IPCC 2021', 'climate change', 'GWP 100a, incl. H')","climate change — GWP 100a, incl. H (premise_gwp)",kg CO2-Eq
Other end uses,Coal gasification with CCS,Fossil feedstock,market for hard coal,EE,"('ecoinvent-3.12-cutoff_remind-SSP1-PkBudg650_2050_04_full', '98b10ecd77444b3a8d91976aaef07588')",Upstream input,3.898398871131264e-11,5.970125176007868e-09,,,"('IPCC 2021', 'climate change', 'GWP 100a, incl. H')","climate change — GWP 100a, incl. H (premise_gwp)",kg CO2-Eq
Other end uses,Coal gasification with CCS,Fossil feedstock,market for hard coal,LV,"('ecoinvent-3.12-cutoff_remind-SSP1-PkBudg650_2050_04_full', '5bdbe2e35e534ea381876f11ee515563')",Upstream input,2.5441035536616663e-10,3.896116631000116e-08,,,"('IPCC 2021', 'climate change', 'GWP 100a, incl. H')","climate change — GWP 100a, incl. H (premise_gwp)",kg CO2-Eq
Other end uses,Coal gasification with CCS,Fossil feedstock,market for hard coal,BG,"('ecoinvent-3.12-cutoff_remind-SSP1-PkBudg650_2050_04_full', '53945b28aa8a4680b66f815ed50472a6')",Upstream input,8.834063444663876e-09,1.3528750217941143e-06,,,"('IPCC 2021', 'climate change', 'GWP 100a, incl. H')","climate change — GWP 100a, incl. H (premise_gwp)",kg CO2-Eq
Other end uses,Coal gasification with CCS,Fossil feedstock,market for hard coal,PT,"('ecoinvent-3.12-cutoff_remind-SSP1-PkBudg650_2050_04_full', 'a7bae5d2f0164f3bbd69f12c54a1ac01')",Upstream input,2.7646336381306407e-11,4.233843029164527e-09,,,"('IPCC 2021', 'climate change', 'GWP 100a, incl. H')","climate change — GWP 100a, incl. H (premise_gwp)",kg CO2-Eq
Other end uses,Coal gasification with CCS,Fossil feedstock,market for hard coal,NL,"('ecoinvent-3.12-cutoff_remind-SSP1-PkBudg650_2050_04_full', '2978d6563e55427d957b45a645996356')",Upstream input,9.163623877054021e-08,1.4033448967214456e-05,,,"('IPCC 2021', 'climate change', 'GWP 100a, incl. H')","climate change — GWP 100a, incl. H (premise_gwp)",kg CO2-Eq
Other end uses,Coal gasification with CCS,Fossil feedstock,market for hard coal,GB,"('ecoinvent-3.12-cutoff_remind-SSP1-PkBudg650_2050_04_full', '3e3b2c2ae54c4e2eaf4a7e14ad9e54f3')",Upstream input,6.931474038632598e-08,1.0615067629772055e-05,,,"('IPCC 2021', 'climate change', 'GWP 100a, incl. H')","climate change — GWP 100a, incl. H (premise_gwp)",kg CO2-Eq
Other end uses,Coal gasification with CCS,Fossil feedstock,market for hard coal,ES,"('ecoinvent-3.12-cutoff_remind-SSP1-PkBudg650_2050_04_full', 'd584a79ce0364d2eb929aa16062cdd63')",Upstream input,6.826015390084115e-08,1.0453565086410104e-05,,,"('IPCC 2021', 'climate change', 'GWP 100a, incl. H')","climate change — GWP 100a, incl. H (premise_gwp)",kg CO2-Eq
Other end uses,Coal gasification with CCS,Fossil feedstock,market for hard coal,SK,"('ecoinvent-3.12-cutoff_remind-SSP1-PkBudg650_2050_04_full', 'ca5af9df10c24ade910fb2258af2df58')",Upstream input,2.963710176580613e-08,4.538714822288094e-06,,,"('IPCC 2021', 'climate change', 'GWP 100a, incl. H')","climate change — GWP 100a, incl. H (premise_gwp)",kg CO2-Eq
Other end uses,Coal gasification with CCS,Fossil feedstock,market for hard coal,PL,"('ecoinvent-3.12-cutoff_remind-SSP1-PkBudg650_2050_04_full', 'cc24e06b42be4d93be6730e28f75e09c')",Upstream input,6.970717435285539e-07,0.00010675166146649012,,,"('IPCC 2021', 'climate change', 'GWP 100a, incl. H')","climate change — GWP 100a, incl. H (premise_gwp)",kg CO2-Eq
Other end uses,Coal gasification with CCS,Fossil feedstock,market for hard coal,HR,"('ecoinvent-3.12-cutoff_remind-SSP1-PkBudg650_2050_04_full', '99858cf830aa4370989bf7d099c6b6cd')",Upstream input,8.356386712427689e-09,1.2797221716269664e-06,,,"('IPCC 2021', 'climate change', 'GWP 100a, incl. H')","climate change — GWP 100a, incl. H (premise_gwp)",kg CO2-Eq
Other end uses,Coal gasification with CCS,Transport services,"market for transport, freight, train",EUR,"('ecoinvent-3.12-cutoff_remind-SSP1-PkBudg650_2050_04_full', 'b45e6c68ddb84d1ba5a1ef63110282ba')",Upstream input,7.340350267709337e-09,1.12412329734876e-06,,,"('IPCC 2021', 'climate change', 'GWP 100a, incl. H')","climate change — GWP 100a, incl. H (premise_gwp)",kg CO2-Eq
Other end uses,Coal gasification with CCS,Other raw materials,"methanol production, from coal gasification",CN,"('ecoinvent-3.12-cutoff_remind-SSP1-PkBudg650_2050_04_full', '36f7de9581d640eab90f302044b48024')",Upstream input,1.2551816439386274e-08,1.9222228870506523e-06,,,"('IPCC 2021', 'climate change', 'GWP 100a, incl. H')","climate change — GWP 100a, incl. H (premise_gwp)",kg CO2-Eq
Other end uses,Coal gasification with CCS,Water,"transport, freight, inland waterways, barge, diesel",RER,"('ecoinvent-3.12-cutoff_remind-SSP1-PkBudg650_2050_04_full', '65accb569ab7402d9ed0783570ba6837')",Upstream input,5.4496208519854245e-09,8.345713130861447e-07,,,"('IPCC 2021', 'climate change', 'GWP 100a, incl. H')","climate change — GWP 100a, incl. H (premise_gwp)",kg CO2-Eq
Other end uses,Coal gasification with CCS,Fossil feedstock,"treatment of hard coal ash, residual material landfill",BE,"('ecoinvent-3.12-cutoff_remind-SSP1-PkBudg650_2050_04_full', '58783f3c42814ab5818f4273b0980078')",Upstream input,1.6101020946307494e-12,2.4657587304063156e-10,,,"('IPCC 2021', 'climate change', 'GWP 100a, incl. H')","climate change — GWP 100a, incl. H (premise_gwp)",kg CO2-Eq
Other end uses,Coal gasification with CCS,Fossil feedstock,"treatment of hard coal ash, residual material landfill",IT,"('ecoinvent-3.12-cutoff_remind-SSP1-PkBudg650_2050_04_full', '6d1b0d66637b4907910280714b323d66')",Upstream input,2.0897234499564286e-11,3.2002652863119024e-09,,,"('IPCC 2021', 'climate change', 'GWP 100a, incl. H')","climate change — GWP 100a, incl. H (premise_gwp)",kg CO2-Eq
Other end uses,Coal gasification with CCS,Fossil feedstock,"treatment of hard coal ash, residual material landfill",DE,"('ecoinvent-3.12-cutoff_remind-SSP1-PkBudg650_2050_04_full', 'f3e0c5c73d6f4615a84f491ffcaf1112')",Upstream input,4.5052626042189584e-11,6.899494532782178e-09,,,"('IPCC 2021', 'climate change', 'GWP 100a, incl. H')","climate change — GWP 100a, incl. H (premise_gwp)",kg CO2-Eq
Other end uses,Coal gasification with CCS,Fossil feedstock,"treatment of hard coal ash, residual material landfill",FR,"('ecoinvent-3.12-cutoff_remind-SSP1-PkBudg650_2050_04_full', '1dd3f98d2e4647439a33618292794a79')",Upstream input,7.590327333834593e-12,1.162405536422616e-09,,,"('IPCC 2021', 'climate change', 'GWP 100a, incl. H')","climate change — GWP 100a, incl. H (premise_gwp)",kg CO2-Eq
Other end uses,Coal gasification with CCS,Fossil feedstock,"treatment of hard coal ash, residual material landfill",AT,"('ecoinvent-3.12-cutoff_remind-SSP1-PkBudg650_2050_04_full', '27808455427d47fba451c9f49d6148b5')",Upstream input,1.4471099806868272e-12,2.216147709288567e-10,,,"('IPCC 2021', 'climate change', 'GWP 100a, incl. H')","climate change — GWP 100a, incl. H (premise_gwp)",kg CO2-Eq
Other end uses,Coal gasification with CCS,Fossil feedstock,"treatment of hard coal ash, residual material landfill",CZ,"('ecoinvent-3.12-cutoff_remind-SSP1-PkBudg650_2050_04_full', '8c2ba8852edb4d7e8e8dfa3c07351c8d')",Upstream input,6.650522687522429e-11,1.0184810288247248e-08,,,"('IPCC 2021', 'climate change', 'GWP 100a, incl. H')","climate change — GWP 100a, incl. H (premise_gwp)",kg CO2-Eq
Other end uses,Coal gasification with CCS,Fossil feedstock,"treatment of hard coal ash, residual material landfill",PT,"('ecoinvent-3.12-cutoff_remind-SSP1-PkBudg650_2050_04_full', '49c29cc8572e4399b9589694fbbec48a')",Upstream input,4.857920544474069e-12,7.4395654996674e-10,,,"('IPCC 2021', 'climate change', 'GWP 100a, incl. H')","climate change — GWP 100a, incl. H (premise_gwp)",kg CO2-Eq
Other end uses,Coal gasification with CCS,Fossil feedstock,"treatment of hard coal ash, residual material landfill",NL,"('ecoinvent-3.12-cutoff_remind-SSP1-PkBudg650_2050_04_full', 'cecefb1df95d46c08435fe6d0b060412')",Upstream input,7.668232775195917e-12,1.1743362098142865e-09,,,"('IPCC 2021', 'climate change', 'GWP 100a, incl. H')","climate change — GWP 100a, incl. H (premise_gwp)",kg CO2-Eq
Other end uses,Coal gasification with CCS,Fossil feedstock,"treatment of hard coal ash, residual material landfill",ES,"('ecoinvent-3.12-cutoff_remind-SSP1-PkBudg650_2050_04_full', 'ae319a3e8a52445a97dfd6068775a21f')",Upstream input,5.132519070693187e-10,7.860093934255131e-08,,,"('IPCC 2021', 'climate change', 'GWP 100a, incl. H')","climate change — GWP 100a, incl. H (premise_gwp)",kg CO2-Eq
Other end uses,Coal gasification with CCS,Fossil feedstock,"treatment of hard coal ash, residual material landfill",SK,"('ecoinvent-3.12-cutoff_remind-SSP1-PkBudg650_2050_04_full', '575be8dc4e1f4e39bd938cf4095f60e4')",Upstream input,1.130342039530657e-11,1.7310397654983397e-09,,,"('IPCC 2021', 'climate change', 'GWP 100a, incl. H')","climate change — GWP 100a, incl. H (premise_gwp)",kg CO2-Eq
Other end uses,Coal gasification with CCS,Fossil feedstock,"treatment of hard coal ash, residual material landfill",PL,"('ecoinvent-3.12-cutoff_remind-SSP1-PkBudg650_2050_04_full', '38ab4dfee94d48a3a2aacae6712936ae')",Upstream input,9.54861311419877e-10,1.4623033053694285e-07,,,"('IPCC 2021', 'climate change', 'GWP 100a, incl. H')","climate change — GWP 100a, incl. H (premise_gwp)",kg CO2-Eq
Other end uses,Coal gasification with CCS,Fossil feedstock,"treatment of hard coal ash, residual material landfill",HR,"('ecoinvent-3.12-cutoff_remind-SSP1-PkBudg650_2050_04_full', '9674a8eac898427989f9a803bc3039d1')",Upstream input,1.0789705702676112e-11,1.6523679537843103e-09,,,"('IPCC 2021', 'climate change', 'GWP 100a, incl. H')","climate change — GWP 100a, incl. H (premise_gwp)",kg CO2-Eq
Other end uses,Coal gasification with CCS,Waste treatment,"treatment of waste gypsum, inert material landfill",Europe without Switzerland,"('ecoinvent-3.12-cutoff_remind-SSP1-PkBudg650_2050_04_full', 'fb1f9abf63a149e68b084549a51e0345')",Upstream input,7.039397445421946e-10,1.0780344777968707e-07,,,"('IPCC 2021', 'climate change', 'GWP 100a, incl. H')","climate change — GWP 100a, incl. H (premise_gwp)",kg CO2-Eq
Other end uses,Coal gasification with CCS,Water,"treatment of wastewater, average, wastewater treatment",Europe without Switzerland,"('ecoinvent-3.12-cutoff_remind-SSP1-PkBudg650_2050_04_full', 'db7e3c0fc9d3451395736c9985715bb8')",Upstream input,8.900355757051333e-09,1.3630272257179084e-06,,,"('IPCC 2021', 'climate change', 'GWP 100a, incl. H')","climate change — GWP 100a, incl. H (premise_gwp)",kg CO2-Eq
Other end uses,Coal gasification with CCS,CO2 capture and storage,"carbon dioxide, captured at hydrogen production plant, pre, pipeline 200km, storage 1000m",RER,"('ecoinvent-3.12-cutoff_remind-SSP1-PkBudg650_2050_04_full', 'f35934f4c5ec445c8e063cf6d8b1795b')",Upstream input,6.238490650069396e-08,9.553812044753929e-06,,,"('IPCC 2021', 'climate change', 'GWP 100a, incl. H')","climate change — GWP 100a, incl. H (premise_gwp)",kg CO2-Eq
Other end uses,Coal gasification with CCS,Water,"water production, deionised",Europe without Switzerland,"('ecoinvent-3.12-cutoff_remind-SSP1-PkBudg650_2050_04_full', 'd8ec6354f9a7473da79499703b97a362')",Upstream input,1.3673158513073783e-09,2.0939485817868606e-07,,,"('IPCC 2021', 'climate change', 'GWP 100a, incl. H')","climate change — GWP 100a, incl. H (premise_gwp)",kg CO2-Eq
Other end uses,Coal gasification with CCS,Other raw materials,"market for nitrogen, liquid",RER,"('ecoinvent-3.12-cutoff_remind-SSP1-PkBudg650_2050_04_full', '33f71c3c6dae4e40bc89e0d449024a5a')",Upstream input,6.82816230663266e-11,1.0456852938926215e-08,,,"('IPCC 2021', 'climate change', 'GWP 100a, incl. H')","climate change — GWP 100a, incl. H (premise_gwp)",kg CO2-Eq
Other end uses,Coal gasification with CCS,Other raw materials,"market for ammonia, anhydrous, liquid",RER,"('ecoinvent-3.12-cutoff_remind-SSP1-PkBudg650_2050_04_full', 'f182f94f3ddb4531a1841fcf43b8a2a9')",Upstream input,1.9808596202437832e-11,3.0335479461913167e-09,,,"('IPCC 2021', 'climate change', 'GWP 100a, incl. H')","climate change — GWP 100a, incl. H (premise_gwp)",kg CO2-Eq
Other end uses,Coal gasification with CCS,Electricity,"market group for electricity, medium voltage",EUR,"('ecoinvent-3.12-cutoff_remind-SSP1-PkBudg650_2050_04_full', '1f68882440364dbcaec11614acdb8a39')",Upstream input,8.878232931343906e-08,1.3596392697111897e-05,,,"('IPCC 2021', 'climate change', 'GWP 100a, incl. H')","climate change — GWP 100a, incl. H (premise_gwp)",kg CO2-Eq
Other end uses,Coal gasification with CCS,Other raw materials,"market for aluminium oxide, metallurgical","IAI Area, Western and Central Europe","('ecoinvent-3.12-cutoff_remind-SSP1-PkBudg650_2050_04_full', '25a7ad1d1ee14c438339ef0f94f9d6ca')",Upstream input,5.751182822234855e-10,8.80753419387397e-08,,,"('IPCC 2021', 'climate change', 'GWP 100a, incl. H')","climate change — GWP 100a, incl. H (premise_gwp)",kg CO2-Eq
Other end uses,Coal gasification with CCS,Ammonia leakage,Ammonia,biosphere,"('biosphere-3.12', '0f440cc0-0f74-446d-99d6-8ff0e97a2444')",Ammonia leakage,0.0,0.0,7.580944643323931e-09,kilogram,"('IPCC 2021', 'climate change', 'GWP 100a, incl. H')","climate change — GWP 100a, incl. H (premise_gwp)",kg CO2-Eq
Other end uses,Coal gasification with CCS,Other direct emissions,"Carbon dioxide, fossil",biosphere,"('biosphere-3.12', 'aa7cac3a-3625-41d4-bc54-33e2cf11ec46')",Other direct emissions,2.7143599172416695e-06,0.00041568523422972947,2.7143599172416695e-06,kilogram,"('IPCC 2021', 'climate change', 'GWP 100a, incl. H')","climate change — GWP 100a, incl. H (premise_gwp)",kg CO2-Eq
Other end uses,Coal gasification with CCS,Other direct emissions,Hydrochloric acid,biosphere,"('biosphere-3.12', '68e32537-beae-41c2-be72-74df4d273c11')",Other direct emissions,0.0,0.0,1.1355655790744011e-08,kilogram,"('IPCC 2021', 'climate change', 'GWP 100a, incl. H')","climate change — GWP 100a, incl. H (premise_gwp)",kg CO2-Eq
Other end uses,Coal gasification with CCS,Other direct emissions,"Water, cooling, unspecified natural origin",biosphere,"('biosphere-3.12', 'fc1c42ce-a759-49fa-b987-f1ec5e503db1')",Other direct emissions,0.0,0.0,3.502400032633441e-08,cubic meter,"('IPCC 2021', 'climate change', 'GWP 100a, incl. H')","climate change — GWP 100a, incl. H (premise_gwp)",kg CO2-Eq
Other end uses,Steam methane reforming with CCS,CO2 capture and storage,"carbon dioxide, captured at hydrogen production plant, pre, pipeline 200km, storage 1000m",RER,"('ecoinvent-3.12-cutoff_remind-SSP1-PkBudg650_2050_04_full', 'f35934f4c5ec445c8e063cf6d8b1795b')",Upstream input,0.0001058008596168653,0.016202661567532896,,,"('IPCC 2021', 'climate change', 'GWP 100a, incl. H')","climate change — GWP 100a, incl. H (premise_gwp)",kg CO2-Eq
Other end uses,Steam methane reforming with CCS,Infrastructure,"chemical factory construction, organics",RER,"('ecoinvent-3.12-cutoff_remind-SSP1-PkBudg650_2050_04_full', '8e7d31369cdb4b2688a5e8bf919310c0')",Upstream input,8.966657854271263e-05,0.013731809281203503,,,"('IPCC 2021', 'climate change', 'GWP 100a, incl. H')","climate change — GWP 100a, incl. H (premise_gwp)",kg CO2-Eq
Other end uses,Steam methane reforming with CCS,Other raw materials,"market for chromium trioxide, flakes",GLO,"('ecoinvent-3.12-cutoff_remind-SSP1-PkBudg650_2050_04_full', 'a06e068f68e041e2ac0c80fc5e0557f8')",Upstream input,4.150154327246085e-07,6.355671046616095e-05,,,"('IPCC 2021', 'climate change', 'GWP 100a, incl. H')","climate change — GWP 100a, incl. H (premise_gwp)",kg CO2-Eq
Other end uses,Steam methane reforming with CCS,Other raw materials,market for copper oxide,GLO,"('ecoinvent-3.12-cutoff_remind-SSP1-PkBudg650_2050_04_full', '9b2b7bfc24cd49bfadec1024e3fb0230')",Upstream input,2.2118844104024604e-06,0.00033873462520091137,,,"('IPCC 2021', 'climate change', 'GWP 100a, incl. H')","climate change — GWP 100a, incl. H (premise_gwp)",kg CO2-Eq
Other end uses,Steam methane reforming with CCS,Other raw materials,market for diethanolamine,GLO,"('ecoinvent-3.12-cutoff_remind-SSP1-PkBudg650_2050_04_full', '4a5e3b6e092f4a8d876ebe45937da2dc')",Upstream input,1.6791778670279515e-06,0.0002571543443944634,,,"('IPCC 2021', 'climate change', 'GWP 100a, incl. H')","climate change — GWP 100a, incl. H (premise_gwp)",kg CO2-Eq
Other end uses,Steam methane reforming with CCS,Infrastructure,"market for liquid storage tank, chemicals, organics",GLO,"('ecoinvent-3.12-cutoff_remind-SSP1-PkBudg650_2050_04_full', '65328045d6934aea9218657932fe4f18')",Upstream input,1.0098355686217603e-05,0.0015464925347948041,,,"('IPCC 2021', 'climate change', 'GWP 100a, incl. H')","climate change — GWP 100a, incl. H (premise_gwp)",kg CO2-Eq
Other end uses,Steam methane reforming with CCS,Other raw materials,market for magnesium oxide,GLO,"('ecoinvent-3.12-cutoff_remind-SSP1-PkBudg650_2050_04_full', '3fc57c117f4c4a6abe4afab728b57ef3')",Upstream input,1.622152568695035e-07,2.484213188498528e-05,,,"('IPCC 2021', 'climate change', 'GWP 100a, incl. H')","climate change — GWP 100a, incl. H (premise_gwp)",kg CO2-Eq
Other end uses,Steam methane reforming with CCS,Other raw materials,market for molybdenum trioxide,GLO,"('ecoinvent-3.12-cutoff_remind-SSP1-PkBudg650_2050_04_full', '5de4e1a7764f410b8a69af4bfab86f57')",Upstream input,1.5856748479599675e-07,2.4283501108292554e-05,,,"('IPCC 2021', 'climate change', 'GWP 100a, incl. H')","climate change — GWP 100a, incl. H (premise_gwp)",kg CO2-Eq
Other end uses,Steam methane reforming with CCS,Other raw materials,market for portafer,GLO,"('ecoinvent-3.12-cutoff_remind-SSP1-PkBudg650_2050_04_full', '58b064c0cce34a9bba324f6605d30448')",Upstream input,8.751136125318452e-08,1.3401752829174894e-05,,,"('IPCC 2021', 'climate change', 'GWP 100a, incl. H')","climate change — GWP 100a, incl. H (premise_gwp)",kg CO2-Eq
Other end uses,Steam methane reforming with CCS,Other raw materials,"market for quicklime, milled, packed",RER,"('ecoinvent-3.12-cutoff_remind-SSP1-PkBudg650_2050_04_full', '62e91632f4e8492eaaa9cbe5152aea01')",Upstream input,2.592427315696766e-07,3.9701210922833315e-05,,,"('IPCC 2021', 'climate change', 'GWP 100a, incl. H')","climate change — GWP 100a, incl. H (premise_gwp)",kg CO2-Eq
Other end uses,Steam methane reforming with CCS,Water,"market for water, deionised",Europe without Switzerland,"('ecoinvent-3.12-cutoff_remind-SSP1-PkBudg650_2050_04_full', 'a3b3af9d63ee4c50a4506512784991e4')",Upstream input,2.489761063063154e-06,0.00038128949079353845,,,"('IPCC 2021', 'climate change', 'GWP 100a, incl. H')","climate change — GWP 100a, incl. H (premise_gwp)",kg CO2-Eq
Other end uses,Steam methane reforming with CCS,Other raw materials,"market for zeolite, powder",GLO,"('ecoinvent-3.12-cutoff_remind-SSP1-PkBudg650_2050_04_full', 'aa37275a67b943c1b3c9804c7b3cf087')",Upstream input,2.0420173953555087e-05,0.003127206800755161,,,"('IPCC 2021', 'climate change', 'GWP 100a, incl. H')","climate change — GWP 100a, incl. H (premise_gwp)",kg CO2-Eq
Other end uses,Steam methane reforming with CCS,Other raw materials,market for zinc oxide,GLO,"('ecoinvent-3.12-cutoff_remind-SSP1-PkBudg650_2050_04_full', 'd8f30b36acca41f8abdc5c246e360c64')",Upstream input,2.4155801521103704e-07,3.6992920318064223e-05,,,"('IPCC 2021', 'climate change', 'GWP 100a, incl. H')","climate change — GWP 100a, incl. H (premise_gwp)",kg CO2-Eq
Other end uses,Steam methane reforming with CCS,Fossil feedstock,"market for natural gas, high pressure",EUR,"('ecoinvent-3.12-cutoff_remind-SSP1-PkBudg650_2050_04_full', 'f7d9451c5108493ebaa4f2c4b038d2e9')",Upstream input,5.73791287806976e-05,0.008787212202624966,,,"('IPCC 2021', 'climate change', 'GWP 100a, incl. H')","climate change — GWP 100a, incl. H (premise_gwp)",kg CO2-Eq
Other end uses,Steam methane reforming with CCS,Fossil feedstock,"market for natural gas, high pressure",EUR,"('ecoinvent-3.12-cutoff_remind-SSP1-PkBudg650_2050_04_full', 'f7d9451c5108493ebaa4f2c4b038d2e9')",Upstream input,6.2027504792477815e-06,0.000949907847318509,,,"('IPCC 2021', 'climate change', 'GWP 100a, incl. H')","climate change — GWP 100a, incl. H (premise_gwp)",kg CO2-Eq
Other end uses,Steam methane reforming with CCS,Fossil feedstock,"market for natural gas, high pressure",EUR,"('ecoinvent-3.12-cutoff_remind-SSP1-PkBudg650_2050_04_full', 'f7d9451c5108493ebaa4f2c4b038d2e9')",Upstream input,0.000240158935977091,0.036778661120021025,,,"('IPCC 2021', 'climate change', 'GWP 100a, incl. H')","climate change — GWP 100a, incl. H (premise_gwp)",kg CO2-Eq
Other end uses,Steam methane reforming with CCS,Fossil feedstock,"market for natural gas, high pressure",EUR,"('ecoinvent-3.12-cutoff_remind-SSP1-PkBudg650_2050_04_full', 'f7d9451c5108493ebaa4f2c4b038d2e9')",Upstream input,3.307520973343577e-05,0.0050652370077776095,,,"('IPCC 2021', 'climate change', 'GWP 100a, incl. H')","climate change — GWP 100a, incl. H (premise_gwp)",kg CO2-Eq
Other end uses,Steam methane reforming with CCS,Fossil feedstock,"market for natural gas, high pressure",EUR,"('ecoinvent-3.12-cutoff_remind-SSP1-PkBudg650_2050_04_full', 'f7d9451c5108493ebaa4f2c4b038d2e9')",Upstream input,0.00029658608987747666,0.045420085028842476,,,"('IPCC 2021', 'climate change', 'GWP 100a, incl. H')","climate change — GWP 100a, incl. H (premise_gwp)",kg CO2-Eq
Other end uses,Steam methane reforming with CCS,Fossil feedstock,"market for natural gas, high pressure",EUR,"('ecoinvent-3.12-cutoff_remind-SSP1-PkBudg650_2050_04_full', 'f7d9451c5108493ebaa4f2c4b038d2e9')",Upstream input,8.70921956056363e-06,0.0013337560542339476,,,"('IPCC 2021', 'climate change', 'GWP 100a, incl. H')","climate change — GWP 100a, incl. H (premise_gwp)",kg CO2-Eq
Other end uses,Steam methane reforming with CCS,Fossil feedstock,"market for natural gas, high pressure",EUR,"('ecoinvent-3.12-cutoff_remind-SSP1-PkBudg650_2050_04_full', 'f7d9451c5108493ebaa4f2c4b038d2e9')",Upstream input,0.00012829228112976553,0.019647065443511996,,,"('IPCC 2021', 'climate change', 'GWP 100a, incl. H')","climate change — GWP 100a, incl. H (premise_gwp)",kg CO2-Eq
Other end uses,Steam methane reforming with CCS,Fossil feedstock,"market for natural gas, high pressure",EUR,"('ecoinvent-3.12-cutoff_remind-SSP1-PkBudg650_2050_04_full', 'f7d9451c5108493ebaa4f2c4b038d2e9')",Upstream input,2.730419696035843e-05,0.004181446770130276,,,"('IPCC 2021', 'climate change', 'GWP 100a, incl. H')","climate change — GWP 100a, incl. H (premise_gwp)",kg CO2-Eq
Other end uses,Steam methane reforming with CCS,Fossil feedstock,"market for natural gas, high pressure",EUR,"('ecoinvent-3.12-cutoff_remind-SSP1-PkBudg650_2050_04_full', 'f7d9451c5108493ebaa4f2c4b038d2e9')",Upstream input,2.6585223541834132e-05,0.004071341020341599,,,"('IPCC 2021', 'climate change', 'GWP 100a, incl. H')","climate change — GWP 100a, incl. H (premise_gwp)",kg CO2-Eq
Other end uses,Steam methane reforming with CCS,Fossil feedstock,"market for natural gas, high pressure",EUR,"('ecoinvent-3.12-cutoff_remind-SSP1-PkBudg650_2050_04_full', 'f7d9451c5108493ebaa4f2c4b038d2e9')",Upstream input,3.0603784767687644e-06,0.0004686755562025866,,,"('IPCC 2021', 'climate change', 'GWP 100a, incl. H')","climate change — GWP 100a, incl. H (premise_gwp)",kg CO2-Eq
Other end uses,Steam methane reforming with CCS,Fossil feedstock,"market for natural gas, high pressure",EUR,"('ecoinvent-3.12-cutoff_remind-SSP1-PkBudg650_2050_04_full', 'f7d9451c5108493ebaa4f2c4b038d2e9')",Upstream input,1.8953849056785884e-05,0.002902649399837676,,,"('IPCC 2021', 'climate change', 'GWP 100a, incl. H')","climate change — GWP 100a, incl. H (premise_gwp)",kg CO2-Eq
Other end uses,Steam methane reforming with CCS,Fossil feedstock,"market for natural gas, high pressure",EUR,"('ecoinvent-3.12-cutoff_remind-SSP1-PkBudg650_2050_04_full', 'f7d9451c5108493ebaa4f2c4b038d2e9')",Upstream input,0.00012194619196253353,0.01867520627879065,,,"('IPCC 2021', 'climate change', 'GWP 100a, incl. H')","climate change — GWP 100a, incl. H (premise_gwp)",kg CO2-Eq
Other end uses,Steam methane reforming with CCS,Fossil feedstock,"market for natural gas, high pressure",EUR,"('ecoinvent-3.12-cutoff_remind-SSP1-PkBudg650_2050_04_full', 'f7d9451c5108493ebaa4f2c4b038d2e9')",Upstream input,0.00024712281994355057,0.03784513123673571,,,"('IPCC 2021', 'climate change', 'GWP 100a, incl. H')","climate change — GWP 100a, incl. H (premise_gwp)",kg CO2-Eq
Other end uses,Steam methane reforming with CCS,Fossil feedstock,"market for natural gas, high pressure",EUR,"('ecoinvent-3.12-cutoff_remind-SSP1-PkBudg650_2050_04_full', 'f7d9451c5108493ebaa4f2c4b038d2e9')",Upstream input,0.00011282747740579907,0.017278738930333,,,"('IPCC 2021', 'climate change', 'GWP 100a, incl. H')","climate change — GWP 100a, incl. H (premise_gwp)",kg CO2-Eq
Other end uses,Steam methane reforming with CCS,Fossil feedstock,"market for natural gas, high pressure",EUR,"('ecoinvent-3.12-cutoff_remind-SSP1-PkBudg650_2050_04_full', 'f7d9451c5108493ebaa4f2c4b038d2e9')",Upstream input,1.6631532675122284e-05,0.0025470028907157902,,,"('IPCC 2021', 'climate change', 'GWP 100a, incl. H')","climate change — GWP 100a, incl. H (premise_gwp)",kg CO2-Eq
Other end uses,Steam methane reforming with CCS,Fossil feedstock,"market for natural gas, high pressure",EUR,"('ecoinvent-3.12-cutoff_remind-SSP1-PkBudg650_2050_04_full', 'f7d9451c5108493ebaa4f2c4b038d2e9')",Upstream input,7.830425061472896e-05,0.011991748239137075,,,"('IPCC 2021', 'climate change', 'GWP 100a, incl. H')","climate change — GWP 100a, incl. H (premise_gwp)",kg CO2-Eq
Other end uses,Steam methane reforming with CCS,Fossil feedstock,"market for natural gas, high pressure",EUR,"('ecoinvent-3.12-cutoff_remind-SSP1-PkBudg650_2050_04_full', 'f7d9451c5108493ebaa4f2c4b038d2e9')",Upstream input,5.422484833276123e-05,0.008304156216387477,,,"('IPCC 2021', 'climate change', 'GWP 100a, incl. H')","climate change — GWP 100a, incl. H (premise_gwp)",kg CO2-Eq
Other end uses,Steam methane reforming with CCS,Fossil feedstock,"market for natural gas, high pressure",EUR,"('ecoinvent-3.12-cutoff_remind-SSP1-PkBudg650_2050_04_full', 'f7d9451c5108493ebaa4f2c4b038d2e9')",Upstream input,3.714419642304576e-05,0.005688373856507309,,,"('IPCC 2021', 'climate change', 'GWP 100a, incl. H')","climate change — GWP 100a, incl. H (premise_gwp)",kg CO2-Eq
Other end uses,Steam methane reforming with CCS,Fossil feedstock,"market for natural gas, high pressure",EUR,"('ecoinvent-3.12-cutoff_remind-SSP1-PkBudg650_2050_04_full', 'f7d9451c5108493ebaa4f2c4b038d2e9')",Upstream input,1.826493127659798e-05,0.0027971464608193878,,,"('IPCC 2021', 'climate change', 'GWP 100a, incl. H')","climate change — GWP 100a, incl. H (premise_gwp)",kg CO2-Eq
Other end uses,Steam methane reforming with CCS,Electricity,"market group for electricity, high voltage",EUR,"('ecoinvent-3.12-cutoff_remind-SSP1-PkBudg650_2050_04_full', '61c3646bc8dc47bd8fc76509336203f1')",Upstream input,1.383477880829659e-06,0.00021186995994574434,,,"('IPCC 2021', 'climate change', 'GWP 100a, incl. H')","climate change — GWP 100a, incl. H (premise_gwp)",kg CO2-Eq
Other end uses,Steam methane reforming with CCS,Other raw materials,"market for nickel, class 1",World,"('ecoinvent-3.12-cutoff_remind-SSP1-PkBudg650_2050_04_full', '3efc33e8-c787-433d-a8f2-1a436588105b')",Upstream input,1.350027850491089e-05,0.0020674732178418104,,,"('IPCC 2021', 'climate change', 'GWP 100a, incl. H')","climate change — GWP 100a, incl. H (premise_gwp)",kg CO2-Eq
Other end uses,Steam methane reforming with CCS,Other raw materials,market for silica sand,World,"('ecoinvent-3.12-cutoff_remind-SSP1-PkBudg650_2050_04_full', 'dc5c95fd-5eb1-48a3-bf64-67df861ea0c3')",Upstream input,1.1666900840813476e-09,1.786704253162159e-07,,,"('IPCC 2021', 'climate change', 'GWP 100a, incl. H')","climate change — GWP 100a, incl. H (premise_gwp)",kg CO2-Eq
Other end uses,Steam methane reforming with CCS,Other raw materials,"market for aluminium oxide, metallurgical","IAI Area, Western and Central Europe","('ecoinvent-3.12-cutoff_remind-SSP1-PkBudg650_2050_04_full', '25a7ad1d1ee14c438339ef0f94f9d6ca')",Upstream input,1.3158026629437149e-06,0.0002015059737183564,,,"('IPCC 2021', 'climate change', 'GWP 100a, incl. H')","climate change — GWP 100a, incl. H (premise_gwp)",kg CO2-Eq
Other end uses,Steam methane reforming with CCS,Other direct emissions,Acetaldehyde,biosphere,"('biosphere-3.12', 'e3e8f6a2-c45e-4685-9859-698b2eadaf5b')",Other direct emissions,0.0,0.0,1.2913371686216528e-10,kilogram,"('IPCC 2021', 'climate change', 'GWP 100a, incl. H')","climate change — GWP 100a, incl. H (premise_gwp)",kg CO2-Eq
Other end uses,Steam methane reforming with CCS,Other direct emissions,Acetic acid,biosphere,"('biosphere-3.12', 'd157416d-db9b-4f88-a7f3-a9a5f1ea88f2')",Other direct emissions,0.0,0.0,1.9370056841972463e-08,kilogram,"('IPCC 2021', 'climate change', 'GWP 100a, incl. H')","climate change — GWP 100a, incl. H (premise_gwp)",kg CO2-Eq
Other end uses,Steam methane reforming with CCS,Other direct emissions,Benzene,biosphere,"('biosphere-3.12', '28999907-a8a7-45b3-857e-836495ca2aa0')",Other direct emissions,0.0,0.0,5.1654712457725655e-08,kilogram,"('IPCC 2021', 'climate change', 'GWP 100a, incl. H')","climate change — GWP 100a, incl. H (premise_gwp)",kg CO2-Eq
Other end uses,Steam methane reforming with CCS,Other direct emissions,Benzo(a)pyrene,biosphere,"('biosphere-3.12', '5e13c2ab-5466-4ff5-816d-702dfdf25f76')",Other direct emissions,0.0,0.0,1.2913371072509091e-12,kilogram,"('IPCC 2021', 'climate change', 'GWP 100a, incl. H')","climate change — GWP 100a, incl. H (premise_gwp)",kg CO2-Eq
Other end uses,Steam methane reforming with CCS,Other direct emissions,Butane,biosphere,"('biosphere-3.12', '982b0510-96ac-4bcb-a758-e98006b95f4d')",Other direct emissions,5.423763221248181e-10,8.306113978142746e-08,9.039605368746968e-08,kilogram,"('IPCC 2021', 'climate change', 'GWP 100a, incl. H')","climate change — GWP 100a, incl. H (premise_gwp)",kg CO2-Eq
Other end uses,Steam methane reforming with CCS,Other direct emissions,"Carbon dioxide, fossil",biosphere,"('biosphere-3.12', '349b29d1-3e58-4c66-98b9-9d1a076efd2e')",Other direct emissions,0.0,0.0,0.0,kilogram,"('IPCC 2021', 'climate change', 'GWP 100a, incl. H')","climate change — GWP 100a, incl. H (premise_gwp)",kg CO2-Eq
Other end uses,Steam methane reforming with CCS,Other direct emissions,"Carbon monoxide, fossil",biosphere,"('biosphere-3.12', 'ba2f3f82-c93a-47a5-822a-37ec97495275')",Other direct emissions,1.1016648459752899e-06,0.00016871226495536427,2.7118571434996304e-07,kilogram,"('IPCC 2021', 'climate change', 'GWP 100a, incl. H')","climate change — GWP 100a, incl. H (premise_gwp)",kg CO2-Eq
Other end uses,Steam methane reforming with CCS,Other direct emissions,Dinitrogen monoxide,biosphere,"('biosphere-3.12', '20185046-64bb-4c09-a8e7-e8a9e144ca98')",Other direct emissions,3.525350345238988e-06,0.0005398827453551928,1.2913371227981641e-08,kilogram,"('IPCC 2021', 'climate change', 'GWP 100a, incl. H')","climate change — GWP 100a, incl. H (premise_gwp)",kg CO2-Eq
Other end uses,Steam methane reforming with CCS,Other direct emissions,Formaldehyde,biosphere,"('biosphere-3.12', 'a861cfae-a310-4e9d-b9eb-5d555c9a684c')",Other direct emissions,0.0,0.0,1.2913371227981641e-08,kilogram,"('IPCC 2021', 'climate change', 'GWP 100a, incl. H')","climate change — GWP 100a, incl. H (premise_gwp)",kg CO2-Eq
Other end uses,Steam methane reforming with CCS,Other direct emissions,Mercury II,biosphere,"('biosphere-3.12', '71234253-b3a7-4dfe-b166-a484ad15bee7')",Other direct emissions,0.0,0.0,3.874134063240211e-12,kilogram,"('IPCC 2021', 'climate change', 'GWP 100a, incl. H')","climate change — GWP 100a, incl. H (premise_gwp)",kg CO2-Eq
Other end uses,Steam methane reforming with CCS,Other direct emissions,"Methane, fossil",biosphere,"('biosphere-3.12', '0795345f-c7ae-410c-ad25-1845784c75f5')",Other direct emissions,7.696734810826451e-06,0.0011787010971978074,2.582796916384715e-07,kilogram,"('IPCC 2021', 'climate change', 'GWP 100a, incl. H')","climate change — GWP 100a, incl. H (premise_gwp)",kg CO2-Eq
Other end uses,Steam methane reforming with CCS,Other direct emissions,Nitrogen oxides,biosphere,"('biosphere-3.12', 'c1b91234-6f24-417b-8309-46111d09c457')",Other direct emissions,0.0,0.0,2.311549883398863e-06,kilogram,"('IPCC 2021', 'climate change', 'GWP 100a, incl. H')","climate change — GWP 100a, incl. H (premise_gwp)",kg CO2-Eq
Other end uses,Steam methane reforming with CCS,Other direct emissions,"PAH, polycyclic aromatic hydrocarbons",biosphere,"('biosphere-3.12', '3e5d7d91-67d7-4afb-91dd-36fab58e4685')",Other direct emissions,0.0,0.0,1.2913372013527161e-09,kilogram,"('IPCC 2021', 'climate change', 'GWP 100a, incl. H')","climate change — GWP 100a, incl. H (premise_gwp)",kg CO2-Eq
Other end uses,Steam methane reforming with CCS,Other direct emissions,"Particulate Matter, < 2.5 um",biosphere,"('biosphere-3.12', '21e46cb8-6233-4c99-bac3-c41d2ab99498')",Other direct emissions,0.0,0.0,2.5827970001762376e-08,kilogram,"('IPCC 2021', 'climate change', 'GWP 100a, incl. H')","climate change — GWP 100a, incl. H (premise_gwp)",kg CO2-Eq
Other end uses,Steam methane reforming with CCS,Other direct emissions,Pentane,biosphere,"('biosphere-3.12', '516606eb-99f6-4e8c-b99a-6b439aaed48c')",Other direct emissions,0.0,0.0,1.5497027510217243e-07,kilogram,"('IPCC 2021', 'climate change', 'GWP 100a, incl. H')","climate change — GWP 100a, incl. H (premise_gwp)",kg CO2-Eq
Other end uses,Steam methane reforming with CCS,Other direct emissions,Propane,biosphere,"('biosphere-3.12', '3a6c936c-0276-4f11-9d98-1bd011387a6e')",Other direct emissions,5.165594000352475e-10,7.910745875418942e-08,2.5827970001762376e-08,kilogram,"('IPCC 2021', 'climate change', 'GWP 100a, incl. H')","climate change — GWP 100a, incl. H (premise_gwp)",kg CO2-Eq
Other end uses,Steam methane reforming with CCS,Other direct emissions,Propionic acid,biosphere,"('biosphere-3.12', 'a1ecc854-a399-4b01-bae2-3a88b12ed44f')",Other direct emissions,0.0,0.0,2.5827969478065363e-09,kilogram,"('IPCC 2021', 'climate change', 'GWP 100a, incl. H')","climate change — GWP 100a, incl. H (premise_gwp)",kg CO2-Eq
Other end uses,Steam methane reforming with CCS,Other direct emissions,Sulfur dioxide,biosphere,"('biosphere-3.12', 'fd7aa71c-508c-480d-81a6-8052aad92646')",Other direct emissions,0.0,0.0,4.484664290613899e-08,kilogram,"('IPCC 2021', 'climate change', 'GWP 100a, incl. H')","climate change — GWP 100a, incl. H (premise_gwp)",kg CO2-Eq
Other end uses,Steam methane reforming with CCS,Other direct emissions,Toluene,biosphere,"('biosphere-3.12', '3b1ecf8e-1d2c-4330-81da-a79f9068976d')",Other direct emissions,0.0,0.0,2.5827970001762376e-08,kilogram,"('IPCC 2021', 'climate change', 'GWP 100a, incl. H')","climate change — GWP 100a, incl. H (premise_gwp)",kg CO2-Eq
Other end uses,Steam methane reforming with CCS,Other direct emissions,"Water, cooling, unspecified natural origin",biosphere,"('biosphere-3.12', 'fc1c42ce-a759-49fa-b987-f1ec5e503db1')",Other direct emissions,0.0,0.0,0.0017522171643066435,cubic meter,"('IPCC 2021', 'climate change', 'GWP 100a, incl. H')","climate change — GWP 100a, incl. H (premise_gwp)",kg CO2-Eq
Other end uses,Steam methane reforming with CCS,Other direct emissions,Water,biosphere,"('biosphere-3.12', '2404b41a-2eed-4e9d-8ab6-783946fdf5d6')",Other direct emissions,0.0,0.0,0.0017016485919131908,cubic meter,"('IPCC 2021', 'climate change', 'GWP 100a, incl. H')","climate change — GWP 100a, incl. H (premise_gwp)",kg CO2-Eq
Other end uses,Steam methane reforming with CCS,Other direct emissions,Water,biosphere,"('biosphere-3.12', '075e433b-4be4-448e-9510-9a5029c1ce94')",Other direct emissions,0.0,0.0,5.056858955395645e-05,cubic meter,"('IPCC 2021', 'climate change', 'GWP 100a, incl. H')","climate change — GWP 100a, incl. H (premise_gwp)",kg CO2-Eq
Other end uses,Steam methane reforming with CCS,Other direct emissions,"Carbon dioxide, non-fossil",biosphere,"('biosphere-3.12', 'eba59fd6-f37e-41dc-9ca3-c7ea22d602c7')",Other direct emissions,0.0,0.0,0.04424371702184054,kilogram,"('IPCC 2021', 'climate change', 'GWP 100a, incl. H')","climate change — GWP 100a, incl. H (premise_gwp)",kg CO2-Eq
