database,iam model,model label,scenario,scenario label,scenario key,warming bin,year,market,method,market name,location,impact category,indicator,unit,score per kg H2,impact label,market availability
ecoinvent-3.12-cutoff_remind-SSP1-PkBudg650_2030_06-2_full,remind,REMIND,SSP1-PkBudg650,REMIND — SSP1-PkBudg650,remind | SSP1-PkBudg650,<2.0 °C,2030,Generic,"('EF v3.1', 'acidification', 'accumulated exceedance (AE)')","market for hydrogen, gaseous, low pressure",RER,acidification,accumulated exceedance (AE),mol H+-Eq,0.025219842875177194,Acidification,available
ecoinvent-3.12-cutoff_remind-SSP1-PkBudg650_2030_06-2_full,remind,REMIND,SSP1-PkBudg650,REMIND — SSP1-PkBudg650,remind | SSP1-PkBudg650,<2.0 °C,2030,Generic,"('EF v3.1', 'climate change', 'global warming potential (GWP100)')","market for hydrogen, gaseous, low pressure",RER,climate change,global warming potential (GWP100),kg CO2-Eq,4.262561250225327,Climate change — EF 3.1,available
ecoinvent-3.12-cutoff_remind-SSP1-PkBudg650_2030_06-2_full,remind,REMIND,SSP1-PkBudg650,REMIND — SSP1-PkBudg650,remind | SSP1-PkBudg650,<2.0 °C,2030,Generic,"('EF v3.1', 'ecotoxicity: freshwater', 'comparative toxic unit for ecosystems (CTUe)')","market for hydrogen, gaseous, low pressure",RER,ecotoxicity: freshwater,comparative toxic unit for ecosystems (CTUe),CTUe,27.59929216901875,Ecotoxicity — freshwater,available
ecoinvent-3.12-cutoff_remind-SSP1-PkBudg650_2030_06-2_full,remind,REMIND,SSP1-PkBudg650,REMIND — SSP1-PkBudg650,remind | SSP1-PkBudg650,<2.0 °C,2030,Generic,"('EF v3.1', 'energy resources: non-renewable', 'abiotic depletion potential (ADP): fossil fuels')","market for hydrogen, gaseous, low pressure",RER,energy resources: non-renewable,abiotic depletion potential (ADP): fossil fuels,"MJ, net calorific value",149.1596877824034,Resource use — energy carriers,available
ecoinvent-3.12-cutoff_remind-SSP1-PkBudg650_2030_06-2_full,remind,REMIND,SSP1-PkBudg650,REMIND — SSP1-PkBudg650,remind | SSP1-PkBudg650,<2.0 °C,2030,Generic,"('EF v3.1', 'eutrophication: freshwater', 'fraction of nutrients reaching freshwater end compartment (P)')","market for hydrogen, gaseous, low pressure",RER,eutrophication: freshwater,fraction of nutrients reaching freshwater end compartment (P),kg P-Eq,0.0011210499087250844,Eutrophication — freshwater,available
ecoinvent-3.12-cutoff_remind-SSP1-PkBudg650_2030_06-2_full,remind,REMIND,SSP1-PkBudg650,REMIND — SSP1-PkBudg650,remind | SSP1-PkBudg650,<2.0 °C,2030,Generic,"('EF v3.1', 'eutrophication: marine', 'fraction of nutrients reaching marine end compartment (N)')","market for hydrogen, gaseous, low pressure",RER,eutrophication: marine,fraction of nutrients reaching marine end compartment (N),kg N-Eq,0.0037148602192233903,Eutrophication — marine,available
ecoinvent-3.12-cutoff_remind-SSP1-PkBudg650_2030_06-2_full,remind,REMIND,SSP1-PkBudg650,REMIND — SSP1-PkBudg650,remind | SSP1-PkBudg650,<2.0 °C,2030,Generic,"('EF v3.1', 'eutrophication: terrestrial', 'accumulated exceedance (AE)')","market for hydrogen, gaseous, low pressure",RER,eutrophication: terrestrial,accumulated exceedance (AE),mol N-Eq,0.044728465270769076,Eutrophication — terrestrial,available
ecoinvent-3.12-cutoff_remind-SSP1-PkBudg650_2030_06-2_full,remind,REMIND,SSP1-PkBudg650,REMIND — SSP1-PkBudg650,remind | SSP1-PkBudg650,<2.0 °C,2030,Generic,"('EF v3.1', 'human toxicity: carcinogenic', 'comparative toxic unit for human (CTUh)')","market for hydrogen, gaseous, low pressure",RER,human toxicity: carcinogenic,comparative toxic unit for human (CTUh),CTUh,2.387305222761416e-09,Human toxicity — cancer,available
ecoinvent-3.12-cutoff_remind-SSP1-PkBudg650_2030_06-2_full,remind,REMIND,SSP1-PkBudg650,REMIND — SSP1-PkBudg650,remind | SSP1-PkBudg650,<2.0 °C,2030,Generic,"('EF v3.1', 'human toxicity: non-carcinogenic', 'comparative toxic unit for human (CTUh)')","market for hydrogen, gaseous, low pressure",RER,human toxicity: non-carcinogenic,comparative toxic unit for human (CTUh),CTUh,1.430563575938645e-07,Human toxicity — non-cancer,available
ecoinvent-3.12-cutoff_remind-SSP1-PkBudg650_2030_06-2_full,remind,REMIND,SSP1-PkBudg650,REMIND — SSP1-PkBudg650,remind | SSP1-PkBudg650,<2.0 °C,2030,Generic,"('EF v3.1', 'ionising radiation: human health', 'human exposure efficiency relative to u235')","market for hydrogen, gaseous, low pressure",RER,ionising radiation: human health,human exposure efficiency relative to u235,kBq U235-Eq,4.1681129988155305,Ionising radiation — human health,available
ecoinvent-3.12-cutoff_remind-SSP1-PkBudg650_2030_06-2_full,remind,REMIND,SSP1-PkBudg650,REMIND — SSP1-PkBudg650,remind | SSP1-PkBudg650,<2.0 °C,2030,Generic,"('EF v3.1', 'land use', 'soil quality index')","market for hydrogen, gaseous, low pressure",RER,land use,soil quality index,dimensionless,40.41893751004376,Land use,available
ecoinvent-3.12-cutoff_remind-SSP1-PkBudg650_2030_06-2_full,remind,REMIND,SSP1-PkBudg650,REMIND — SSP1-PkBudg650,remind | SSP1-PkBudg650,<2.0 °C,2030,Generic,"('EF v3.1', 'material resources: metals/minerals', 'abiotic depletion potential (ADP): elements (ultimate reserves)')","market for hydrogen, gaseous, low pressure",RER,material resources: metals/minerals,abiotic depletion potential (ADP): elements (ultimate reserves),kg Sb-Eq,0.00010237167213217693,Resource use — minerals and metals,available
ecoinvent-3.12-cutoff_remind-SSP1-PkBudg650_2030_06-2_full,remind,REMIND,SSP1-PkBudg650,REMIND — SSP1-PkBudg650,remind | SSP1-PkBudg650,<2.0 °C,2030,Generic,"('EF v3.1', 'ozone depletion', 'ozone depletion potential (ODP)')","market for hydrogen, gaseous, low pressure",RER,ozone depletion,ozone depletion potential (ODP),kg CFC-11-Eq,3.2028556506732834e-07,Ozone depletion,available
ecoinvent-3.12-cutoff_remind-SSP1-PkBudg650_2030_06-2_full,remind,REMIND,SSP1-PkBudg650,REMIND — SSP1-PkBudg650,remind | SSP1-PkBudg650,<2.0 °C,2030,Generic,"('EF v3.1', 'particulate matter formation', 'impact on human health')","market for hydrogen, gaseous, low pressure",RER,particulate matter formation,impact on human health,disease incidence,1.588384529142825e-07,Particulate matter,available
ecoinvent-3.12-cutoff_remind-SSP1-PkBudg650_2030_06-2_full,remind,REMIND,SSP1-PkBudg650,REMIND — SSP1-PkBudg650,remind | SSP1-PkBudg650,<2.0 °C,2030,Generic,"('EF v3.1', 'photochemical oxidant formation: human health', 'tropospheric ozone concentration increase')","market for hydrogen, gaseous, low pressure",RER,photochemical oxidant formation: human health,tropospheric ozone concentration increase,kg NMVOC-Eq,0.01319557344842957,Photochemical ozone formation,available
ecoinvent-3.12-cutoff_remind-SSP1-PkBudg650_2030_06-2_full,remind,REMIND,SSP1-PkBudg650,REMIND — SSP1-PkBudg650,remind | SSP1-PkBudg650,<2.0 °C,2030,Generic,"('EF v3.1', 'water use', 'user deprivation potential (deprivation-weighted water consumption)')","market for hydrogen, gaseous, low pressure",RER,water use,user deprivation potential (deprivation-weighted water consumption),m3 world Eq deprived,3.0985892353620628,Water use,available
ecoinvent-3.12-cutoff_remind-SSP1-PkBudg650_2030_06-2_full,remind,REMIND,SSP1-PkBudg650,REMIND — SSP1-PkBudg650,remind | SSP1-PkBudg650,<2.0 °C,2030,Generic,"('IPCC 2021', 'climate change', 'GWP 100a, incl. H')","market for hydrogen, gaseous, low pressure",RER,"climate change — GWP 100a, incl. H (premise_gwp)","GWP 100a, incl. H",kg CO2-Eq,4.362875007873361,Climate change — premise GWP incl. H₂,available
ecoinvent-3.12-cutoff_remind-SSP1-PkBudg650_2030_06-2_full,remind,REMIND,SSP1-PkBudg650,REMIND — SSP1-PkBudg650,remind | SSP1-PkBudg650,<2.0 °C,2030,Transport,"('EF v3.1', 'acidification', 'accumulated exceedance (AE)')","market for hydrogen, gaseous, low pressure, for transport",EUR,acidification,accumulated exceedance (AE),mol H+-Eq,0.02673023130704699,Acidification,available
ecoinvent-3.12-cutoff_remind-SSP1-PkBudg650_2030_06-2_full,remind,REMIND,SSP1-PkBudg650,REMIND — SSP1-PkBudg650,remind | SSP1-PkBudg650,<2.0 °C,2030,Transport,"('EF v3.1', 'climate change', 'global warming potential (GWP100)')","market for hydrogen, gaseous, low pressure, for transport",EUR,climate change,global warming potential (GWP100),kg CO2-Eq,4.421153497383366,Climate change — EF 3.1,available
ecoinvent-3.12-cutoff_remind-SSP1-PkBudg650_2030_06-2_full,remind,REMIND,SSP1-PkBudg650,REMIND — SSP1-PkBudg650,remind | SSP1-PkBudg650,<2.0 °C,2030,Transport,"('EF v3.1', 'ecotoxicity: freshwater', 'comparative toxic unit for ecosystems (CTUe)')","market for hydrogen, gaseous, low pressure, for transport",EUR,ecotoxicity: freshwater,comparative toxic unit for ecosystems (CTUe),CTUe,29.4558423149442,Ecotoxicity — freshwater,available
ecoinvent-3.12-cutoff_remind-SSP1-PkBudg650_2030_06-2_full,remind,REMIND,SSP1-PkBudg650,REMIND — SSP1-PkBudg650,remind | SSP1-PkBudg650,<2.0 °C,2030,Transport,"('EF v3.1', 'energy resources: non-renewable', 'abiotic depletion potential (ADP): fossil fuels')","market for hydrogen, gaseous, low pressure, for transport",EUR,energy resources: non-renewable,abiotic depletion potential (ADP): fossil fuels,"MJ, net calorific value",156.77952202329357,Resource use — energy carriers,available
ecoinvent-3.12-cutoff_remind-SSP1-PkBudg650_2030_06-2_full,remind,REMIND,SSP1-PkBudg650,REMIND — SSP1-PkBudg650,remind | SSP1-PkBudg650,<2.0 °C,2030,Transport,"('EF v3.1', 'eutrophication: freshwater', 'fraction of nutrients reaching freshwater end compartment (P)')","market for hydrogen, gaseous, low pressure, for transport",EUR,eutrophication: freshwater,fraction of nutrients reaching freshwater end compartment (P),kg P-Eq,0.0011992412977270264,Eutrophication — freshwater,available
ecoinvent-3.12-cutoff_remind-SSP1-PkBudg650_2030_06-2_full,remind,REMIND,SSP1-PkBudg650,REMIND — SSP1-PkBudg650,remind | SSP1-PkBudg650,<2.0 °C,2030,Transport,"('EF v3.1', 'eutrophication: marine', 'fraction of nutrients reaching marine end compartment (N)')","market for hydrogen, gaseous, low pressure, for transport",EUR,eutrophication: marine,fraction of nutrients reaching marine end compartment (N),kg N-Eq,0.003964386687364349,Eutrophication — marine,available
ecoinvent-3.12-cutoff_remind-SSP1-PkBudg650_2030_06-2_full,remind,REMIND,SSP1-PkBudg650,REMIND — SSP1-PkBudg650,remind | SSP1-PkBudg650,<2.0 °C,2030,Transport,"('EF v3.1', 'eutrophication: terrestrial', 'accumulated exceedance (AE)')","market for hydrogen, gaseous, low pressure, for transport",EUR,eutrophication: terrestrial,accumulated exceedance (AE),mol N-Eq,0.04751843347968643,Eutrophication — terrestrial,available
ecoinvent-3.12-cutoff_remind-SSP1-PkBudg650_2030_06-2_full,remind,REMIND,SSP1-PkBudg650,REMIND — SSP1-PkBudg650,remind | SSP1-PkBudg650,<2.0 °C,2030,Transport,"('EF v3.1', 'human toxicity: carcinogenic', 'comparative toxic unit for human (CTUh)')","market for hydrogen, gaseous, low pressure, for transport",EUR,human toxicity: carcinogenic,comparative toxic unit for human (CTUh),CTUh,2.565565146513065e-09,Human toxicity — cancer,available
ecoinvent-3.12-cutoff_remind-SSP1-PkBudg650_2030_06-2_full,remind,REMIND,SSP1-PkBudg650,REMIND — SSP1-PkBudg650,remind | SSP1-PkBudg650,<2.0 °C,2030,Transport,"('EF v3.1', 'human toxicity: non-carcinogenic', 'comparative toxic unit for human (CTUh)')","market for hydrogen, gaseous, low pressure, for transport",EUR,human toxicity: non-carcinogenic,comparative toxic unit for human (CTUh),CTUh,1.5425153440962696e-07,Human toxicity — non-cancer,available
ecoinvent-3.12-cutoff_remind-SSP1-PkBudg650_2030_06-2_full,remind,REMIND,SSP1-PkBudg650,REMIND — SSP1-PkBudg650,remind | SSP1-PkBudg650,<2.0 °C,2030,Transport,"('EF v3.1', 'ionising radiation: human health', 'human exposure efficiency relative to u235')","market for hydrogen, gaseous, low pressure, for transport",EUR,ionising radiation: human health,human exposure efficiency relative to u235,kBq U235-Eq,4.474453719566261,Ionising radiation — human health,available
ecoinvent-3.12-cutoff_remind-SSP1-PkBudg650_2030_06-2_full,remind,REMIND,SSP1-PkBudg650,REMIND — SSP1-PkBudg650,remind | SSP1-PkBudg650,<2.0 °C,2030,Transport,"('EF v3.1', 'land use', 'soil quality index')","market for hydrogen, gaseous, low pressure, for transport",EUR,land use,soil quality index,dimensionless,43.37925065635511,Land use,available
ecoinvent-3.12-cutoff_remind-SSP1-PkBudg650_2030_06-2_full,remind,REMIND,SSP1-PkBudg650,REMIND — SSP1-PkBudg650,remind | SSP1-PkBudg650,<2.0 °C,2030,Transport,"('EF v3.1', 'material resources: metals/minerals', 'abiotic depletion potential (ADP): elements (ultimate reserves)')","market for hydrogen, gaseous, low pressure, for transport",EUR,material resources: metals/minerals,abiotic depletion potential (ADP): elements (ultimate reserves),kg Sb-Eq,0.00011005716174545485,Resource use — minerals and metals,available
ecoinvent-3.12-cutoff_remind-SSP1-PkBudg650_2030_06-2_full,remind,REMIND,SSP1-PkBudg650,REMIND — SSP1-PkBudg650,remind | SSP1-PkBudg650,<2.0 °C,2030,Transport,"('EF v3.1', 'ozone depletion', 'ozone depletion potential (ODP)')","market for hydrogen, gaseous, low pressure, for transport",EUR,ozone depletion,ozone depletion potential (ODP),kg CFC-11-Eq,3.2974942733851067e-07,Ozone depletion,available
ecoinvent-3.12-cutoff_remind-SSP1-PkBudg650_2030_06-2_full,remind,REMIND,SSP1-PkBudg650,REMIND — SSP1-PkBudg650,remind | SSP1-PkBudg650,<2.0 °C,2030,Transport,"('EF v3.1', 'particulate matter formation', 'impact on human health')","market for hydrogen, gaseous, low pressure, for transport",EUR,particulate matter formation,impact on human health,disease incidence,1.694036064318547e-07,Particulate matter,available
ecoinvent-3.12-cutoff_remind-SSP1-PkBudg650_2030_06-2_full,remind,REMIND,SSP1-PkBudg650,REMIND — SSP1-PkBudg650,remind | SSP1-PkBudg650,<2.0 °C,2030,Transport,"('EF v3.1', 'photochemical oxidant formation: human health', 'tropospheric ozone concentration increase')","market for hydrogen, gaseous, low pressure, for transport",EUR,photochemical oxidant formation: human health,tropospheric ozone concentration increase,kg NMVOC-Eq,0.013906818983282563,Photochemical ozone formation,available
ecoinvent-3.12-cutoff_remind-SSP1-PkBudg650_2030_06-2_full,remind,REMIND,SSP1-PkBudg650,REMIND — SSP1-PkBudg650,remind | SSP1-PkBudg650,<2.0 °C,2030,Transport,"('EF v3.1', 'water use', 'user deprivation potential (deprivation-weighted water consumption)')","market for hydrogen, gaseous, low pressure, for transport",EUR,water use,user deprivation potential (deprivation-weighted water consumption),m3 world Eq deprived,3.300736303348412,Water use,available
ecoinvent-3.12-cutoff_remind-SSP1-PkBudg650_2030_06-2_full,remind,REMIND,SSP1-PkBudg650,REMIND — SSP1-PkBudg650,remind | SSP1-PkBudg650,<2.0 °C,2030,Transport,"('IPCC 2021', 'climate change', 'GWP 100a, incl. H')","market for hydrogen, gaseous, low pressure, for transport",EUR,"climate change — GWP 100a, incl. H (premise_gwp)","GWP 100a, incl. H",kg CO2-Eq,4.556702459806748,Climate change — premise GWP incl. H₂,available
ecoinvent-3.12-cutoff_remind-SSP1-PkBudg650_2030_06-2_full,remind,REMIND,SSP1-PkBudg650,REMIND — SSP1-PkBudg650,remind | SSP1-PkBudg650,<2.0 °C,2030,Chemicals,"('EF v3.1', 'acidification', 'accumulated exceedance (AE)')","market for hydrogen, gaseous, low pressure, for chemicals",EUR,acidification,accumulated exceedance (AE),mol H+-Eq,0.02497461697696837,Acidification,available
ecoinvent-3.12-cutoff_remind-SSP1-PkBudg650_2030_06-2_full,remind,REMIND,SSP1-PkBudg650,REMIND — SSP1-PkBudg650,remind | SSP1-PkBudg650,<2.0 °C,2030,Chemicals,"('EF v3.1', 'climate change', 'global warming potential (GWP100)')","market for hydrogen, gaseous, low pressure, for chemicals",EUR,climate change,global warming potential (GWP100),kg CO2-Eq,4.233999197072151,Climate change — EF 3.1,available
ecoinvent-3.12-cutoff_remind-SSP1-PkBudg650_2030_06-2_full,remind,REMIND,SSP1-PkBudg650,REMIND — SSP1-PkBudg650,remind | SSP1-PkBudg650,<2.0 °C,2030,Chemicals,"('EF v3.1', 'ecotoxicity: freshwater', 'comparative toxic unit for ecosystems (CTUe)')","market for hydrogen, gaseous, low pressure, for chemicals",EUR,ecotoxicity: freshwater,comparative toxic unit for ecosystems (CTUe),CTUe,27.301937807805878,Ecotoxicity — freshwater,available
ecoinvent-3.12-cutoff_remind-SSP1-PkBudg650_2030_06-2_full,remind,REMIND,SSP1-PkBudg650,REMIND — SSP1-PkBudg650,remind | SSP1-PkBudg650,<2.0 °C,2030,Chemicals,"('EF v3.1', 'energy resources: non-renewable', 'abiotic depletion potential (ADP): fossil fuels')","market for hydrogen, gaseous, low pressure, for chemicals",EUR,energy resources: non-renewable,abiotic depletion potential (ADP): fossil fuels,"MJ, net calorific value",147.76477960122372,Resource use — energy carriers,available
ecoinvent-3.12-cutoff_remind-SSP1-PkBudg650_2030_06-2_full,remind,REMIND,SSP1-PkBudg650,REMIND — SSP1-PkBudg650,remind | SSP1-PkBudg650,<2.0 °C,2030,Chemicals,"('EF v3.1', 'eutrophication: freshwater', 'fraction of nutrients reaching freshwater end compartment (P)')","market for hydrogen, gaseous, low pressure, for chemicals",EUR,eutrophication: freshwater,fraction of nutrients reaching freshwater end compartment (P),kg P-Eq,0.0011074143626049228,Eutrophication — freshwater,available
ecoinvent-3.12-cutoff_remind-SSP1-PkBudg650_2030_06-2_full,remind,REMIND,SSP1-PkBudg650,REMIND — SSP1-PkBudg650,remind | SSP1-PkBudg650,<2.0 °C,2030,Chemicals,"('EF v3.1', 'eutrophication: marine', 'fraction of nutrients reaching marine end compartment (N)')","market for hydrogen, gaseous, low pressure, for chemicals",EUR,eutrophication: marine,fraction of nutrients reaching marine end compartment (N),kg N-Eq,0.0036783272011019896,Eutrophication — marine,available
ecoinvent-3.12-cutoff_remind-SSP1-PkBudg650_2030_06-2_full,remind,REMIND,SSP1-PkBudg650,REMIND — SSP1-PkBudg650,remind | SSP1-PkBudg650,<2.0 °C,2030,Chemicals,"('EF v3.1', 'eutrophication: terrestrial', 'accumulated exceedance (AE)')","market for hydrogen, gaseous, low pressure, for chemicals",EUR,eutrophication: terrestrial,accumulated exceedance (AE),mol N-Eq,0.04432030143559506,Eutrophication — terrestrial,available
ecoinvent-3.12-cutoff_remind-SSP1-PkBudg650_2030_06-2_full,remind,REMIND,SSP1-PkBudg650,REMIND — SSP1-PkBudg650,remind | SSP1-PkBudg650,<2.0 °C,2030,Chemicals,"('EF v3.1', 'human toxicity: carcinogenic', 'comparative toxic unit for human (CTUh)')","market for hydrogen, gaseous, low pressure, for chemicals",EUR,human toxicity: carcinogenic,comparative toxic unit for human (CTUh),CTUh,2.3548442214770827e-09,Human toxicity — cancer,available
ecoinvent-3.12-cutoff_remind-SSP1-PkBudg650_2030_06-2_full,remind,REMIND,SSP1-PkBudg650,REMIND — SSP1-PkBudg650,remind | SSP1-PkBudg650,<2.0 °C,2030,Chemicals,"('EF v3.1', 'human toxicity: non-carcinogenic', 'comparative toxic unit for human (CTUh)')","market for hydrogen, gaseous, low pressure, for chemicals",EUR,human toxicity: non-carcinogenic,comparative toxic unit for human (CTUh),CTUh,1.4117482503815168e-07,Human toxicity — non-cancer,available
ecoinvent-3.12-cutoff_remind-SSP1-PkBudg650_2030_06-2_full,remind,REMIND,SSP1-PkBudg650,REMIND — SSP1-PkBudg650,remind | SSP1-PkBudg650,<2.0 °C,2030,Chemicals,"('EF v3.1', 'ionising radiation: human health', 'human exposure efficiency relative to u235')","market for hydrogen, gaseous, low pressure, for chemicals",EUR,ionising radiation: human health,human exposure efficiency relative to u235,kBq U235-Eq,4.11190141764172,Ionising radiation — human health,available
ecoinvent-3.12-cutoff_remind-SSP1-PkBudg650_2030_06-2_full,remind,REMIND,SSP1-PkBudg650,REMIND — SSP1-PkBudg650,remind | SSP1-PkBudg650,<2.0 °C,2030,Chemicals,"('EF v3.1', 'land use', 'soil quality index')","market for hydrogen, gaseous, low pressure, for chemicals",EUR,land use,soil quality index,dimensionless,39.89752103028704,Land use,available
ecoinvent-3.12-cutoff_remind-SSP1-PkBudg650_2030_06-2_full,remind,REMIND,SSP1-PkBudg650,REMIND — SSP1-PkBudg650,remind | SSP1-PkBudg650,<2.0 °C,2030,Chemicals,"('EF v3.1', 'material resources: metals/minerals', 'abiotic depletion potential (ADP): elements (ultimate reserves)')","market for hydrogen, gaseous, low pressure, for chemicals",EUR,material resources: metals/minerals,abiotic depletion potential (ADP): elements (ultimate reserves),kg Sb-Eq,0.00010100629680492854,Resource use — minerals and metals,available
ecoinvent-3.12-cutoff_remind-SSP1-PkBudg650_2030_06-2_full,remind,REMIND,SSP1-PkBudg650,REMIND — SSP1-PkBudg650,remind | SSP1-PkBudg650,<2.0 °C,2030,Chemicals,"('EF v3.1', 'ozone depletion', 'ozone depletion potential (ODP)')","market for hydrogen, gaseous, low pressure, for chemicals",EUR,ozone depletion,ozone depletion potential (ODP),kg CFC-11-Eq,3.184891838712662e-07,Ozone depletion,available
ecoinvent-3.12-cutoff_remind-SSP1-PkBudg650_2030_06-2_full,remind,REMIND,SSP1-PkBudg650,REMIND — SSP1-PkBudg650,remind | SSP1-PkBudg650,<2.0 °C,2030,Chemicals,"('EF v3.1', 'particulate matter formation', 'impact on human health')","market for hydrogen, gaseous, low pressure, for chemicals",EUR,particulate matter formation,impact on human health,disease incidence,1.5695992873805043e-07,Particulate matter,available
ecoinvent-3.12-cutoff_remind-SSP1-PkBudg650_2030_06-2_full,remind,REMIND,SSP1-PkBudg650,REMIND — SSP1-PkBudg650,remind | SSP1-PkBudg650,<2.0 °C,2030,Chemicals,"('EF v3.1', 'photochemical oxidant formation: human health', 'tropospheric ozone concentration increase')","market for hydrogen, gaseous, low pressure, for chemicals",EUR,photochemical oxidant formation: human health,tropospheric ozone concentration increase,kg NMVOC-Eq,0.01308077836967612,Photochemical ozone formation,available
ecoinvent-3.12-cutoff_remind-SSP1-PkBudg650_2030_06-2_full,remind,REMIND,SSP1-PkBudg650,REMIND — SSP1-PkBudg650,remind | SSP1-PkBudg650,<2.0 °C,2030,Chemicals,"('EF v3.1', 'water use', 'user deprivation potential (deprivation-weighted water consumption)')","market for hydrogen, gaseous, low pressure, for chemicals",EUR,water use,user deprivation potential (deprivation-weighted water consumption),m3 world Eq deprived,3.0606562723618707,Water use,available
ecoinvent-3.12-cutoff_remind-SSP1-PkBudg650_2030_06-2_full,remind,REMIND,SSP1-PkBudg650,REMIND — SSP1-PkBudg650,remind | SSP1-PkBudg650,<2.0 °C,2030,Chemicals,"('IPCC 2021', 'climate change', 'GWP 100a, incl. H')","market for hydrogen, gaseous, low pressure, for chemicals",EUR,"climate change — GWP 100a, incl. H (premise_gwp)","GWP 100a, incl. H",kg CO2-Eq,4.318694108798446,Climate change — premise GWP incl. H₂,available
ecoinvent-3.12-cutoff_remind-SSP1-PkBudg650_2030_06-2_full,remind,REMIND,SSP1-PkBudg650,REMIND — SSP1-PkBudg650,remind | SSP1-PkBudg650,<2.0 °C,2030,Steel,"('EF v3.1', 'acidification', 'accumulated exceedance (AE)')",,,acidification,accumulated exceedance (AE),mol H+-Eq,,Acidification,NA — market not generated
ecoinvent-3.12-cutoff_remind-SSP1-PkBudg650_2030_06-2_full,remind,REMIND,SSP1-PkBudg650,REMIND — SSP1-PkBudg650,remind | SSP1-PkBudg650,<2.0 °C,2030,Steel,"('EF v3.1', 'climate change', 'global warming potential (GWP100)')",,,climate change,global warming potential (GWP100),kg CO2-Eq,,Climate change — EF 3.1,NA — market not generated
ecoinvent-3.12-cutoff_remind-SSP1-PkBudg650_2030_06-2_full,remind,REMIND,SSP1-PkBudg650,REMIND — SSP1-PkBudg650,remind | SSP1-PkBudg650,<2.0 °C,2030,Steel,"('EF v3.1', 'ecotoxicity: freshwater', 'comparative toxic unit for ecosystems (CTUe)')",,,ecotoxicity: freshwater,comparative toxic unit for ecosystems (CTUe),CTUe,,Ecotoxicity — freshwater,NA — market not generated
ecoinvent-3.12-cutoff_remind-SSP1-PkBudg650_2030_06-2_full,remind,REMIND,SSP1-PkBudg650,REMIND — SSP1-PkBudg650,remind | SSP1-PkBudg650,<2.0 °C,2030,Steel,"('EF v3.1', 'energy resources: non-renewable', 'abiotic depletion potential (ADP): fossil fuels')",,,energy resources: non-renewable,abiotic depletion potential (ADP): fossil fuels,"MJ, net calorific value",,Resource use — energy carriers,NA — market not generated
ecoinvent-3.12-cutoff_remind-SSP1-PkBudg650_2030_06-2_full,remind,REMIND,SSP1-PkBudg650,REMIND — SSP1-PkBudg650,remind | SSP1-PkBudg650,<2.0 °C,2030,Steel,"('EF v3.1', 'eutrophication: freshwater', 'fraction of nutrients reaching freshwater end compartment (P)')",,,eutrophication: freshwater,fraction of nutrients reaching freshwater end compartment (P),kg P-Eq,,Eutrophication — freshwater,NA — market not generated
ecoinvent-3.12-cutoff_remind-SSP1-PkBudg650_2030_06-2_full,remind,REMIND,SSP1-PkBudg650,REMIND — SSP1-PkBudg650,remind | SSP1-PkBudg650,<2.0 °C,2030,Steel,"('EF v3.1', 'eutrophication: marine', 'fraction of nutrients reaching marine end compartment (N)')",,,eutrophication: marine,fraction of nutrients reaching marine end compartment (N),kg N-Eq,,Eutrophication — marine,NA — market not generated
ecoinvent-3.12-cutoff_remind-SSP1-PkBudg650_2030_06-2_full,remind,REMIND,SSP1-PkBudg650,REMIND — SSP1-PkBudg650,remind | SSP1-PkBudg650,<2.0 °C,2030,Steel,"('EF v3.1', 'eutrophication: terrestrial', 'accumulated exceedance (AE)')",,,eutrophication: terrestrial,accumulated exceedance (AE),mol N-Eq,,Eutrophication — terrestrial,NA — market not generated
ecoinvent-3.12-cutoff_remind-SSP1-PkBudg650_2030_06-2_full,remind,REMIND,SSP1-PkBudg650,REMIND — SSP1-PkBudg650,remind | SSP1-PkBudg650,<2.0 °C,2030,Steel,"('EF v3.1', 'human toxicity: carcinogenic', 'comparative toxic unit for human (CTUh)')",,,human toxicity: carcinogenic,comparative toxic unit for human (CTUh),CTUh,,Human toxicity — cancer,NA — market not generated
ecoinvent-3.12-cutoff_remind-SSP1-PkBudg650_2030_06-2_full,remind,REMIND,SSP1-PkBudg650,REMIND — SSP1-PkBudg650,remind | SSP1-PkBudg650,<2.0 °C,2030,Steel,"('EF v3.1', 'human toxicity: non-carcinogenic', 'comparative toxic unit for human (CTUh)')",,,human toxicity: non-carcinogenic,comparative toxic unit for human (CTUh),CTUh,,Human toxicity — non-cancer,NA — market not generated
ecoinvent-3.12-cutoff_remind-SSP1-PkBudg650_2030_06-2_full,remind,REMIND,SSP1-PkBudg650,REMIND — SSP1-PkBudg650,remind | SSP1-PkBudg650,<2.0 °C,2030,Steel,"('EF v3.1', 'ionising radiation: human health', 'human exposure efficiency relative to u235')",,,ionising radiation: human health,human exposure efficiency relative to u235,kBq U235-Eq,,Ionising radiation — human health,NA — market not generated
ecoinvent-3.12-cutoff_remind-SSP1-PkBudg650_2030_06-2_full,remind,REMIND,SSP1-PkBudg650,REMIND — SSP1-PkBudg650,remind | SSP1-PkBudg650,<2.0 °C,2030,Steel,"('EF v3.1', 'land use', 'soil quality index')",,,land use,soil quality index,dimensionless,,Land use,NA — market not generated
ecoinvent-3.12-cutoff_remind-SSP1-PkBudg650_2030_06-2_full,remind,REMIND,SSP1-PkBudg650,REMIND — SSP1-PkBudg650,remind | SSP1-PkBudg650,<2.0 °C,2030,Steel,"('EF v3.1', 'material resources: metals/minerals', 'abiotic depletion potential (ADP): elements (ultimate reserves)')",,,material resources: metals/minerals,abiotic depletion potential (ADP): elements (ultimate reserves),kg Sb-Eq,,Resource use — minerals and metals,NA — market not generated
ecoinvent-3.12-cutoff_remind-SSP1-PkBudg650_2030_06-2_full,remind,REMIND,SSP1-PkBudg650,REMIND — SSP1-PkBudg650,remind | SSP1-PkBudg650,<2.0 °C,2030,Steel,"('EF v3.1', 'ozone depletion', 'ozone depletion potential (ODP)')",,,ozone depletion,ozone depletion potential (ODP),kg CFC-11-Eq,,Ozone depletion,NA — market not generated
ecoinvent-3.12-cutoff_remind-SSP1-PkBudg650_2030_06-2_full,remind,REMIND,SSP1-PkBudg650,REMIND — SSP1-PkBudg650,remind | SSP1-PkBudg650,<2.0 °C,2030,Steel,"('EF v3.1', 'particulate matter formation', 'impact on human health')",,,particulate matter formation,impact on human health,disease incidence,,Particulate matter,NA — market not generated
ecoinvent-3.12-cutoff_remind-SSP1-PkBudg650_2030_06-2_full,remind,REMIND,SSP1-PkBudg650,REMIND — SSP1-PkBudg650,remind | SSP1-PkBudg650,<2.0 °C,2030,Steel,"('EF v3.1', 'photochemical oxidant formation: human health', 'tropospheric ozone concentration increase')",,,photochemical oxidant formation: human health,tropospheric ozone concentration increase,kg NMVOC-Eq,,Photochemical ozone formation,NA — market not generated
ecoinvent-3.12-cutoff_remind-SSP1-PkBudg650_2030_06-2_full,remind,REMIND,SSP1-PkBudg650,REMIND — SSP1-PkBudg650,remind | SSP1-PkBudg650,<2.0 °C,2030,Steel,"('EF v3.1', 'water use', 'user deprivation potential (deprivation-weighted water consumption)')",,,water use,user deprivation potential (deprivation-weighted water consumption),m3 world Eq deprived,,Water use,NA — market not generated
ecoinvent-3.12-cutoff_remind-SSP1-PkBudg650_2030_06-2_full,remind,REMIND,SSP1-PkBudg650,REMIND — SSP1-PkBudg650,remind | SSP1-PkBudg650,<2.0 °C,2030,Steel,"('IPCC 2021', 'climate change', 'GWP 100a, incl. H')",,,"climate change — GWP 100a, incl. H (premise_gwp)","GWP 100a, incl. H",kg CO2-Eq,,Climate change — premise GWP incl. H₂,NA — market not generated
ecoinvent-3.12-cutoff_remind-SSP1-PkBudg650_2030_06-2_full,remind,REMIND,SSP1-PkBudg650,REMIND — SSP1-PkBudg650,remind | SSP1-PkBudg650,<2.0 °C,2030,Cement,"('EF v3.1', 'acidification', 'accumulated exceedance (AE)')","market for hydrogen, gaseous, low pressure, for cement",EUR,acidification,accumulated exceedance (AE),mol H+-Eq,0.02673023130704701,Acidification,available
ecoinvent-3.12-cutoff_remind-SSP1-PkBudg650_2030_06-2_full,remind,REMIND,SSP1-PkBudg650,REMIND — SSP1-PkBudg650,remind | SSP1-PkBudg650,<2.0 °C,2030,Cement,"('EF v3.1', 'climate change', 'global warming potential (GWP100)')","market for hydrogen, gaseous, low pressure, for cement",EUR,climate change,global warming potential (GWP100),kg CO2-Eq,4.4211534973833695,Climate change — EF 3.1,available
ecoinvent-3.12-cutoff_remind-SSP1-PkBudg650_2030_06-2_full,remind,REMIND,SSP1-PkBudg650,REMIND — SSP1-PkBudg650,remind | SSP1-PkBudg650,<2.0 °C,2030,Cement,"('EF v3.1', 'ecotoxicity: freshwater', 'comparative toxic unit for ecosystems (CTUe)')","market for hydrogen, gaseous, low pressure, for cement",EUR,ecotoxicity: freshwater,comparative toxic unit for ecosystems (CTUe),CTUe,29.455842314944235,Ecotoxicity — freshwater,available
ecoinvent-3.12-cutoff_remind-SSP1-PkBudg650_2030_06-2_full,remind,REMIND,SSP1-PkBudg650,REMIND — SSP1-PkBudg650,remind | SSP1-PkBudg650,<2.0 °C,2030,Cement,"('EF v3.1', 'energy resources: non-renewable', 'abiotic depletion potential (ADP): fossil fuels')","market for hydrogen, gaseous, low pressure, for cement",EUR,energy resources: non-renewable,abiotic depletion potential (ADP): fossil fuels,"MJ, net calorific value",156.77952202329385,Resource use — energy carriers,available
ecoinvent-3.12-cutoff_remind-SSP1-PkBudg650_2030_06-2_full,remind,REMIND,SSP1-PkBudg650,REMIND — SSP1-PkBudg650,remind | SSP1-PkBudg650,<2.0 °C,2030,Cement,"('EF v3.1', 'eutrophication: freshwater', 'fraction of nutrients reaching freshwater end compartment (P)')","market for hydrogen, gaseous, low pressure, for cement",EUR,eutrophication: freshwater,fraction of nutrients reaching freshwater end compartment (P),kg P-Eq,0.0011992412977270275,Eutrophication — freshwater,available
ecoinvent-3.12-cutoff_remind-SSP1-PkBudg650_2030_06-2_full,remind,REMIND,SSP1-PkBudg650,REMIND — SSP1-PkBudg650,remind | SSP1-PkBudg650,<2.0 °C,2030,Cement,"('EF v3.1', 'eutrophication: marine', 'fraction of nutrients reaching marine end compartment (N)')","market for hydrogen, gaseous, low pressure, for cement",EUR,eutrophication: marine,fraction of nutrients reaching marine end compartment (N),kg N-Eq,0.003964386687364353,Eutrophication — marine,available
ecoinvent-3.12-cutoff_remind-SSP1-PkBudg650_2030_06-2_full,remind,REMIND,SSP1-PkBudg650,REMIND — SSP1-PkBudg650,remind | SSP1-PkBudg650,<2.0 °C,2030,Cement,"('EF v3.1', 'eutrophication: terrestrial', 'accumulated exceedance (AE)')","market for hydrogen, gaseous, low pressure, for cement",EUR,eutrophication: terrestrial,accumulated exceedance (AE),mol N-Eq,0.04751843347968647,Eutrophication — terrestrial,available
ecoinvent-3.12-cutoff_remind-SSP1-PkBudg650_2030_06-2_full,remind,REMIND,SSP1-PkBudg650,REMIND — SSP1-PkBudg650,remind | SSP1-PkBudg650,<2.0 °C,2030,Cement,"('EF v3.1', 'human toxicity: carcinogenic', 'comparative toxic unit for human (CTUh)')","market for hydrogen, gaseous, low pressure, for cement",EUR,human toxicity: carcinogenic,comparative toxic unit for human (CTUh),CTUh,2.565565146513068e-09,Human toxicity — cancer,available
ecoinvent-3.12-cutoff_remind-SSP1-PkBudg650_2030_06-2_full,remind,REMIND,SSP1-PkBudg650,REMIND — SSP1-PkBudg650,remind | SSP1-PkBudg650,<2.0 °C,2030,Cement,"('EF v3.1', 'human toxicity: non-carcinogenic', 'comparative toxic unit for human (CTUh)')","market for hydrogen, gaseous, low pressure, for cement",EUR,human toxicity: non-carcinogenic,comparative toxic unit for human (CTUh),CTUh,1.5425153440962712e-07,Human toxicity — non-cancer,available
ecoinvent-3.12-cutoff_remind-SSP1-PkBudg650_2030_06-2_full,remind,REMIND,SSP1-PkBudg650,REMIND — SSP1-PkBudg650,remind | SSP1-PkBudg650,<2.0 °C,2030,Cement,"('EF v3.1', 'ionising radiation: human health', 'human exposure efficiency relative to u235')","market for hydrogen, gaseous, low pressure, for cement",EUR,ionising radiation: human health,human exposure efficiency relative to u235,kBq U235-Eq,4.474453719566265,Ionising radiation — human health,available
ecoinvent-3.12-cutoff_remind-SSP1-PkBudg650_2030_06-2_full,remind,REMIND,SSP1-PkBudg650,REMIND — SSP1-PkBudg650,remind | SSP1-PkBudg650,<2.0 °C,2030,Cement,"('EF v3.1', 'land use', 'soil quality index')","market for hydrogen, gaseous, low pressure, for cement",EUR,land use,soil quality index,dimensionless,43.37925065635515,Land use,available
ecoinvent-3.12-cutoff_remind-SSP1-PkBudg650_2030_06-2_full,remind,REMIND,SSP1-PkBudg650,REMIND — SSP1-PkBudg650,remind | SSP1-PkBudg650,<2.0 °C,2030,Cement,"('EF v3.1', 'material resources: metals/minerals', 'abiotic depletion potential (ADP): elements (ultimate reserves)')","market for hydrogen, gaseous, low pressure, for cement",EUR,material resources: metals/minerals,abiotic depletion potential (ADP): elements (ultimate reserves),kg Sb-Eq,0.00011005716174545497,Resource use — minerals and metals,available
ecoinvent-3.12-cutoff_remind-SSP1-PkBudg650_2030_06-2_full,remind,REMIND,SSP1-PkBudg650,REMIND — SSP1-PkBudg650,remind | SSP1-PkBudg650,<2.0 °C,2030,Cement,"('EF v3.1', 'ozone depletion', 'ozone depletion potential (ODP)')","market for hydrogen, gaseous, low pressure, for cement",EUR,ozone depletion,ozone depletion potential (ODP),kg CFC-11-Eq,3.297494273385114e-07,Ozone depletion,available
ecoinvent-3.12-cutoff_remind-SSP1-PkBudg650_2030_06-2_full,remind,REMIND,SSP1-PkBudg650,REMIND — SSP1-PkBudg650,remind | SSP1-PkBudg650,<2.0 °C,2030,Cement,"('EF v3.1', 'particulate matter formation', 'impact on human health')","market for hydrogen, gaseous, low pressure, for cement",EUR,particulate matter formation,impact on human health,disease incidence,1.6940360643185482e-07,Particulate matter,available
ecoinvent-3.12-cutoff_remind-SSP1-PkBudg650_2030_06-2_full,remind,REMIND,SSP1-PkBudg650,REMIND — SSP1-PkBudg650,remind | SSP1-PkBudg650,<2.0 °C,2030,Cement,"('EF v3.1', 'photochemical oxidant formation: human health', 'tropospheric ozone concentration increase')","market for hydrogen, gaseous, low pressure, for cement",EUR,photochemical oxidant formation: human health,tropospheric ozone concentration increase,kg NMVOC-Eq,0.013906818983282578,Photochemical ozone formation,available
ecoinvent-3.12-cutoff_remind-SSP1-PkBudg650_2030_06-2_full,remind,REMIND,SSP1-PkBudg650,REMIND — SSP1-PkBudg650,remind | SSP1-PkBudg650,<2.0 °C,2030,Cement,"('EF v3.1', 'water use', 'user deprivation potential (deprivation-weighted water consumption)')","market for hydrogen, gaseous, low pressure, for cement",EUR,water use,user deprivation potential (deprivation-weighted water consumption),m3 world Eq deprived,3.3007363033484145,Water use,available
ecoinvent-3.12-cutoff_remind-SSP1-PkBudg650_2030_06-2_full,remind,REMIND,SSP1-PkBudg650,REMIND — SSP1-PkBudg650,remind | SSP1-PkBudg650,<2.0 °C,2030,Cement,"('IPCC 2021', 'climate change', 'GWP 100a, incl. H')","market for hydrogen, gaseous, low pressure, for cement",EUR,"climate change — GWP 100a, incl. H (premise_gwp)","GWP 100a, incl. H",kg CO2-Eq,4.556702459806751,Climate change — premise GWP incl. H₂,available
ecoinvent-3.12-cutoff_remind-SSP1-PkBudg650_2030_06-2_full,remind,REMIND,SSP1-PkBudg650,REMIND — SSP1-PkBudg650,remind | SSP1-PkBudg650,<2.0 °C,2030,Heating,"('EF v3.1', 'acidification', 'accumulated exceedance (AE)')","market for hydrogen, gaseous, low pressure, for heating",EUR,acidification,accumulated exceedance (AE),mol H+-Eq,0.025219842875177242,Acidification,available
ecoinvent-3.12-cutoff_remind-SSP1-PkBudg650_2030_06-2_full,remind,REMIND,SSP1-PkBudg650,REMIND — SSP1-PkBudg650,remind | SSP1-PkBudg650,<2.0 °C,2030,Heating,"('EF v3.1', 'climate change', 'global warming potential (GWP100)')","market for hydrogen, gaseous, low pressure, for heating",EUR,climate change,global warming potential (GWP100),kg CO2-Eq,4.2625612502253345,Climate change — EF 3.1,available
ecoinvent-3.12-cutoff_remind-SSP1-PkBudg650_2030_06-2_full,remind,REMIND,SSP1-PkBudg650,REMIND — SSP1-PkBudg650,remind | SSP1-PkBudg650,<2.0 °C,2030,Heating,"('EF v3.1', 'ecotoxicity: freshwater', 'comparative toxic unit for ecosystems (CTUe)')","market for hydrogen, gaseous, low pressure, for heating",EUR,ecotoxicity: freshwater,comparative toxic unit for ecosystems (CTUe),CTUe,27.599292169018796,Ecotoxicity — freshwater,available
ecoinvent-3.12-cutoff_remind-SSP1-PkBudg650_2030_06-2_full,remind,REMIND,SSP1-PkBudg650,REMIND — SSP1-PkBudg650,remind | SSP1-PkBudg650,<2.0 °C,2030,Heating,"('EF v3.1', 'energy resources: non-renewable', 'abiotic depletion potential (ADP): fossil fuels')","market for hydrogen, gaseous, low pressure, for heating",EUR,energy resources: non-renewable,abiotic depletion potential (ADP): fossil fuels,"MJ, net calorific value",149.1596877824038,Resource use — energy carriers,available
ecoinvent-3.12-cutoff_remind-SSP1-PkBudg650_2030_06-2_full,remind,REMIND,SSP1-PkBudg650,REMIND — SSP1-PkBudg650,remind | SSP1-PkBudg650,<2.0 °C,2030,Heating,"('EF v3.1', 'eutrophication: freshwater', 'fraction of nutrients reaching freshwater end compartment (P)')","market for hydrogen, gaseous, low pressure, for heating",EUR,eutrophication: freshwater,fraction of nutrients reaching freshwater end compartment (P),kg P-Eq,0.0011210499087250868,Eutrophication — freshwater,available
ecoinvent-3.12-cutoff_remind-SSP1-PkBudg650_2030_06-2_full,remind,REMIND,SSP1-PkBudg650,REMIND — SSP1-PkBudg650,remind | SSP1-PkBudg650,<2.0 °C,2030,Heating,"('EF v3.1', 'eutrophication: marine', 'fraction of nutrients reaching marine end compartment (N)')","market for hydrogen, gaseous, low pressure, for heating",EUR,eutrophication: marine,fraction of nutrients reaching marine end compartment (N),kg N-Eq,0.0037148602192233976,Eutrophication — marine,available
ecoinvent-3.12-cutoff_remind-SSP1-PkBudg650_2030_06-2_full,remind,REMIND,SSP1-PkBudg650,REMIND — SSP1-PkBudg650,remind | SSP1-PkBudg650,<2.0 °C,2030,Heating,"('EF v3.1', 'eutrophication: terrestrial', 'accumulated exceedance (AE)')","market for hydrogen, gaseous, low pressure, for heating",EUR,eutrophication: terrestrial,accumulated exceedance (AE),mol N-Eq,0.04472846527076916,Eutrophication — terrestrial,available
ecoinvent-3.12-cutoff_remind-SSP1-PkBudg650_2030_06-2_full,remind,REMIND,SSP1-PkBudg650,REMIND — SSP1-PkBudg650,remind | SSP1-PkBudg650,<2.0 °C,2030,Heating,"('EF v3.1', 'human toxicity: carcinogenic', 'comparative toxic unit for human (CTUh)')","market for hydrogen, gaseous, low pressure, for heating",EUR,human toxicity: carcinogenic,comparative toxic unit for human (CTUh),CTUh,2.3873052227614204e-09,Human toxicity — cancer,available
ecoinvent-3.12-cutoff_remind-SSP1-PkBudg650_2030_06-2_full,remind,REMIND,SSP1-PkBudg650,REMIND — SSP1-PkBudg650,remind | SSP1-PkBudg650,<2.0 °C,2030,Heating,"('EF v3.1', 'human toxicity: non-carcinogenic', 'comparative toxic unit for human (CTUh)')","market for hydrogen, gaseous, low pressure, for heating",EUR,human toxicity: non-carcinogenic,comparative toxic unit for human (CTUh),CTUh,1.4305635759386476e-07,Human toxicity — non-cancer,available
ecoinvent-3.12-cutoff_remind-SSP1-PkBudg650_2030_06-2_full,remind,REMIND,SSP1-PkBudg650,REMIND — SSP1-PkBudg650,remind | SSP1-PkBudg650,<2.0 °C,2030,Heating,"('EF v3.1', 'ionising radiation: human health', 'human exposure efficiency relative to u235')","market for hydrogen, gaseous, low pressure, for heating",EUR,ionising radiation: human health,human exposure efficiency relative to u235,kBq U235-Eq,4.168112998815538,Ionising radiation — human health,available
ecoinvent-3.12-cutoff_remind-SSP1-PkBudg650_2030_06-2_full,remind,REMIND,SSP1-PkBudg650,REMIND — SSP1-PkBudg650,remind | SSP1-PkBudg650,<2.0 °C,2030,Heating,"('EF v3.1', 'land use', 'soil quality index')","market for hydrogen, gaseous, low pressure, for heating",EUR,land use,soil quality index,dimensionless,40.41893751004383,Land use,available
ecoinvent-3.12-cutoff_remind-SSP1-PkBudg650_2030_06-2_full,remind,REMIND,SSP1-PkBudg650,REMIND — SSP1-PkBudg650,remind | SSP1-PkBudg650,<2.0 °C,2030,Heating,"('EF v3.1', 'material resources: metals/minerals', 'abiotic depletion potential (ADP): elements (ultimate reserves)')","market for hydrogen, gaseous, low pressure, for heating",EUR,material resources: metals/minerals,abiotic depletion potential (ADP): elements (ultimate reserves),kg Sb-Eq,0.00010237167213217712,Resource use — minerals and metals,available
ecoinvent-3.12-cutoff_remind-SSP1-PkBudg650_2030_06-2_full,remind,REMIND,SSP1-PkBudg650,REMIND — SSP1-PkBudg650,remind | SSP1-PkBudg650,<2.0 °C,2030,Heating,"('EF v3.1', 'ozone depletion', 'ozone depletion potential (ODP)')","market for hydrogen, gaseous, low pressure, for heating",EUR,ozone depletion,ozone depletion potential (ODP),kg CFC-11-Eq,3.2028556506732924e-07,Ozone depletion,available
ecoinvent-3.12-cutoff_remind-SSP1-PkBudg650_2030_06-2_full,remind,REMIND,SSP1-PkBudg650,REMIND — SSP1-PkBudg650,remind | SSP1-PkBudg650,<2.0 °C,2030,Heating,"('EF v3.1', 'particulate matter formation', 'impact on human health')","market for hydrogen, gaseous, low pressure, for heating",EUR,particulate matter formation,impact on human health,disease incidence,1.5883845291428282e-07,Particulate matter,available
ecoinvent-3.12-cutoff_remind-SSP1-PkBudg650_2030_06-2_full,remind,REMIND,SSP1-PkBudg650,REMIND — SSP1-PkBudg650,remind | SSP1-PkBudg650,<2.0 °C,2030,Heating,"('EF v3.1', 'photochemical oxidant formation: human health', 'tropospheric ozone concentration increase')","market for hydrogen, gaseous, low pressure, for heating",EUR,photochemical oxidant formation: human health,tropospheric ozone concentration increase,kg NMVOC-Eq,0.0131955734484296,Photochemical ozone formation,available
ecoinvent-3.12-cutoff_remind-SSP1-PkBudg650_2030_06-2_full,remind,REMIND,SSP1-PkBudg650,REMIND — SSP1-PkBudg650,remind | SSP1-PkBudg650,<2.0 °C,2030,Heating,"('EF v3.1', 'water use', 'user deprivation potential (deprivation-weighted water consumption)')","market for hydrogen, gaseous, low pressure, for heating",EUR,water use,user deprivation potential (deprivation-weighted water consumption),m3 world Eq deprived,3.098589235362068,Water use,available
ecoinvent-3.12-cutoff_remind-SSP1-PkBudg650_2030_06-2_full,remind,REMIND,SSP1-PkBudg650,REMIND — SSP1-PkBudg650,remind | SSP1-PkBudg650,<2.0 °C,2030,Heating,"('IPCC 2021', 'climate change', 'GWP 100a, incl. H')","market for hydrogen, gaseous, low pressure, for heating",EUR,"climate change — GWP 100a, incl. H (premise_gwp)","GWP 100a, incl. H",kg CO2-Eq,4.362875007873368,Climate change — premise GWP incl. H₂,available
ecoinvent-3.12-cutoff_remind-SSP1-PkBudg650_2030_06-2_full,remind,REMIND,SSP1-PkBudg650,REMIND — SSP1-PkBudg650,remind | SSP1-PkBudg650,<2.0 °C,2030,Other end uses,"('EF v3.1', 'acidification', 'accumulated exceedance (AE)')","market for hydrogen, gaseous, low pressure, for other end uses",EUR,acidification,accumulated exceedance (AE),mol H+-Eq,0.02629394534101405,Acidification,available
ecoinvent-3.12-cutoff_remind-SSP1-PkBudg650_2030_06-2_full,remind,REMIND,SSP1-PkBudg650,REMIND — SSP1-PkBudg650,remind | SSP1-PkBudg650,<2.0 °C,2030,Other end uses,"('EF v3.1', 'climate change', 'global warming potential (GWP100)')","market for hydrogen, gaseous, low pressure, for other end uses",EUR,climate change,global warming potential (GWP100),kg CO2-Eq,4.37548125276212,Climate change — EF 3.1,available
ecoinvent-3.12-cutoff_remind-SSP1-PkBudg650_2030_06-2_full,remind,REMIND,SSP1-PkBudg650,REMIND — SSP1-PkBudg650,remind | SSP1-PkBudg650,<2.0 °C,2030,Other end uses,"('EF v3.1', 'ecotoxicity: freshwater', 'comparative toxic unit for ecosystems (CTUe)')","market for hydrogen, gaseous, low pressure, for other end uses",EUR,ecotoxicity: freshwater,comparative toxic unit for ecosystems (CTUe),CTUe,28.966416719078985,Ecotoxicity — freshwater,available
ecoinvent-3.12-cutoff_remind-SSP1-PkBudg650_2030_06-2_full,remind,REMIND,SSP1-PkBudg650,REMIND — SSP1-PkBudg650,remind | SSP1-PkBudg650,<2.0 °C,2030,Other end uses,"('EF v3.1', 'energy resources: non-renewable', 'abiotic depletion potential (ADP): fossil fuels')","market for hydrogen, gaseous, low pressure, for other end uses",EUR,energy resources: non-renewable,abiotic depletion potential (ADP): fossil fuels,"MJ, net calorific value",154.0106972002086,Resource use — energy carriers,available
ecoinvent-3.12-cutoff_remind-SSP1-PkBudg650_2030_06-2_full,remind,REMIND,SSP1-PkBudg650,REMIND — SSP1-PkBudg650,remind | SSP1-PkBudg650,<2.0 °C,2030,Other end uses,"('EF v3.1', 'eutrophication: freshwater', 'fraction of nutrients reaching freshwater end compartment (P)')","market for hydrogen, gaseous, low pressure, for other end uses",EUR,eutrophication: freshwater,fraction of nutrients reaching freshwater end compartment (P),kg P-Eq,0.0011708264294218152,Eutrophication — freshwater,available
ecoinvent-3.12-cutoff_remind-SSP1-PkBudg650_2030_06-2_full,remind,REMIND,SSP1-PkBudg650,REMIND — SSP1-PkBudg650,remind | SSP1-PkBudg650,<2.0 °C,2030,Other end uses,"('EF v3.1', 'eutrophication: marine', 'fraction of nutrients reaching marine end compartment (N)')","market for hydrogen, gaseous, low pressure, for other end uses",EUR,eutrophication: marine,fraction of nutrients reaching marine end compartment (N),kg N-Eq,0.003924008311685266,Eutrophication — marine,available
ecoinvent-3.12-cutoff_remind-SSP1-PkBudg650_2030_06-2_full,remind,REMIND,SSP1-PkBudg650,REMIND — SSP1-PkBudg650,remind | SSP1-PkBudg650,<2.0 °C,2030,Other end uses,"('EF v3.1', 'eutrophication: terrestrial', 'accumulated exceedance (AE)')","market for hydrogen, gaseous, low pressure, for other end uses",EUR,eutrophication: terrestrial,accumulated exceedance (AE),mol N-Eq,0.04706874497965623,Eutrophication — terrestrial,available
ecoinvent-3.12-cutoff_remind-SSP1-PkBudg650_2030_06-2_full,remind,REMIND,SSP1-PkBudg650,REMIND — SSP1-PkBudg650,remind | SSP1-PkBudg650,<2.0 °C,2030,Other end uses,"('EF v3.1', 'human toxicity: carcinogenic', 'comparative toxic unit for human (CTUh)')","market for hydrogen, gaseous, low pressure, for other end uses",EUR,human toxicity: carcinogenic,comparative toxic unit for human (CTUh),CTUh,2.497661252200888e-09,Human toxicity — cancer,available
ecoinvent-3.12-cutoff_remind-SSP1-PkBudg650_2030_06-2_full,remind,REMIND,SSP1-PkBudg650,REMIND — SSP1-PkBudg650,remind | SSP1-PkBudg650,<2.0 °C,2030,Other end uses,"('EF v3.1', 'human toxicity: non-carcinogenic', 'comparative toxic unit for human (CTUh)')","market for hydrogen, gaseous, low pressure, for other end uses",EUR,human toxicity: non-carcinogenic,comparative toxic unit for human (CTUh),CTUh,1.5024889742010688e-07,Human toxicity — non-cancer,available
ecoinvent-3.12-cutoff_remind-SSP1-PkBudg650_2030_06-2_full,remind,REMIND,SSP1-PkBudg650,REMIND — SSP1-PkBudg650,remind | SSP1-PkBudg650,<2.0 °C,2030,Other end uses,"('EF v3.1', 'ionising radiation: human health', 'human exposure efficiency relative to u235')","market for hydrogen, gaseous, low pressure, for other end uses",EUR,ionising radiation: human health,human exposure efficiency relative to u235,kBq U235-Eq,4.352562220740929,Ionising radiation — human health,available
ecoinvent-3.12-cutoff_remind-SSP1-PkBudg650_2030_06-2_full,remind,REMIND,SSP1-PkBudg650,REMIND — SSP1-PkBudg650,remind | SSP1-PkBudg650,<2.0 °C,2030,Other end uses,"('EF v3.1', 'land use', 'soil quality index')","market for hydrogen, gaseous, low pressure, for other end uses",EUR,land use,soil quality index,dimensionless,42.36274097054029,Land use,available
ecoinvent-3.12-cutoff_remind-SSP1-PkBudg650_2030_06-2_full,remind,REMIND,SSP1-PkBudg650,REMIND — SSP1-PkBudg650,remind | SSP1-PkBudg650,<2.0 °C,2030,Other end uses,"('EF v3.1', 'material resources: metals/minerals', 'abiotic depletion potential (ADP): elements (ultimate reserves)')","market for hydrogen, gaseous, low pressure, for other end uses",EUR,material resources: metals/minerals,abiotic depletion potential (ADP): elements (ultimate reserves),kg Sb-Eq,0.00010718744646508153,Resource use — minerals and metals,available
ecoinvent-3.12-cutoff_remind-SSP1-PkBudg650_2030_06-2_full,remind,REMIND,SSP1-PkBudg650,REMIND — SSP1-PkBudg650,remind | SSP1-PkBudg650,<2.0 °C,2030,Other end uses,"('EF v3.1', 'ozone depletion', 'ozone depletion potential (ODP)')","market for hydrogen, gaseous, low pressure, for other end uses",EUR,ozone depletion,ozone depletion potential (ODP),kg CFC-11-Eq,3.2657342140228714e-07,Ozone depletion,available
ecoinvent-3.12-cutoff_remind-SSP1-PkBudg650_2030_06-2_full,remind,REMIND,SSP1-PkBudg650,REMIND — SSP1-PkBudg650,remind | SSP1-PkBudg650,<2.0 °C,2030,Other end uses,"('EF v3.1', 'particulate matter formation', 'impact on human health')","market for hydrogen, gaseous, low pressure, for other end uses",EUR,particulate matter formation,impact on human health,disease incidence,1.662556820160785e-07,Particulate matter,available
ecoinvent-3.12-cutoff_remind-SSP1-PkBudg650_2030_06-2_full,remind,REMIND,SSP1-PkBudg650,REMIND — SSP1-PkBudg650,remind | SSP1-PkBudg650,<2.0 °C,2030,Other end uses,"('EF v3.1', 'photochemical oxidant formation: human health', 'tropospheric ozone concentration increase')","market for hydrogen, gaseous, low pressure, for other end uses",EUR,photochemical oxidant formation: human health,tropospheric ozone concentration increase,kg NMVOC-Eq,0.013739415806763335,Photochemical ozone formation,available
ecoinvent-3.12-cutoff_remind-SSP1-PkBudg650_2030_06-2_full,remind,REMIND,SSP1-PkBudg650,REMIND — SSP1-PkBudg650,remind | SSP1-PkBudg650,<2.0 °C,2030,Other end uses,"('EF v3.1', 'water use', 'user deprivation potential (deprivation-weighted water consumption)')","market for hydrogen, gaseous, low pressure, for other end uses",EUR,water use,user deprivation potential (deprivation-weighted water consumption),m3 world Eq deprived,3.2253427979418987,Water use,available
ecoinvent-3.12-cutoff_remind-SSP1-PkBudg650_2030_06-2_full,remind,REMIND,SSP1-PkBudg650,REMIND — SSP1-PkBudg650,remind | SSP1-PkBudg650,<2.0 °C,2030,Other end uses,"('IPCC 2021', 'climate change', 'GWP 100a, incl. H')","market for hydrogen, gaseous, low pressure, for other end uses",EUR,"climate change — GWP 100a, incl. H (premise_gwp)","GWP 100a, incl. H",kg CO2-Eq,4.479342047698621,Climate change — premise GWP incl. H₂,available
ecoinvent-3.12-cutoff_remind-SSP1-PkBudg650_2040_06-2_full,remind,REMIND,SSP1-PkBudg650,REMIND — SSP1-PkBudg650,remind | SSP1-PkBudg650,<2.0 °C,2040,Generic,"('EF v3.1', 'acidification', 'accumulated exceedance (AE)')","market for hydrogen, gaseous, low pressure",RER,acidification,accumulated exceedance (AE),mol H+-Eq,0.02926349821341052,Acidification,available
ecoinvent-3.12-cutoff_remind-SSP1-PkBudg650_2040_06-2_full,remind,REMIND,SSP1-PkBudg650,REMIND — SSP1-PkBudg650,remind | SSP1-PkBudg650,<2.0 °C,2040,Generic,"('EF v3.1', 'climate change', 'global warming potential (GWP100)')","market for hydrogen, gaseous, low pressure",RER,climate change,global warming potential (GWP100),kg CO2-Eq,0.8834796381911261,Climate change — EF 3.1,available
ecoinvent-3.12-cutoff_remind-SSP1-PkBudg650_2040_06-2_full,remind,REMIND,SSP1-PkBudg650,REMIND — SSP1-PkBudg650,remind | SSP1-PkBudg650,<2.0 °C,2040,Generic,"('EF v3.1', 'ecotoxicity: freshwater', 'comparative toxic unit for ecosystems (CTUe)')","market for hydrogen, gaseous, low pressure",RER,ecotoxicity: freshwater,comparative toxic unit for ecosystems (CTUe),CTUe,37.288029582195975,Ecotoxicity — freshwater,available
ecoinvent-3.12-cutoff_remind-SSP1-PkBudg650_2040_06-2_full,remind,REMIND,SSP1-PkBudg650,REMIND — SSP1-PkBudg650,remind | SSP1-PkBudg650,<2.0 °C,2040,Generic,"('EF v3.1', 'energy resources: non-renewable', 'abiotic depletion potential (ADP): fossil fuels')","market for hydrogen, gaseous, low pressure",RER,energy resources: non-renewable,abiotic depletion potential (ADP): fossil fuels,"MJ, net calorific value",49.33013819625339,Resource use — energy carriers,available
ecoinvent-3.12-cutoff_remind-SSP1-PkBudg650_2040_06-2_full,remind,REMIND,SSP1-PkBudg650,REMIND — SSP1-PkBudg650,remind | SSP1-PkBudg650,<2.0 °C,2040,Generic,"('EF v3.1', 'eutrophication: freshwater', 'fraction of nutrients reaching freshwater end compartment (P)')","market for hydrogen, gaseous, low pressure",RER,eutrophication: freshwater,fraction of nutrients reaching freshwater end compartment (P),kg P-Eq,0.0014013980018766597,Eutrophication — freshwater,available
ecoinvent-3.12-cutoff_remind-SSP1-PkBudg650_2040_06-2_full,remind,REMIND,SSP1-PkBudg650,REMIND — SSP1-PkBudg650,remind | SSP1-PkBudg650,<2.0 °C,2040,Generic,"('EF v3.1', 'eutrophication: marine', 'fraction of nutrients reaching marine end compartment (N)')","market for hydrogen, gaseous, low pressure",RER,eutrophication: marine,fraction of nutrients reaching marine end compartment (N),kg N-Eq,0.003344312635463211,Eutrophication — marine,available
ecoinvent-3.12-cutoff_remind-SSP1-PkBudg650_2040_06-2_full,remind,REMIND,SSP1-PkBudg650,REMIND — SSP1-PkBudg650,remind | SSP1-PkBudg650,<2.0 °C,2040,Generic,"('EF v3.1', 'eutrophication: terrestrial', 'accumulated exceedance (AE)')","market for hydrogen, gaseous, low pressure",RER,eutrophication: terrestrial,accumulated exceedance (AE),mol N-Eq,0.04081540174377458,Eutrophication — terrestrial,available
ecoinvent-3.12-cutoff_remind-SSP1-PkBudg650_2040_06-2_full,remind,REMIND,SSP1-PkBudg650,REMIND — SSP1-PkBudg650,remind | SSP1-PkBudg650,<2.0 °C,2040,Generic,"('EF v3.1', 'human toxicity: carcinogenic', 'comparative toxic unit for human (CTUh)')","market for hydrogen, gaseous, low pressure",RER,human toxicity: carcinogenic,comparative toxic unit for human (CTUh),CTUh,3.307748859848405e-09,Human toxicity — cancer,available
ecoinvent-3.12-cutoff_remind-SSP1-PkBudg650_2040_06-2_full,remind,REMIND,SSP1-PkBudg650,REMIND — SSP1-PkBudg650,remind | SSP1-PkBudg650,<2.0 °C,2040,Generic,"('EF v3.1', 'human toxicity: non-carcinogenic', 'comparative toxic unit for human (CTUh)')","market for hydrogen, gaseous, low pressure",RER,human toxicity: non-carcinogenic,comparative toxic unit for human (CTUh),CTUh,2.084103358945574e-07,Human toxicity — non-cancer,available
ecoinvent-3.12-cutoff_remind-SSP1-PkBudg650_2040_06-2_full,remind,REMIND,SSP1-PkBudg650,REMIND — SSP1-PkBudg650,remind | SSP1-PkBudg650,<2.0 °C,2040,Generic,"('EF v3.1', 'ionising radiation: human health', 'human exposure efficiency relative to u235')","market for hydrogen, gaseous, low pressure",RER,ionising radiation: human health,human exposure efficiency relative to u235,kBq U235-Eq,2.2415317607019523,Ionising radiation — human health,available
ecoinvent-3.12-cutoff_remind-SSP1-PkBudg650_2040_06-2_full,remind,REMIND,SSP1-PkBudg650,REMIND — SSP1-PkBudg650,remind | SSP1-PkBudg650,<2.0 °C,2040,Generic,"('EF v3.1', 'land use', 'soil quality index')","market for hydrogen, gaseous, low pressure",RER,land use,soil quality index,dimensionless,78.60568691150068,Land use,available
ecoinvent-3.12-cutoff_remind-SSP1-PkBudg650_2040_06-2_full,remind,REMIND,SSP1-PkBudg650,REMIND — SSP1-PkBudg650,remind | SSP1-PkBudg650,<2.0 °C,2040,Generic,"('EF v3.1', 'material resources: metals/minerals', 'abiotic depletion potential (ADP): elements (ultimate reserves)')","market for hydrogen, gaseous, low pressure",RER,material resources: metals/minerals,abiotic depletion potential (ADP): elements (ultimate reserves),kg Sb-Eq,0.00016478023325378492,Resource use — minerals and metals,available
ecoinvent-3.12-cutoff_remind-SSP1-PkBudg650_2040_06-2_full,remind,REMIND,SSP1-PkBudg650,REMIND — SSP1-PkBudg650,remind | SSP1-PkBudg650,<2.0 °C,2040,Generic,"('EF v3.1', 'ozone depletion', 'ozone depletion potential (ODP)')","market for hydrogen, gaseous, low pressure",RER,ozone depletion,ozone depletion potential (ODP),kg CFC-11-Eq,1.8194746001184227e-07,Ozone depletion,available
ecoinvent-3.12-cutoff_remind-SSP1-PkBudg650_2040_06-2_full,remind,REMIND,SSP1-PkBudg650,REMIND — SSP1-PkBudg650,remind | SSP1-PkBudg650,<2.0 °C,2040,Generic,"('EF v3.1', 'particulate matter formation', 'impact on human health')","market for hydrogen, gaseous, low pressure",RER,particulate matter formation,impact on human health,disease incidence,1.568449181788291e-07,Particulate matter,available
ecoinvent-3.12-cutoff_remind-SSP1-PkBudg650_2040_06-2_full,remind,REMIND,SSP1-PkBudg650,REMIND — SSP1-PkBudg650,remind | SSP1-PkBudg650,<2.0 °C,2040,Generic,"('EF v3.1', 'photochemical oxidant formation: human health', 'tropospheric ozone concentration increase')","market for hydrogen, gaseous, low pressure",RER,photochemical oxidant formation: human health,tropospheric ozone concentration increase,kg NMVOC-Eq,0.01046404429626483,Photochemical ozone formation,available
ecoinvent-3.12-cutoff_remind-SSP1-PkBudg650_2040_06-2_full,remind,REMIND,SSP1-PkBudg650,REMIND — SSP1-PkBudg650,remind | SSP1-PkBudg650,<2.0 °C,2040,Generic,"('EF v3.1', 'water use', 'user deprivation potential (deprivation-weighted water consumption)')","market for hydrogen, gaseous, low pressure",RER,water use,user deprivation potential (deprivation-weighted water consumption),m3 world Eq deprived,2.7823570947685647,Water use,available
ecoinvent-3.12-cutoff_remind-SSP1-PkBudg650_2040_06-2_full,remind,REMIND,SSP1-PkBudg650,REMIND — SSP1-PkBudg650,remind | SSP1-PkBudg650,<2.0 °C,2040,Generic,"('IPCC 2021', 'climate change', 'GWP 100a, incl. H')","market for hydrogen, gaseous, low pressure",RER,"climate change — GWP 100a, incl. H (premise_gwp)","GWP 100a, incl. H",kg CO2-Eq,0.9875078722187575,Climate change — premise GWP incl. H₂,available
ecoinvent-3.12-cutoff_remind-SSP1-PkBudg650_2040_06-2_full,remind,REMIND,SSP1-PkBudg650,REMIND — SSP1-PkBudg650,remind | SSP1-PkBudg650,<2.0 °C,2040,Transport,"('EF v3.1', 'acidification', 'accumulated exceedance (AE)')","market for hydrogen, gaseous, low pressure, for transport",EUR,acidification,accumulated exceedance (AE),mol H+-Eq,0.030641190811632503,Acidification,available
ecoinvent-3.12-cutoff_remind-SSP1-PkBudg650_2040_06-2_full,remind,REMIND,SSP1-PkBudg650,REMIND — SSP1-PkBudg650,remind | SSP1-PkBudg650,<2.0 °C,2040,Transport,"('EF v3.1', 'climate change', 'global warming potential (GWP100)')","market for hydrogen, gaseous, low pressure, for transport",EUR,climate change,global warming potential (GWP100),kg CO2-Eq,0.9474098403104925,Climate change — EF 3.1,available
ecoinvent-3.12-cutoff_remind-SSP1-PkBudg650_2040_06-2_full,remind,REMIND,SSP1-PkBudg650,REMIND — SSP1-PkBudg650,remind | SSP1-PkBudg650,<2.0 °C,2040,Transport,"('EF v3.1', 'ecotoxicity: freshwater', 'comparative toxic unit for ecosystems (CTUe)')","market for hydrogen, gaseous, low pressure, for transport",EUR,ecotoxicity: freshwater,comparative toxic unit for ecosystems (CTUe),CTUe,39.25048297609382,Ecotoxicity — freshwater,available
ecoinvent-3.12-cutoff_remind-SSP1-PkBudg650_2040_06-2_full,remind,REMIND,SSP1-PkBudg650,REMIND — SSP1-PkBudg650,remind | SSP1-PkBudg650,<2.0 °C,2040,Transport,"('EF v3.1', 'energy resources: non-renewable', 'abiotic depletion potential (ADP): fossil fuels')","market for hydrogen, gaseous, low pressure, for transport",EUR,energy resources: non-renewable,abiotic depletion potential (ADP): fossil fuels,"MJ, net calorific value",52.09596593894252,Resource use — energy carriers,available
ecoinvent-3.12-cutoff_remind-SSP1-PkBudg650_2040_06-2_full,remind,REMIND,SSP1-PkBudg650,REMIND — SSP1-PkBudg650,remind | SSP1-PkBudg650,<2.0 °C,2040,Transport,"('EF v3.1', 'eutrophication: freshwater', 'fraction of nutrients reaching freshwater end compartment (P)')","market for hydrogen, gaseous, low pressure, for transport",EUR,eutrophication: freshwater,fraction of nutrients reaching freshwater end compartment (P),kg P-Eq,0.0014748053245555376,Eutrophication — freshwater,available
ecoinvent-3.12-cutoff_remind-SSP1-PkBudg650_2040_06-2_full,remind,REMIND,SSP1-PkBudg650,REMIND — SSP1-PkBudg650,remind | SSP1-PkBudg650,<2.0 °C,2040,Transport,"('EF v3.1', 'eutrophication: marine', 'fraction of nutrients reaching marine end compartment (N)')","market for hydrogen, gaseous, low pressure, for transport",EUR,eutrophication: marine,fraction of nutrients reaching marine end compartment (N),kg N-Eq,0.0035385980439168498,Eutrophication — marine,available
ecoinvent-3.12-cutoff_remind-SSP1-PkBudg650_2040_06-2_full,remind,REMIND,SSP1-PkBudg650,REMIND — SSP1-PkBudg650,remind | SSP1-PkBudg650,<2.0 °C,2040,Transport,"('EF v3.1', 'eutrophication: terrestrial', 'accumulated exceedance (AE)')","market for hydrogen, gaseous, low pressure, for transport",EUR,eutrophication: terrestrial,accumulated exceedance (AE),mol N-Eq,0.042919897012075145,Eutrophication — terrestrial,available
ecoinvent-3.12-cutoff_remind-SSP1-PkBudg650_2040_06-2_full,remind,REMIND,SSP1-PkBudg650,REMIND — SSP1-PkBudg650,remind | SSP1-PkBudg650,<2.0 °C,2040,Transport,"('EF v3.1', 'human toxicity: carcinogenic', 'comparative toxic unit for human (CTUh)')","market for hydrogen, gaseous, low pressure, for transport",EUR,human toxicity: carcinogenic,comparative toxic unit for human (CTUh),CTUh,3.48926852692596e-09,Human toxicity — cancer,available
ecoinvent-3.12-cutoff_remind-SSP1-PkBudg650_2040_06-2_full,remind,REMIND,SSP1-PkBudg650,REMIND — SSP1-PkBudg650,remind | SSP1-PkBudg650,<2.0 °C,2040,Transport,"('EF v3.1', 'human toxicity: non-carcinogenic', 'comparative toxic unit for human (CTUh)')","market for hydrogen, gaseous, low pressure, for transport",EUR,human toxicity: non-carcinogenic,comparative toxic unit for human (CTUh),CTUh,2.202466857221992e-07,Human toxicity — non-cancer,available
ecoinvent-3.12-cutoff_remind-SSP1-PkBudg650_2040_06-2_full,remind,REMIND,SSP1-PkBudg650,REMIND — SSP1-PkBudg650,remind | SSP1-PkBudg650,<2.0 °C,2040,Transport,"('EF v3.1', 'ionising radiation: human health', 'human exposure efficiency relative to u235')","market for hydrogen, gaseous, low pressure, for transport",EUR,ionising radiation: human health,human exposure efficiency relative to u235,kBq U235-Eq,2.357008453739123,Ionising radiation — human health,available
ecoinvent-3.12-cutoff_remind-SSP1-PkBudg650_2040_06-2_full,remind,REMIND,SSP1-PkBudg650,REMIND — SSP1-PkBudg650,remind | SSP1-PkBudg650,<2.0 °C,2040,Transport,"('EF v3.1', 'land use', 'soil quality index')","market for hydrogen, gaseous, low pressure, for transport",EUR,land use,soil quality index,dimensionless,82.76454951240083,Land use,available
ecoinvent-3.12-cutoff_remind-SSP1-PkBudg650_2040_06-2_full,remind,REMIND,SSP1-PkBudg650,REMIND — SSP1-PkBudg650,remind | SSP1-PkBudg650,<2.0 °C,2040,Transport,"('EF v3.1', 'material resources: metals/minerals', 'abiotic depletion potential (ADP): elements (ultimate reserves)')","market for hydrogen, gaseous, low pressure, for transport",EUR,material resources: metals/minerals,abiotic depletion potential (ADP): elements (ultimate reserves),kg Sb-Eq,0.00017364218162456638,Resource use — minerals and metals,available
ecoinvent-3.12-cutoff_remind-SSP1-PkBudg650_2040_06-2_full,remind,REMIND,SSP1-PkBudg650,REMIND — SSP1-PkBudg650,remind | SSP1-PkBudg650,<2.0 °C,2040,Transport,"('EF v3.1', 'ozone depletion', 'ozone depletion potential (ODP)')","market for hydrogen, gaseous, low pressure, for transport",EUR,ozone depletion,ozone depletion potential (ODP),kg CFC-11-Eq,1.8856660815737851e-07,Ozone depletion,available
ecoinvent-3.12-cutoff_remind-SSP1-PkBudg650_2040_06-2_full,remind,REMIND,SSP1-PkBudg650,REMIND — SSP1-PkBudg650,remind | SSP1-PkBudg650,<2.0 °C,2040,Transport,"('EF v3.1', 'particulate matter formation', 'impact on human health')","market for hydrogen, gaseous, low pressure, for transport",EUR,particulate matter formation,impact on human health,disease incidence,1.648361010953986e-07,Particulate matter,available
ecoinvent-3.12-cutoff_remind-SSP1-PkBudg650_2040_06-2_full,remind,REMIND,SSP1-PkBudg650,REMIND — SSP1-PkBudg650,remind | SSP1-PkBudg650,<2.0 °C,2040,Transport,"('EF v3.1', 'photochemical oxidant formation: human health', 'tropospheric ozone concentration increase')","market for hydrogen, gaseous, low pressure, for transport",EUR,photochemical oxidant formation: human health,tropospheric ozone concentration increase,kg NMVOC-Eq,0.010968520867028302,Photochemical ozone formation,available
ecoinvent-3.12-cutoff_remind-SSP1-PkBudg650_2040_06-2_full,remind,REMIND,SSP1-PkBudg650,REMIND — SSP1-PkBudg650,remind | SSP1-PkBudg650,<2.0 °C,2040,Transport,"('EF v3.1', 'water use', 'user deprivation potential (deprivation-weighted water consumption)')","market for hydrogen, gaseous, low pressure, for transport",EUR,water use,user deprivation potential (deprivation-weighted water consumption),m3 world Eq deprived,2.935022764088812,Water use,available
ecoinvent-3.12-cutoff_remind-SSP1-PkBudg650_2040_06-2_full,remind,REMIND,SSP1-PkBudg650,REMIND — SSP1-PkBudg650,remind | SSP1-PkBudg650,<2.0 °C,2040,Transport,"('IPCC 2021', 'climate change', 'GWP 100a, incl. H')","market for hydrogen, gaseous, low pressure, for transport",EUR,"climate change — GWP 100a, incl. H (premise_gwp)","GWP 100a, incl. H",kg CO2-Eq,1.086646004463547,Climate change — premise GWP incl. H₂,available
ecoinvent-3.12-cutoff_remind-SSP1-PkBudg650_2040_06-2_full,remind,REMIND,SSP1-PkBudg650,REMIND — SSP1-PkBudg650,remind | SSP1-PkBudg650,<2.0 °C,2040,Chemicals,"('EF v3.1', 'acidification', 'accumulated exceedance (AE)')","market for hydrogen, gaseous, low pressure, for chemicals",EUR,acidification,accumulated exceedance (AE),mol H+-Eq,0.029037317993407342,Acidification,available
ecoinvent-3.12-cutoff_remind-SSP1-PkBudg650_2040_06-2_full,remind,REMIND,SSP1-PkBudg650,REMIND — SSP1-PkBudg650,remind | SSP1-PkBudg650,<2.0 °C,2040,Chemicals,"('EF v3.1', 'climate change', 'global warming potential (GWP100)')","market for hydrogen, gaseous, low pressure, for chemicals",EUR,climate change,global warming potential (GWP100),kg CO2-Eq,0.8740568005340283,Climate change — EF 3.1,available
ecoinvent-3.12-cutoff_remind-SSP1-PkBudg650_2040_06-2_full,remind,REMIND,SSP1-PkBudg650,REMIND — SSP1-PkBudg650,remind | SSP1-PkBudg650,<2.0 °C,2040,Chemicals,"('EF v3.1', 'ecotoxicity: freshwater', 'comparative toxic unit for ecosystems (CTUe)')","market for hydrogen, gaseous, low pressure, for chemicals",EUR,ecotoxicity: freshwater,comparative toxic unit for ecosystems (CTUe),CTUe,36.970258687444485,Ecotoxicity — freshwater,available
ecoinvent-3.12-cutoff_remind-SSP1-PkBudg650_2040_06-2_full,remind,REMIND,SSP1-PkBudg650,REMIND — SSP1-PkBudg650,remind | SSP1-PkBudg650,<2.0 °C,2040,Chemicals,"('EF v3.1', 'energy resources: non-renewable', 'abiotic depletion potential (ADP): fossil fuels')","market for hydrogen, gaseous, low pressure, for chemicals",EUR,energy resources: non-renewable,abiotic depletion potential (ADP): fossil fuels,"MJ, net calorific value",48.85329839765551,Resource use — energy carriers,available
ecoinvent-3.12-cutoff_remind-SSP1-PkBudg650_2040_06-2_full,remind,REMIND,SSP1-PkBudg650,REMIND — SSP1-PkBudg650,remind | SSP1-PkBudg650,<2.0 °C,2040,Chemicals,"('EF v3.1', 'eutrophication: freshwater', 'fraction of nutrients reaching freshwater end compartment (P)')","market for hydrogen, gaseous, low pressure, for chemicals",EUR,eutrophication: freshwater,fraction of nutrients reaching freshwater end compartment (P),kg P-Eq,0.0013883751477803462,Eutrophication — freshwater,available
ecoinvent-3.12-cutoff_remind-SSP1-PkBudg650_2040_06-2_full,remind,REMIND,SSP1-PkBudg650,REMIND — SSP1-PkBudg650,remind | SSP1-PkBudg650,<2.0 °C,2040,Chemicals,"('EF v3.1', 'eutrophication: marine', 'fraction of nutrients reaching marine end compartment (N)')","market for hydrogen, gaseous, low pressure, for chemicals",EUR,eutrophication: marine,fraction of nutrients reaching marine end compartment (N),kg N-Eq,0.003318876172361569,Eutrophication — marine,available
ecoinvent-3.12-cutoff_remind-SSP1-PkBudg650_2040_06-2_full,remind,REMIND,SSP1-PkBudg650,REMIND — SSP1-PkBudg650,remind | SSP1-PkBudg650,<2.0 °C,2040,Chemicals,"('EF v3.1', 'eutrophication: terrestrial', 'accumulated exceedance (AE)')","market for hydrogen, gaseous, low pressure, for chemicals",EUR,eutrophication: terrestrial,accumulated exceedance (AE),mol N-Eq,0.04053496587316154,Eutrophication — terrestrial,available
ecoinvent-3.12-cutoff_remind-SSP1-PkBudg650_2040_06-2_full,remind,REMIND,SSP1-PkBudg650,REMIND — SSP1-PkBudg650,remind | SSP1-PkBudg650,<2.0 °C,2040,Chemicals,"('EF v3.1', 'human toxicity: carcinogenic', 'comparative toxic unit for human (CTUh)')","market for hydrogen, gaseous, low pressure, for chemicals",EUR,human toxicity: carcinogenic,comparative toxic unit for human (CTUh),CTUh,3.274458927664943e-09,Human toxicity — cancer,available
ecoinvent-3.12-cutoff_remind-SSP1-PkBudg650_2040_06-2_full,remind,REMIND,SSP1-PkBudg650,REMIND — SSP1-PkBudg650,remind | SSP1-PkBudg650,<2.0 °C,2040,Chemicals,"('EF v3.1', 'human toxicity: non-carcinogenic', 'comparative toxic unit for human (CTUh)')","market for hydrogen, gaseous, low pressure, for chemicals",EUR,human toxicity: non-carcinogenic,comparative toxic unit for human (CTUh),CTUh,2.0636296687627625e-07,Human toxicity — non-cancer,available
ecoinvent-3.12-cutoff_remind-SSP1-PkBudg650_2040_06-2_full,remind,REMIND,SSP1-PkBudg650,REMIND — SSP1-PkBudg650,remind | SSP1-PkBudg650,<2.0 °C,2040,Chemicals,"('EF v3.1', 'ionising radiation: human health', 'human exposure efficiency relative to u235')","market for hydrogen, gaseous, low pressure, for chemicals",EUR,ionising radiation: human health,human exposure efficiency relative to u235,kBq U235-Eq,2.2196658276500454,Ionising radiation — human health,available
ecoinvent-3.12-cutoff_remind-SSP1-PkBudg650_2040_06-2_full,remind,REMIND,SSP1-PkBudg650,REMIND — SSP1-PkBudg650,remind | SSP1-PkBudg650,<2.0 °C,2040,Chemicals,"('EF v3.1', 'land use', 'soil quality index')","market for hydrogen, gaseous, low pressure, for chemicals",EUR,land use,soil quality index,dimensionless,77.86663638100119,Land use,available
ecoinvent-3.12-cutoff_remind-SSP1-PkBudg650_2040_06-2_full,remind,REMIND,SSP1-PkBudg650,REMIND — SSP1-PkBudg650,remind | SSP1-PkBudg650,<2.0 °C,2040,Chemicals,"('EF v3.1', 'material resources: metals/minerals', 'abiotic depletion potential (ADP): elements (ultimate reserves)')","market for hydrogen, gaseous, low pressure, for chemicals",EUR,material resources: metals/minerals,abiotic depletion potential (ADP): elements (ultimate reserves),kg Sb-Eq,0.00016316336556678628,Resource use — minerals and metals,available
ecoinvent-3.12-cutoff_remind-SSP1-PkBudg650_2040_06-2_full,remind,REMIND,SSP1-PkBudg650,REMIND — SSP1-PkBudg650,remind | SSP1-PkBudg650,<2.0 °C,2040,Chemicals,"('EF v3.1', 'ozone depletion', 'ozone depletion potential (ODP)')","market for hydrogen, gaseous, low pressure, for chemicals",EUR,ozone depletion,ozone depletion potential (ODP),kg CFC-11-Eq,1.807923013122544e-07,Ozone depletion,available
ecoinvent-3.12-cutoff_remind-SSP1-PkBudg650_2040_06-2_full,remind,REMIND,SSP1-PkBudg650,REMIND — SSP1-PkBudg650,remind | SSP1-PkBudg650,<2.0 °C,2040,Chemicals,"('EF v3.1', 'particulate matter formation', 'impact on human health')","market for hydrogen, gaseous, low pressure, for chemicals",EUR,particulate matter formation,impact on human health,disease incidence,1.5542759912227003e-07,Particulate matter,available
ecoinvent-3.12-cutoff_remind-SSP1-PkBudg650_2040_06-2_full,remind,REMIND,SSP1-PkBudg650,REMIND — SSP1-PkBudg650,remind | SSP1-PkBudg650,<2.0 °C,2040,Chemicals,"('EF v3.1', 'photochemical oxidant formation: human health', 'tropospheric ozone concentration increase')","market for hydrogen, gaseous, low pressure, for chemicals",EUR,photochemical oxidant formation: human health,tropospheric ozone concentration increase,kg NMVOC-Eq,0.01038701725576944,Photochemical ozone formation,available
ecoinvent-3.12-cutoff_remind-SSP1-PkBudg650_2040_06-2_full,remind,REMIND,SSP1-PkBudg650,REMIND — SSP1-PkBudg650,remind | SSP1-PkBudg650,<2.0 °C,2040,Chemicals,"('EF v3.1', 'water use', 'user deprivation potential (deprivation-weighted water consumption)')","market for hydrogen, gaseous, low pressure, for chemicals",EUR,water use,user deprivation potential (deprivation-weighted water consumption),m3 world Eq deprived,2.753585423434349,Water use,available
ecoinvent-3.12-cutoff_remind-SSP1-PkBudg650_2040_06-2_full,remind,REMIND,SSP1-PkBudg650,REMIND — SSP1-PkBudg650,remind | SSP1-PkBudg650,<2.0 °C,2040,Chemicals,"('IPCC 2021', 'climate change', 'GWP 100a, incl. H')","market for hydrogen, gaseous, low pressure, for chemicals",EUR,"climate change — GWP 100a, incl. H (premise_gwp)","GWP 100a, incl. H",kg CO2-Eq,0.9624915679235819,Climate change — premise GWP incl. H₂,available
ecoinvent-3.12-cutoff_remind-SSP1-PkBudg650_2040_06-2_full,remind,REMIND,SSP1-PkBudg650,REMIND — SSP1-PkBudg650,remind | SSP1-PkBudg650,<2.0 °C,2040,Steel,"('EF v3.1', 'acidification', 'accumulated exceedance (AE)')","market for hydrogen, gaseous, low pressure, for steel",EUR,acidification,accumulated exceedance (AE),mol H+-Eq,0.03040444905795467,Acidification,available
ecoinvent-3.12-cutoff_remind-SSP1-PkBudg650_2040_06-2_full,remind,REMIND,SSP1-PkBudg650,REMIND — SSP1-PkBudg650,remind | SSP1-PkBudg650,<2.0 °C,2040,Steel,"('EF v3.1', 'climate change', 'global warming potential (GWP100)')","market for hydrogen, gaseous, low pressure, for steel",EUR,climate change,global warming potential (GWP100),kg CO2-Eq,0.9334359102635457,Climate change — EF 3.1,available
ecoinvent-3.12-cutoff_remind-SSP1-PkBudg650_2040_06-2_full,remind,REMIND,SSP1-PkBudg650,REMIND — SSP1-PkBudg650,remind | SSP1-PkBudg650,<2.0 °C,2040,Steel,"('EF v3.1', 'ecotoxicity: freshwater', 'comparative toxic unit for ecosystems (CTUe)')","market for hydrogen, gaseous, low pressure, for steel",EUR,ecotoxicity: freshwater,comparative toxic unit for ecosystems (CTUe),CTUe,38.897411858900064,Ecotoxicity — freshwater,available
ecoinvent-3.12-cutoff_remind-SSP1-PkBudg650_2040_06-2_full,remind,REMIND,SSP1-PkBudg650,REMIND — SSP1-PkBudg650,remind | SSP1-PkBudg650,<2.0 °C,2040,Steel,"('EF v3.1', 'energy resources: non-renewable', 'abiotic depletion potential (ADP): fossil fuels')","market for hydrogen, gaseous, low pressure, for steel",EUR,energy resources: non-renewable,abiotic depletion potential (ADP): fossil fuels,"MJ, net calorific value",51.640235958791855,Resource use — energy carriers,available
ecoinvent-3.12-cutoff_remind-SSP1-PkBudg650_2040_06-2_full,remind,REMIND,SSP1-PkBudg650,REMIND — SSP1-PkBudg650,remind | SSP1-PkBudg650,<2.0 °C,2040,Steel,"('EF v3.1', 'eutrophication: freshwater', 'fraction of nutrients reaching freshwater end compartment (P)')","market for hydrogen, gaseous, low pressure, for steel",EUR,eutrophication: freshwater,fraction of nutrients reaching freshwater end compartment (P),kg P-Eq,0.0014643309247136696,Eutrophication — freshwater,available
ecoinvent-3.12-cutoff_remind-SSP1-PkBudg650_2040_06-2_full,remind,REMIND,SSP1-PkBudg650,REMIND — SSP1-PkBudg650,remind | SSP1-PkBudg650,<2.0 °C,2040,Steel,"('EF v3.1', 'eutrophication: marine', 'fraction of nutrients reaching marine end compartment (N)')","market for hydrogen, gaseous, low pressure, for steel",EUR,eutrophication: marine,fraction of nutrients reaching marine end compartment (N),kg N-Eq,0.0034909061550950356,Eutrophication — marine,available
ecoinvent-3.12-cutoff_remind-SSP1-PkBudg650_2040_06-2_full,remind,REMIND,SSP1-PkBudg650,REMIND — SSP1-PkBudg650,remind | SSP1-PkBudg650,<2.0 °C,2040,Steel,"('EF v3.1', 'eutrophication: terrestrial', 'accumulated exceedance (AE)')","market for hydrogen, gaseous, low pressure, for steel",EUR,eutrophication: terrestrial,accumulated exceedance (AE),mol N-Eq,0.042410852700115236,Eutrophication — terrestrial,available
ecoinvent-3.12-cutoff_remind-SSP1-PkBudg650_2040_06-2_full,remind,REMIND,SSP1-PkBudg650,REMIND — SSP1-PkBudg650,remind | SSP1-PkBudg650,<2.0 °C,2040,Steel,"('EF v3.1', 'human toxicity: carcinogenic', 'comparative toxic unit for human (CTUh)')","market for hydrogen, gaseous, low pressure, for steel",EUR,human toxicity: carcinogenic,comparative toxic unit for human (CTUh),CTUh,3.4638119931502762e-09,Human toxicity — cancer,available
ecoinvent-3.12-cutoff_remind-SSP1-PkBudg650_2040_06-2_full,remind,REMIND,SSP1-PkBudg650,REMIND — SSP1-PkBudg650,remind | SSP1-PkBudg650,<2.0 °C,2040,Steel,"('EF v3.1', 'human toxicity: non-carcinogenic', 'comparative toxic unit for human (CTUh)')","market for hydrogen, gaseous, low pressure, for steel",EUR,human toxicity: non-carcinogenic,comparative toxic unit for human (CTUh),CTUh,2.1852278257722948e-07,Human toxicity — non-cancer,available
ecoinvent-3.12-cutoff_remind-SSP1-PkBudg650_2040_06-2_full,remind,REMIND,SSP1-PkBudg650,REMIND — SSP1-PkBudg650,remind | SSP1-PkBudg650,<2.0 °C,2040,Steel,"('EF v3.1', 'ionising radiation: human health', 'human exposure efficiency relative to u235')","market for hydrogen, gaseous, low pressure, for steel",EUR,ionising radiation: human health,human exposure efficiency relative to u235,kBq U235-Eq,2.341784961341333,Ionising radiation — human health,available
ecoinvent-3.12-cutoff_remind-SSP1-PkBudg650_2040_06-2_full,remind,REMIND,SSP1-PkBudg650,REMIND — SSP1-PkBudg650,remind | SSP1-PkBudg650,<2.0 °C,2040,Steel,"('EF v3.1', 'land use', 'soil quality index')","market for hydrogen, gaseous, low pressure, for steel",EUR,land use,soil quality index,dimensionless,82.11999887266441,Land use,available
ecoinvent-3.12-cutoff_remind-SSP1-PkBudg650_2040_06-2_full,remind,REMIND,SSP1-PkBudg650,REMIND — SSP1-PkBudg650,remind | SSP1-PkBudg650,<2.0 °C,2040,Steel,"('EF v3.1', 'material resources: metals/minerals', 'abiotic depletion potential (ADP): elements (ultimate reserves)')","market for hydrogen, gaseous, low pressure, for steel",EUR,material resources: metals/minerals,abiotic depletion potential (ADP): elements (ultimate reserves),kg Sb-Eq,0.00017239820019291122,Resource use — minerals and metals,available
ecoinvent-3.12-cutoff_remind-SSP1-PkBudg650_2040_06-2_full,remind,REMIND,SSP1-PkBudg650,REMIND — SSP1-PkBudg650,remind | SSP1-PkBudg650,<2.0 °C,2040,Steel,"('EF v3.1', 'ozone depletion', 'ozone depletion potential (ODP)')","market for hydrogen, gaseous, low pressure, for steel",EUR,ozone depletion,ozone depletion potential (ODP),kg CFC-11-Eq,1.874161743423639e-07,Ozone depletion,available
ecoinvent-3.12-cutoff_remind-SSP1-PkBudg650_2040_06-2_full,remind,REMIND,SSP1-PkBudg650,REMIND — SSP1-PkBudg650,remind | SSP1-PkBudg650,<2.0 °C,2040,Steel,"('EF v3.1', 'particulate matter formation', 'impact on human health')","market for hydrogen, gaseous, low pressure, for steel",EUR,particulate matter formation,impact on human health,disease incidence,1.634252912429778e-07,Particulate matter,available
ecoinvent-3.12-cutoff_remind-SSP1-PkBudg650_2040_06-2_full,remind,REMIND,SSP1-PkBudg650,REMIND — SSP1-PkBudg650,remind | SSP1-PkBudg650,<2.0 °C,2040,Steel,"('EF v3.1', 'photochemical oxidant formation: human health', 'tropospheric ozone concentration increase')","market for hydrogen, gaseous, low pressure, for steel",EUR,photochemical oxidant formation: human health,tropospheric ozone concentration increase,kg NMVOC-Eq,0.01086452185500419,Photochemical ozone formation,available
ecoinvent-3.12-cutoff_remind-SSP1-PkBudg650_2040_06-2_full,remind,REMIND,SSP1-PkBudg650,REMIND — SSP1-PkBudg650,remind | SSP1-PkBudg650,<2.0 °C,2040,Steel,"('EF v3.1', 'water use', 'user deprivation potential (deprivation-weighted water consumption)')","market for hydrogen, gaseous, low pressure, for steel",EUR,water use,user deprivation potential (deprivation-weighted water consumption),m3 world Eq deprived,2.912292196902202,Water use,available
ecoinvent-3.12-cutoff_remind-SSP1-PkBudg650_2040_06-2_full,remind,REMIND,SSP1-PkBudg650,REMIND — SSP1-PkBudg650,remind | SSP1-PkBudg650,<2.0 °C,2040,Steel,"('IPCC 2021', 'climate change', 'GWP 100a, incl. H')","market for hydrogen, gaseous, low pressure, for steel",EUR,"climate change — GWP 100a, incl. H (premise_gwp)","GWP 100a, incl. H",kg CO2-Eq,1.0738211641331021,Climate change — premise GWP incl. H₂,available
ecoinvent-3.12-cutoff_remind-SSP1-PkBudg650_2040_06-2_full,remind,REMIND,SSP1-PkBudg650,REMIND — SSP1-PkBudg650,remind | SSP1-PkBudg650,<2.0 °C,2040,Cement,"('EF v3.1', 'acidification', 'accumulated exceedance (AE)')","market for hydrogen, gaseous, low pressure, for cement",EUR,acidification,accumulated exceedance (AE),mol H+-Eq,0.03040444905795468,Acidification,available
ecoinvent-3.12-cutoff_remind-SSP1-PkBudg650_2040_06-2_full,remind,REMIND,SSP1-PkBudg650,REMIND — SSP1-PkBudg650,remind | SSP1-PkBudg650,<2.0 °C,2040,Cement,"('EF v3.1', 'climate change', 'global warming potential (GWP100)')","market for hydrogen, gaseous, low pressure, for cement",EUR,climate change,global warming potential (GWP100),kg CO2-Eq,0.9334359102635457,Climate change — EF 3.1,available
ecoinvent-3.12-cutoff_remind-SSP1-PkBudg650_2040_06-2_full,remind,REMIND,SSP1-PkBudg650,REMIND — SSP1-PkBudg650,remind | SSP1-PkBudg650,<2.0 °C,2040,Cement,"('EF v3.1', 'ecotoxicity: freshwater', 'comparative toxic unit for ecosystems (CTUe)')","market for hydrogen, gaseous, low pressure, for cement",EUR,ecotoxicity: freshwater,comparative toxic unit for ecosystems (CTUe),CTUe,38.89741185890007,Ecotoxicity — freshwater,available
ecoinvent-3.12-cutoff_remind-SSP1-PkBudg650_2040_06-2_full,remind,REMIND,SSP1-PkBudg650,REMIND — SSP1-PkBudg650,remind | SSP1-PkBudg650,<2.0 °C,2040,Cement,"('EF v3.1', 'energy resources: non-renewable', 'abiotic depletion potential (ADP): fossil fuels')","market for hydrogen, gaseous, low pressure, for cement",EUR,energy resources: non-renewable,abiotic depletion potential (ADP): fossil fuels,"MJ, net calorific value",51.64023595879186,Resource use — energy carriers,available
ecoinvent-3.12-cutoff_remind-SSP1-PkBudg650_2040_06-2_full,remind,REMIND,SSP1-PkBudg650,REMIND — SSP1-PkBudg650,remind | SSP1-PkBudg650,<2.0 °C,2040,Cement,"('EF v3.1', 'eutrophication: freshwater', 'fraction of nutrients reaching freshwater end compartment (P)')","market for hydrogen, gaseous, low pressure, for cement",EUR,eutrophication: freshwater,fraction of nutrients reaching freshwater end compartment (P),kg P-Eq,0.0014643309247136696,Eutrophication — freshwater,available
ecoinvent-3.12-cutoff_remind-SSP1-PkBudg650_2040_06-2_full,remind,REMIND,SSP1-PkBudg650,REMIND — SSP1-PkBudg650,remind | SSP1-PkBudg650,<2.0 °C,2040,Cement,"('EF v3.1', 'eutrophication: marine', 'fraction of nutrients reaching marine end compartment (N)')","market for hydrogen, gaseous, low pressure, for cement",EUR,eutrophication: marine,fraction of nutrients reaching marine end compartment (N),kg N-Eq,0.0034909061550950386,Eutrophication — marine,available
ecoinvent-3.12-cutoff_remind-SSP1-PkBudg650_2040_06-2_full,remind,REMIND,SSP1-PkBudg650,REMIND — SSP1-PkBudg650,remind | SSP1-PkBudg650,<2.0 °C,2040,Cement,"('EF v3.1', 'eutrophication: terrestrial', 'accumulated exceedance (AE)')","market for hydrogen, gaseous, low pressure, for cement",EUR,eutrophication: terrestrial,accumulated exceedance (AE),mol N-Eq,0.04241085270011528,Eutrophication — terrestrial,available
ecoinvent-3.12-cutoff_remind-SSP1-PkBudg650_2040_06-2_full,remind,REMIND,SSP1-PkBudg650,REMIND — SSP1-PkBudg650,remind | SSP1-PkBudg650,<2.0 °C,2040,Cement,"('EF v3.1', 'human toxicity: carcinogenic', 'comparative toxic unit for human (CTUh)')","market for hydrogen, gaseous, low pressure, for cement",EUR,human toxicity: carcinogenic,comparative toxic unit for human (CTUh),CTUh,3.4638119931502762e-09,Human toxicity — cancer,available
ecoinvent-3.12-cutoff_remind-SSP1-PkBudg650_2040_06-2_full,remind,REMIND,SSP1-PkBudg650,REMIND — SSP1-PkBudg650,remind | SSP1-PkBudg650,<2.0 °C,2040,Cement,"('EF v3.1', 'human toxicity: non-carcinogenic', 'comparative toxic unit for human (CTUh)')","market for hydrogen, gaseous, low pressure, for cement",EUR,human toxicity: non-carcinogenic,comparative toxic unit for human (CTUh),CTUh,2.1852278257722946e-07,Human toxicity — non-cancer,available
ecoinvent-3.12-cutoff_remind-SSP1-PkBudg650_2040_06-2_full,remind,REMIND,SSP1-PkBudg650,REMIND — SSP1-PkBudg650,remind | SSP1-PkBudg650,<2.0 °C,2040,Cement,"('EF v3.1', 'ionising radiation: human health', 'human exposure efficiency relative to u235')","market for hydrogen, gaseous, low pressure, for cement",EUR,ionising radiation: human health,human exposure efficiency relative to u235,kBq U235-Eq,2.3417849613413333,Ionising radiation — human health,available
ecoinvent-3.12-cutoff_remind-SSP1-PkBudg650_2040_06-2_full,remind,REMIND,SSP1-PkBudg650,REMIND — SSP1-PkBudg650,remind | SSP1-PkBudg650,<2.0 °C,2040,Cement,"('EF v3.1', 'land use', 'soil quality index')","market for hydrogen, gaseous, low pressure, for cement",EUR,land use,soil quality index,dimensionless,82.11999887266441,Land use,available
ecoinvent-3.12-cutoff_remind-SSP1-PkBudg650_2040_06-2_full,remind,REMIND,SSP1-PkBudg650,REMIND — SSP1-PkBudg650,remind | SSP1-PkBudg650,<2.0 °C,2040,Cement,"('EF v3.1', 'material resources: metals/minerals', 'abiotic depletion potential (ADP): elements (ultimate reserves)')","market for hydrogen, gaseous, low pressure, for cement",EUR,material resources: metals/minerals,abiotic depletion potential (ADP): elements (ultimate reserves),kg Sb-Eq,0.00017239820019291125,Resource use — minerals and metals,available
ecoinvent-3.12-cutoff_remind-SSP1-PkBudg650_2040_06-2_full,remind,REMIND,SSP1-PkBudg650,REMIND — SSP1-PkBudg650,remind | SSP1-PkBudg650,<2.0 °C,2040,Cement,"('EF v3.1', 'ozone depletion', 'ozone depletion potential (ODP)')","market for hydrogen, gaseous, low pressure, for cement",EUR,ozone depletion,ozone depletion potential (ODP),kg CFC-11-Eq,1.8741617434236393e-07,Ozone depletion,available
ecoinvent-3.12-cutoff_remind-SSP1-PkBudg650_2040_06-2_full,remind,REMIND,SSP1-PkBudg650,REMIND — SSP1-PkBudg650,remind | SSP1-PkBudg650,<2.0 °C,2040,Cement,"('EF v3.1', 'particulate matter formation', 'impact on human health')","market for hydrogen, gaseous, low pressure, for cement",EUR,particulate matter formation,impact on human health,disease incidence,1.6342529124297788e-07,Particulate matter,available
ecoinvent-3.12-cutoff_remind-SSP1-PkBudg650_2040_06-2_full,remind,REMIND,SSP1-PkBudg650,REMIND — SSP1-PkBudg650,remind | SSP1-PkBudg650,<2.0 °C,2040,Cement,"('EF v3.1', 'photochemical oxidant formation: human health', 'tropospheric ozone concentration increase')","market for hydrogen, gaseous, low pressure, for cement",EUR,photochemical oxidant formation: human health,tropospheric ozone concentration increase,kg NMVOC-Eq,0.010864521855004198,Photochemical ozone formation,available
ecoinvent-3.12-cutoff_remind-SSP1-PkBudg650_2040_06-2_full,remind,REMIND,SSP1-PkBudg650,REMIND — SSP1-PkBudg650,remind | SSP1-PkBudg650,<2.0 °C,2040,Cement,"('EF v3.1', 'water use', 'user deprivation potential (deprivation-weighted water consumption)')","market for hydrogen, gaseous, low pressure, for cement",EUR,water use,user deprivation potential (deprivation-weighted water consumption),m3 world Eq deprived,2.912292196902203,Water use,available
ecoinvent-3.12-cutoff_remind-SSP1-PkBudg650_2040_06-2_full,remind,REMIND,SSP1-PkBudg650,REMIND — SSP1-PkBudg650,remind | SSP1-PkBudg650,<2.0 °C,2040,Cement,"('IPCC 2021', 'climate change', 'GWP 100a, incl. H')","market for hydrogen, gaseous, low pressure, for cement",EUR,"climate change — GWP 100a, incl. H (premise_gwp)","GWP 100a, incl. H",kg CO2-Eq,1.0738211641331024,Climate change — premise GWP incl. H₂,available
ecoinvent-3.12-cutoff_remind-SSP1-PkBudg650_2040_06-2_full,remind,REMIND,SSP1-PkBudg650,REMIND — SSP1-PkBudg650,remind | SSP1-PkBudg650,<2.0 °C,2040,Heating,"('EF v3.1', 'acidification', 'accumulated exceedance (AE)')",,,acidification,accumulated exceedance (AE),mol H+-Eq,,Acidification,NA — market not generated
ecoinvent-3.12-cutoff_remind-SSP1-PkBudg650_2040_06-2_full,remind,REMIND,SSP1-PkBudg650,REMIND — SSP1-PkBudg650,remind | SSP1-PkBudg650,<2.0 °C,2040,Heating,"('EF v3.1', 'climate change', 'global warming potential (GWP100)')",,,climate change,global warming potential (GWP100),kg CO2-Eq,,Climate change — EF 3.1,NA — market not generated
ecoinvent-3.12-cutoff_remind-SSP1-PkBudg650_2040_06-2_full,remind,REMIND,SSP1-PkBudg650,REMIND — SSP1-PkBudg650,remind | SSP1-PkBudg650,<2.0 °C,2040,Heating,"('EF v3.1', 'ecotoxicity: freshwater', 'comparative toxic unit for ecosystems (CTUe)')",,,ecotoxicity: freshwater,comparative toxic unit for ecosystems (CTUe),CTUe,,Ecotoxicity — freshwater,NA — market not generated
ecoinvent-3.12-cutoff_remind-SSP1-PkBudg650_2040_06-2_full,remind,REMIND,SSP1-PkBudg650,REMIND — SSP1-PkBudg650,remind | SSP1-PkBudg650,<2.0 °C,2040,Heating,"('EF v3.1', 'energy resources: non-renewable', 'abiotic depletion potential (ADP): fossil fuels')",,,energy resources: non-renewable,abiotic depletion potential (ADP): fossil fuels,"MJ, net calorific value",,Resource use — energy carriers,NA — market not generated
ecoinvent-3.12-cutoff_remind-SSP1-PkBudg650_2040_06-2_full,remind,REMIND,SSP1-PkBudg650,REMIND — SSP1-PkBudg650,remind | SSP1-PkBudg650,<2.0 °C,2040,Heating,"('EF v3.1', 'eutrophication: freshwater', 'fraction of nutrients reaching freshwater end compartment (P)')",,,eutrophication: freshwater,fraction of nutrients reaching freshwater end compartment (P),kg P-Eq,,Eutrophication — freshwater,NA — market not generated
ecoinvent-3.12-cutoff_remind-SSP1-PkBudg650_2040_06-2_full,remind,REMIND,SSP1-PkBudg650,REMIND — SSP1-PkBudg650,remind | SSP1-PkBudg650,<2.0 °C,2040,Heating,"('EF v3.1', 'eutrophication: marine', 'fraction of nutrients reaching marine end compartment (N)')",,,eutrophication: marine,fraction of nutrients reaching marine end compartment (N),kg N-Eq,,Eutrophication — marine,NA — market not generated
ecoinvent-3.12-cutoff_remind-SSP1-PkBudg650_2040_06-2_full,remind,REMIND,SSP1-PkBudg650,REMIND — SSP1-PkBudg650,remind | SSP1-PkBudg650,<2.0 °C,2040,Heating,"('EF v3.1', 'eutrophication: terrestrial', 'accumulated exceedance (AE)')",,,eutrophication: terrestrial,accumulated exceedance (AE),mol N-Eq,,Eutrophication — terrestrial,NA — market not generated
ecoinvent-3.12-cutoff_remind-SSP1-PkBudg650_2040_06-2_full,remind,REMIND,SSP1-PkBudg650,REMIND — SSP1-PkBudg650,remind | SSP1-PkBudg650,<2.0 °C,2040,Heating,"('EF v3.1', 'human toxicity: carcinogenic', 'comparative toxic unit for human (CTUh)')",,,human toxicity: carcinogenic,comparative toxic unit for human (CTUh),CTUh,,Human toxicity — cancer,NA — market not generated
ecoinvent-3.12-cutoff_remind-SSP1-PkBudg650_2040_06-2_full,remind,REMIND,SSP1-PkBudg650,REMIND — SSP1-PkBudg650,remind | SSP1-PkBudg650,<2.0 °C,2040,Heating,"('EF v3.1', 'human toxicity: non-carcinogenic', 'comparative toxic unit for human (CTUh)')",,,human toxicity: non-carcinogenic,comparative toxic unit for human (CTUh),CTUh,,Human toxicity — non-cancer,NA — market not generated
ecoinvent-3.12-cutoff_remind-SSP1-PkBudg650_2040_06-2_full,remind,REMIND,SSP1-PkBudg650,REMIND — SSP1-PkBudg650,remind | SSP1-PkBudg650,<2.0 °C,2040,Heating,"('EF v3.1', 'ionising radiation: human health', 'human exposure efficiency relative to u235')",,,ionising radiation: human health,human exposure efficiency relative to u235,kBq U235-Eq,,Ionising radiation — human health,NA — market not generated
ecoinvent-3.12-cutoff_remind-SSP1-PkBudg650_2040_06-2_full,remind,REMIND,SSP1-PkBudg650,REMIND — SSP1-PkBudg650,remind | SSP1-PkBudg650,<2.0 °C,2040,Heating,"('EF v3.1', 'land use', 'soil quality index')",,,land use,soil quality index,dimensionless,,Land use,NA — market not generated
ecoinvent-3.12-cutoff_remind-SSP1-PkBudg650_2040_06-2_full,remind,REMIND,SSP1-PkBudg650,REMIND — SSP1-PkBudg650,remind | SSP1-PkBudg650,<2.0 °C,2040,Heating,"('EF v3.1', 'material resources: metals/minerals', 'abiotic depletion potential (ADP): elements (ultimate reserves)')",,,material resources: metals/minerals,abiotic depletion potential (ADP): elements (ultimate reserves),kg Sb-Eq,,Resource use — minerals and metals,NA — market not generated
ecoinvent-3.12-cutoff_remind-SSP1-PkBudg650_2040_06-2_full,remind,REMIND,SSP1-PkBudg650,REMIND — SSP1-PkBudg650,remind | SSP1-PkBudg650,<2.0 °C,2040,Heating,"('EF v3.1', 'ozone depletion', 'ozone depletion potential (ODP)')",,,ozone depletion,ozone depletion potential (ODP),kg CFC-11-Eq,,Ozone depletion,NA — market not generated
ecoinvent-3.12-cutoff_remind-SSP1-PkBudg650_2040_06-2_full,remind,REMIND,SSP1-PkBudg650,REMIND — SSP1-PkBudg650,remind | SSP1-PkBudg650,<2.0 °C,2040,Heating,"('EF v3.1', 'particulate matter formation', 'impact on human health')",,,particulate matter formation,impact on human health,disease incidence,,Particulate matter,NA — market not generated
ecoinvent-3.12-cutoff_remind-SSP1-PkBudg650_2040_06-2_full,remind,REMIND,SSP1-PkBudg650,REMIND — SSP1-PkBudg650,remind | SSP1-PkBudg650,<2.0 °C,2040,Heating,"('EF v3.1', 'photochemical oxidant formation: human health', 'tropospheric ozone concentration increase')",,,photochemical oxidant formation: human health,tropospheric ozone concentration increase,kg NMVOC-Eq,,Photochemical ozone formation,NA — market not generated
ecoinvent-3.12-cutoff_remind-SSP1-PkBudg650_2040_06-2_full,remind,REMIND,SSP1-PkBudg650,REMIND — SSP1-PkBudg650,remind | SSP1-PkBudg650,<2.0 °C,2040,Heating,"('EF v3.1', 'water use', 'user deprivation potential (deprivation-weighted water consumption)')",,,water use,user deprivation potential (deprivation-weighted water consumption),m3 world Eq deprived,,Water use,NA — market not generated
ecoinvent-3.12-cutoff_remind-SSP1-PkBudg650_2040_06-2_full,remind,REMIND,SSP1-PkBudg650,REMIND — SSP1-PkBudg650,remind | SSP1-PkBudg650,<2.0 °C,2040,Heating,"('IPCC 2021', 'climate change', 'GWP 100a, incl. H')",,,"climate change — GWP 100a, incl. H (premise_gwp)","GWP 100a, incl. H",kg CO2-Eq,,Climate change — premise GWP incl. H₂,NA — market not generated
ecoinvent-3.12-cutoff_remind-SSP1-PkBudg650_2040_06-2_full,remind,REMIND,SSP1-PkBudg650,REMIND — SSP1-PkBudg650,remind | SSP1-PkBudg650,<2.0 °C,2040,Other end uses,"('EF v3.1', 'acidification', 'accumulated exceedance (AE)')","market for hydrogen, gaseous, low pressure, for other end uses",EUR,acidification,accumulated exceedance (AE),mol H+-Eq,0.03064119081163251,Acidification,available
ecoinvent-3.12-cutoff_remind-SSP1-PkBudg650_2040_06-2_full,remind,REMIND,SSP1-PkBudg650,REMIND — SSP1-PkBudg650,remind | SSP1-PkBudg650,<2.0 °C,2040,Other end uses,"('EF v3.1', 'climate change', 'global warming potential (GWP100)')","market for hydrogen, gaseous, low pressure, for other end uses",EUR,climate change,global warming potential (GWP100),kg CO2-Eq,0.9474098403104927,Climate change — EF 3.1,available
ecoinvent-3.12-cutoff_remind-SSP1-PkBudg650_2040_06-2_full,remind,REMIND,SSP1-PkBudg650,REMIND — SSP1-PkBudg650,remind | SSP1-PkBudg650,<2.0 °C,2040,Other end uses,"('EF v3.1', 'ecotoxicity: freshwater', 'comparative toxic unit for ecosystems (CTUe)')","market for hydrogen, gaseous, low pressure, for other end uses",EUR,ecotoxicity: freshwater,comparative toxic unit for ecosystems (CTUe),CTUe,39.25048297609383,Ecotoxicity — freshwater,available
ecoinvent-3.12-cutoff_remind-SSP1-PkBudg650_2040_06-2_full,remind,REMIND,SSP1-PkBudg650,REMIND — SSP1-PkBudg650,remind | SSP1-PkBudg650,<2.0 °C,2040,Other end uses,"('EF v3.1', 'energy resources: non-renewable', 'abiotic depletion potential (ADP): fossil fuels')","market for hydrogen, gaseous, low pressure, for other end uses",EUR,energy resources: non-renewable,abiotic depletion potential (ADP): fossil fuels,"MJ, net calorific value",52.095965938942534,Resource use — energy carriers,available
ecoinvent-3.12-cutoff_remind-SSP1-PkBudg650_2040_06-2_full,remind,REMIND,SSP1-PkBudg650,REMIND — SSP1-PkBudg650,remind | SSP1-PkBudg650,<2.0 °C,2040,Other end uses,"('EF v3.1', 'eutrophication: freshwater', 'fraction of nutrients reaching freshwater end compartment (P)')","market for hydrogen, gaseous, low pressure, for other end uses",EUR,eutrophication: freshwater,fraction of nutrients reaching freshwater end compartment (P),kg P-Eq,0.0014748053245555379,Eutrophication — freshwater,available
ecoinvent-3.12-cutoff_remind-SSP1-PkBudg650_2040_06-2_full,remind,REMIND,SSP1-PkBudg650,REMIND — SSP1-PkBudg650,remind | SSP1-PkBudg650,<2.0 °C,2040,Other end uses,"('EF v3.1', 'eutrophication: marine', 'fraction of nutrients reaching marine end compartment (N)')","market for hydrogen, gaseous, low pressure, for other end uses",EUR,eutrophication: marine,fraction of nutrients reaching marine end compartment (N),kg N-Eq,0.0035385980439168498,Eutrophication — marine,available
ecoinvent-3.12-cutoff_remind-SSP1-PkBudg650_2040_06-2_full,remind,REMIND,SSP1-PkBudg650,REMIND — SSP1-PkBudg650,remind | SSP1-PkBudg650,<2.0 °C,2040,Other end uses,"('EF v3.1', 'eutrophication: terrestrial', 'accumulated exceedance (AE)')","market for hydrogen, gaseous, low pressure, for other end uses",EUR,eutrophication: terrestrial,accumulated exceedance (AE),mol N-Eq,0.042919897012075145,Eutrophication — terrestrial,available
ecoinvent-3.12-cutoff_remind-SSP1-PkBudg650_2040_06-2_full,remind,REMIND,SSP1-PkBudg650,REMIND — SSP1-PkBudg650,remind | SSP1-PkBudg650,<2.0 °C,2040,Other end uses,"('EF v3.1', 'human toxicity: carcinogenic', 'comparative toxic unit for human (CTUh)')","market for hydrogen, gaseous, low pressure, for other end uses",EUR,human toxicity: carcinogenic,comparative toxic unit for human (CTUh),CTUh,3.4892685269259604e-09,Human toxicity — cancer,available
ecoinvent-3.12-cutoff_remind-SSP1-PkBudg650_2040_06-2_full,remind,REMIND,SSP1-PkBudg650,REMIND — SSP1-PkBudg650,remind | SSP1-PkBudg650,<2.0 °C,2040,Other end uses,"('EF v3.1', 'human toxicity: non-carcinogenic', 'comparative toxic unit for human (CTUh)')","market for hydrogen, gaseous, low pressure, for other end uses",EUR,human toxicity: non-carcinogenic,comparative toxic unit for human (CTUh),CTUh,2.202466857221992e-07,Human toxicity — non-cancer,available
ecoinvent-3.12-cutoff_remind-SSP1-PkBudg650_2040_06-2_full,remind,REMIND,SSP1-PkBudg650,REMIND — SSP1-PkBudg650,remind | SSP1-PkBudg650,<2.0 °C,2040,Other end uses,"('EF v3.1', 'ionising radiation: human health', 'human exposure efficiency relative to u235')","market for hydrogen, gaseous, low pressure, for other end uses",EUR,ionising radiation: human health,human exposure efficiency relative to u235,kBq U235-Eq,2.357008453739123,Ionising radiation — human health,available
ecoinvent-3.12-cutoff_remind-SSP1-PkBudg650_2040_06-2_full,remind,REMIND,SSP1-PkBudg650,REMIND — SSP1-PkBudg650,remind | SSP1-PkBudg650,<2.0 °C,2040,Other end uses,"('EF v3.1', 'land use', 'soil quality index')","market for hydrogen, gaseous, low pressure, for other end uses",EUR,land use,soil quality index,dimensionless,82.76454951240085,Land use,available
ecoinvent-3.12-cutoff_remind-SSP1-PkBudg650_2040_06-2_full,remind,REMIND,SSP1-PkBudg650,REMIND — SSP1-PkBudg650,remind | SSP1-PkBudg650,<2.0 °C,2040,Other end uses,"('EF v3.1', 'material resources: metals/minerals', 'abiotic depletion potential (ADP): elements (ultimate reserves)')","market for hydrogen, gaseous, low pressure, for other end uses",EUR,material resources: metals/minerals,abiotic depletion potential (ADP): elements (ultimate reserves),kg Sb-Eq,0.0001736421816245664,Resource use — minerals and metals,available
ecoinvent-3.12-cutoff_remind-SSP1-PkBudg650_2040_06-2_full,remind,REMIND,SSP1-PkBudg650,REMIND — SSP1-PkBudg650,remind | SSP1-PkBudg650,<2.0 °C,2040,Other end uses,"('EF v3.1', 'ozone depletion', 'ozone depletion potential (ODP)')","market for hydrogen, gaseous, low pressure, for other end uses",EUR,ozone depletion,ozone depletion potential (ODP),kg CFC-11-Eq,1.885666081573785e-07,Ozone depletion,available
ecoinvent-3.12-cutoff_remind-SSP1-PkBudg650_2040_06-2_full,remind,REMIND,SSP1-PkBudg650,REMIND — SSP1-PkBudg650,remind | SSP1-PkBudg650,<2.0 °C,2040,Other end uses,"('EF v3.1', 'particulate matter formation', 'impact on human health')","market for hydrogen, gaseous, low pressure, for other end uses",EUR,particulate matter formation,impact on human health,disease incidence,1.648361010953986e-07,Particulate matter,available
ecoinvent-3.12-cutoff_remind-SSP1-PkBudg650_2040_06-2_full,remind,REMIND,SSP1-PkBudg650,REMIND — SSP1-PkBudg650,remind | SSP1-PkBudg650,<2.0 °C,2040,Other end uses,"('EF v3.1', 'photochemical oxidant formation: human health', 'tropospheric ozone concentration increase')","market for hydrogen, gaseous, low pressure, for other end uses",EUR,photochemical oxidant formation: human health,tropospheric ozone concentration increase,kg NMVOC-Eq,0.010968520867028302,Photochemical ozone formation,available
ecoinvent-3.12-cutoff_remind-SSP1-PkBudg650_2040_06-2_full,remind,REMIND,SSP1-PkBudg650,REMIND — SSP1-PkBudg650,remind | SSP1-PkBudg650,<2.0 °C,2040,Other end uses,"('EF v3.1', 'water use', 'user deprivation potential (deprivation-weighted water consumption)')","market for hydrogen, gaseous, low pressure, for other end uses",EUR,water use,user deprivation potential (deprivation-weighted water consumption),m3 world Eq deprived,2.935022764088812,Water use,available
ecoinvent-3.12-cutoff_remind-SSP1-PkBudg650_2040_06-2_full,remind,REMIND,SSP1-PkBudg650,REMIND — SSP1-PkBudg650,remind | SSP1-PkBudg650,<2.0 °C,2040,Other end uses,"('IPCC 2021', 'climate change', 'GWP 100a, incl. H')","market for hydrogen, gaseous, low pressure, for other end uses",EUR,"climate change — GWP 100a, incl. H (premise_gwp)","GWP 100a, incl. H",kg CO2-Eq,1.086646004463547,Climate change — premise GWP incl. H₂,available
ecoinvent-3.12-cutoff_remind-SSP1-PkBudg650_2050_06-2_full,remind,REMIND,SSP1-PkBudg650,REMIND — SSP1-PkBudg650,remind | SSP1-PkBudg650,<2.0 °C,2050,Generic,"('EF v3.1', 'acidification', 'accumulated exceedance (AE)')","market for hydrogen, gaseous, low pressure",RER,acidification,accumulated exceedance (AE),mol H+-Eq,0.024634622818552106,Acidification,available
ecoinvent-3.12-cutoff_remind-SSP1-PkBudg650_2050_06-2_full,remind,REMIND,SSP1-PkBudg650,REMIND — SSP1-PkBudg650,remind | SSP1-PkBudg650,<2.0 °C,2050,Generic,"('EF v3.1', 'climate change', 'global warming potential (GWP100)')","market for hydrogen, gaseous, low pressure",RER,climate change,global warming potential (GWP100),kg CO2-Eq,0.6328238927845641,Climate change — EF 3.1,available
ecoinvent-3.12-cutoff_remind-SSP1-PkBudg650_2050_06-2_full,remind,REMIND,SSP1-PkBudg650,REMIND — SSP1-PkBudg650,remind | SSP1-PkBudg650,<2.0 °C,2050,Generic,"('EF v3.1', 'ecotoxicity: freshwater', 'comparative toxic unit for ecosystems (CTUe)')","market for hydrogen, gaseous, low pressure",RER,ecotoxicity: freshwater,comparative toxic unit for ecosystems (CTUe),CTUe,34.66479557542175,Ecotoxicity — freshwater,available
ecoinvent-3.12-cutoff_remind-SSP1-PkBudg650_2050_06-2_full,remind,REMIND,SSP1-PkBudg650,REMIND — SSP1-PkBudg650,remind | SSP1-PkBudg650,<2.0 °C,2050,Generic,"('EF v3.1', 'energy resources: non-renewable', 'abiotic depletion potential (ADP): fossil fuels')","market for hydrogen, gaseous, low pressure",RER,energy resources: non-renewable,abiotic depletion potential (ADP): fossil fuels,"MJ, net calorific value",16.00227483551272,Resource use — energy carriers,available
ecoinvent-3.12-cutoff_remind-SSP1-PkBudg650_2050_06-2_full,remind,REMIND,SSP1-PkBudg650,REMIND — SSP1-PkBudg650,remind | SSP1-PkBudg650,<2.0 °C,2050,Generic,"('EF v3.1', 'eutrophication: freshwater', 'fraction of nutrients reaching freshwater end compartment (P)')","market for hydrogen, gaseous, low pressure",RER,eutrophication: freshwater,fraction of nutrients reaching freshwater end compartment (P),kg P-Eq,0.0013047707153407296,Eutrophication — freshwater,available
ecoinvent-3.12-cutoff_remind-SSP1-PkBudg650_2050_06-2_full,remind,REMIND,SSP1-PkBudg650,REMIND — SSP1-PkBudg650,remind | SSP1-PkBudg650,<2.0 °C,2050,Generic,"('EF v3.1', 'eutrophication: marine', 'fraction of nutrients reaching marine end compartment (N)')","market for hydrogen, gaseous, low pressure",RER,eutrophication: marine,fraction of nutrients reaching marine end compartment (N),kg N-Eq,0.0023929924944878613,Eutrophication — marine,available
ecoinvent-3.12-cutoff_remind-SSP1-PkBudg650_2050_06-2_full,remind,REMIND,SSP1-PkBudg650,REMIND — SSP1-PkBudg650,remind | SSP1-PkBudg650,<2.0 °C,2050,Generic,"('EF v3.1', 'eutrophication: terrestrial', 'accumulated exceedance (AE)')","market for hydrogen, gaseous, low pressure",RER,eutrophication: terrestrial,accumulated exceedance (AE),mol N-Eq,0.027947978474398286,Eutrophication — terrestrial,available
ecoinvent-3.12-cutoff_remind-SSP1-PkBudg650_2050_06-2_full,remind,REMIND,SSP1-PkBudg650,REMIND — SSP1-PkBudg650,remind | SSP1-PkBudg650,<2.0 °C,2050,Generic,"('EF v3.1', 'human toxicity: carcinogenic', 'comparative toxic unit for human (CTUh)')","market for hydrogen, gaseous, low pressure",RER,human toxicity: carcinogenic,comparative toxic unit for human (CTUh),CTUh,3.1793233265426e-09,Human toxicity — cancer,available
ecoinvent-3.12-cutoff_remind-SSP1-PkBudg650_2050_06-2_full,remind,REMIND,SSP1-PkBudg650,REMIND — SSP1-PkBudg650,remind | SSP1-PkBudg650,<2.0 °C,2050,Generic,"('EF v3.1', 'human toxicity: non-carcinogenic', 'comparative toxic unit for human (CTUh)')","market for hydrogen, gaseous, low pressure",RER,human toxicity: non-carcinogenic,comparative toxic unit for human (CTUh),CTUh,2.0712325525793857e-07,Human toxicity — non-cancer,available
ecoinvent-3.12-cutoff_remind-SSP1-PkBudg650_2050_06-2_full,remind,REMIND,SSP1-PkBudg650,REMIND — SSP1-PkBudg650,remind | SSP1-PkBudg650,<2.0 °C,2050,Generic,"('EF v3.1', 'ionising radiation: human health', 'human exposure efficiency relative to u235')","market for hydrogen, gaseous, low pressure",RER,ionising radiation: human health,human exposure efficiency relative to u235,kBq U235-Eq,0.612342411860982,Ionising radiation — human health,available
ecoinvent-3.12-cutoff_remind-SSP1-PkBudg650_2050_06-2_full,remind,REMIND,SSP1-PkBudg650,REMIND — SSP1-PkBudg650,remind | SSP1-PkBudg650,<2.0 °C,2050,Generic,"('EF v3.1', 'land use', 'soil quality index')","market for hydrogen, gaseous, low pressure",RER,land use,soil quality index,dimensionless,70.96694538579378,Land use,available
ecoinvent-3.12-cutoff_remind-SSP1-PkBudg650_2050_06-2_full,remind,REMIND,SSP1-PkBudg650,REMIND — SSP1-PkBudg650,remind | SSP1-PkBudg650,<2.0 °C,2050,Generic,"('EF v3.1', 'material resources: metals/minerals', 'abiotic depletion potential (ADP): elements (ultimate reserves)')","market for hydrogen, gaseous, low pressure",RER,material resources: metals/minerals,abiotic depletion potential (ADP): elements (ultimate reserves),kg Sb-Eq,0.00015883223234358442,Resource use — minerals and metals,available
ecoinvent-3.12-cutoff_remind-SSP1-PkBudg650_2050_06-2_full,remind,REMIND,SSP1-PkBudg650,REMIND — SSP1-PkBudg650,remind | SSP1-PkBudg650,<2.0 °C,2050,Generic,"('EF v3.1', 'ozone depletion', 'ozone depletion potential (ODP)')","market for hydrogen, gaseous, low pressure",RER,ozone depletion,ozone depletion potential (ODP),kg CFC-11-Eq,1.6750182772849584e-07,Ozone depletion,available
ecoinvent-3.12-cutoff_remind-SSP1-PkBudg650_2050_06-2_full,remind,REMIND,SSP1-PkBudg650,REMIND — SSP1-PkBudg650,remind | SSP1-PkBudg650,<2.0 °C,2050,Generic,"('EF v3.1', 'particulate matter formation', 'impact on human health')","market for hydrogen, gaseous, low pressure",RER,particulate matter formation,impact on human health,disease incidence,1.1973000911407118e-07,Particulate matter,available
ecoinvent-3.12-cutoff_remind-SSP1-PkBudg650_2050_06-2_full,remind,REMIND,SSP1-PkBudg650,REMIND — SSP1-PkBudg650,remind | SSP1-PkBudg650,<2.0 °C,2050,Generic,"('EF v3.1', 'photochemical oxidant formation: human health', 'tropospheric ozone concentration increase')","market for hydrogen, gaseous, low pressure",RER,photochemical oxidant formation: human health,tropospheric ozone concentration increase,kg NMVOC-Eq,0.007565769125370887,Photochemical ozone formation,available
ecoinvent-3.12-cutoff_remind-SSP1-PkBudg650_2050_06-2_full,remind,REMIND,SSP1-PkBudg650,REMIND — SSP1-PkBudg650,remind | SSP1-PkBudg650,<2.0 °C,2050,Generic,"('EF v3.1', 'water use', 'user deprivation potential (deprivation-weighted water consumption)')","market for hydrogen, gaseous, low pressure",RER,water use,user deprivation potential (deprivation-weighted water consumption),m3 world Eq deprived,2.2552149782255912,Water use,available
ecoinvent-3.12-cutoff_remind-SSP1-PkBudg650_2050_06-2_full,remind,REMIND,SSP1-PkBudg650,REMIND — SSP1-PkBudg650,remind | SSP1-PkBudg650,<2.0 °C,2050,Generic,"('IPCC 2021', 'climate change', 'GWP 100a, incl. H')","market for hydrogen, gaseous, low pressure",RER,"climate change — GWP 100a, incl. H (premise_gwp)","GWP 100a, incl. H",kg CO2-Eq,0.7333686533590005,Climate change — premise GWP incl. H₂,available
ecoinvent-3.12-cutoff_remind-SSP1-PkBudg650_2050_06-2_full,remind,REMIND,SSP1-PkBudg650,REMIND — SSP1-PkBudg650,remind | SSP1-PkBudg650,<2.0 °C,2050,Transport,"('EF v3.1', 'acidification', 'accumulated exceedance (AE)')","market for hydrogen, gaseous, low pressure, for transport",EUR,acidification,accumulated exceedance (AE),mol H+-Eq,0.02597051083472827,Acidification,available
ecoinvent-3.12-cutoff_remind-SSP1-PkBudg650_2050_06-2_full,remind,REMIND,SSP1-PkBudg650,REMIND — SSP1-PkBudg650,remind | SSP1-PkBudg650,<2.0 °C,2050,Transport,"('EF v3.1', 'climate change', 'global warming potential (GWP100)')","market for hydrogen, gaseous, low pressure, for transport",EUR,climate change,global warming potential (GWP100),kg CO2-Eq,0.6812704159301917,Climate change — EF 3.1,available
ecoinvent-3.12-cutoff_remind-SSP1-PkBudg650_2050_06-2_full,remind,REMIND,SSP1-PkBudg650,REMIND — SSP1-PkBudg650,remind | SSP1-PkBudg650,<2.0 °C,2050,Transport,"('EF v3.1', 'ecotoxicity: freshwater', 'comparative toxic unit for ecosystems (CTUe)')","market for hydrogen, gaseous, low pressure, for transport",EUR,ecotoxicity: freshwater,comparative toxic unit for ecosystems (CTUe),CTUe,36.60380539222452,Ecotoxicity — freshwater,available
ecoinvent-3.12-cutoff_remind-SSP1-PkBudg650_2050_06-2_full,remind,REMIND,SSP1-PkBudg650,REMIND — SSP1-PkBudg650,remind | SSP1-PkBudg650,<2.0 °C,2050,Transport,"('EF v3.1', 'energy resources: non-renewable', 'abiotic depletion potential (ADP): fossil fuels')","market for hydrogen, gaseous, low pressure, for transport",EUR,energy resources: non-renewable,abiotic depletion potential (ADP): fossil fuels,"MJ, net calorific value",17.019546068573582,Resource use — energy carriers,available
ecoinvent-3.12-cutoff_remind-SSP1-PkBudg650_2050_06-2_full,remind,REMIND,SSP1-PkBudg650,REMIND — SSP1-PkBudg650,remind | SSP1-PkBudg650,<2.0 °C,2050,Transport,"('EF v3.1', 'eutrophication: freshwater', 'fraction of nutrients reaching freshwater end compartment (P)')","market for hydrogen, gaseous, low pressure, for transport",EUR,eutrophication: freshwater,fraction of nutrients reaching freshwater end compartment (P),kg P-Eq,0.0013785220282188277,Eutrophication — freshwater,available
ecoinvent-3.12-cutoff_remind-SSP1-PkBudg650_2050_06-2_full,remind,REMIND,SSP1-PkBudg650,REMIND — SSP1-PkBudg650,remind | SSP1-PkBudg650,<2.0 °C,2050,Transport,"('EF v3.1', 'eutrophication: marine', 'fraction of nutrients reaching marine end compartment (N)')","market for hydrogen, gaseous, low pressure, for transport",EUR,eutrophication: marine,fraction of nutrients reaching marine end compartment (N),kg N-Eq,0.002562248600532536,Eutrophication — marine,available
ecoinvent-3.12-cutoff_remind-SSP1-PkBudg650_2050_06-2_full,remind,REMIND,SSP1-PkBudg650,REMIND — SSP1-PkBudg650,remind | SSP1-PkBudg650,<2.0 °C,2050,Transport,"('EF v3.1', 'eutrophication: terrestrial', 'accumulated exceedance (AE)')","market for hydrogen, gaseous, low pressure, for transport",EUR,eutrophication: terrestrial,accumulated exceedance (AE),mol N-Eq,0.02975520995691286,Eutrophication — terrestrial,available
ecoinvent-3.12-cutoff_remind-SSP1-PkBudg650_2050_06-2_full,remind,REMIND,SSP1-PkBudg650,REMIND — SSP1-PkBudg650,remind | SSP1-PkBudg650,<2.0 °C,2050,Transport,"('EF v3.1', 'human toxicity: carcinogenic', 'comparative toxic unit for human (CTUh)')","market for hydrogen, gaseous, low pressure, for transport",EUR,human toxicity: carcinogenic,comparative toxic unit for human (CTUh),CTUh,3.361841567161653e-09,Human toxicity — cancer,available
ecoinvent-3.12-cutoff_remind-SSP1-PkBudg650_2050_06-2_full,remind,REMIND,SSP1-PkBudg650,REMIND — SSP1-PkBudg650,remind | SSP1-PkBudg650,<2.0 °C,2050,Transport,"('EF v3.1', 'human toxicity: non-carcinogenic', 'comparative toxic unit for human (CTUh)')","market for hydrogen, gaseous, low pressure, for transport",EUR,human toxicity: non-carcinogenic,comparative toxic unit for human (CTUh),CTUh,2.1923531380780414e-07,Human toxicity — non-cancer,available
ecoinvent-3.12-cutoff_remind-SSP1-PkBudg650_2050_06-2_full,remind,REMIND,SSP1-PkBudg650,REMIND — SSP1-PkBudg650,remind | SSP1-PkBudg650,<2.0 °C,2050,Transport,"('EF v3.1', 'ionising radiation: human health', 'human exposure efficiency relative to u235')","market for hydrogen, gaseous, low pressure, for transport",EUR,ionising radiation: human health,human exposure efficiency relative to u235,kBq U235-Eq,0.6450478768976355,Ionising radiation — human health,available
ecoinvent-3.12-cutoff_remind-SSP1-PkBudg650_2050_06-2_full,remind,REMIND,SSP1-PkBudg650,REMIND — SSP1-PkBudg650,remind | SSP1-PkBudg650,<2.0 °C,2050,Transport,"('EF v3.1', 'land use', 'soil quality index')","market for hydrogen, gaseous, low pressure, for transport",EUR,land use,soil quality index,dimensionless,74.98938767294038,Land use,available
ecoinvent-3.12-cutoff_remind-SSP1-PkBudg650_2050_06-2_full,remind,REMIND,SSP1-PkBudg650,REMIND — SSP1-PkBudg650,remind | SSP1-PkBudg650,<2.0 °C,2050,Transport,"('EF v3.1', 'material resources: metals/minerals', 'abiotic depletion potential (ADP): elements (ultimate reserves)')","market for hydrogen, gaseous, low pressure, for transport",EUR,material resources: metals/minerals,abiotic depletion potential (ADP): elements (ultimate reserves),kg Sb-Eq,0.00016765583623020816,Resource use — minerals and metals,available
ecoinvent-3.12-cutoff_remind-SSP1-PkBudg650_2050_06-2_full,remind,REMIND,SSP1-PkBudg650,REMIND — SSP1-PkBudg650,remind | SSP1-PkBudg650,<2.0 °C,2050,Transport,"('EF v3.1', 'ozone depletion', 'ozone depletion potential (ODP)')","market for hydrogen, gaseous, low pressure, for transport",EUR,ozone depletion,ozone depletion potential (ODP),kg CFC-11-Eq,1.734540505461465e-07,Ozone depletion,available
ecoinvent-3.12-cutoff_remind-SSP1-PkBudg650_2050_06-2_full,remind,REMIND,SSP1-PkBudg650,REMIND — SSP1-PkBudg650,remind | SSP1-PkBudg650,<2.0 °C,2050,Transport,"('EF v3.1', 'particulate matter formation', 'impact on human health')","market for hydrogen, gaseous, low pressure, for transport",EUR,particulate matter formation,impact on human health,disease incidence,1.2673494443709887e-07,Particulate matter,available
ecoinvent-3.12-cutoff_remind-SSP1-PkBudg650_2050_06-2_full,remind,REMIND,SSP1-PkBudg650,REMIND — SSP1-PkBudg650,remind | SSP1-PkBudg650,<2.0 °C,2050,Transport,"('EF v3.1', 'photochemical oxidant formation: human health', 'tropospheric ozone concentration increase')","market for hydrogen, gaseous, low pressure, for transport",EUR,photochemical oxidant formation: human health,tropospheric ozone concentration increase,kg NMVOC-Eq,0.007995875740043125,Photochemical ozone formation,available
ecoinvent-3.12-cutoff_remind-SSP1-PkBudg650_2050_06-2_full,remind,REMIND,SSP1-PkBudg650,REMIND — SSP1-PkBudg650,remind | SSP1-PkBudg650,<2.0 °C,2050,Transport,"('EF v3.1', 'water use', 'user deprivation potential (deprivation-weighted water consumption)')","market for hydrogen, gaseous, low pressure, for transport",EUR,water use,user deprivation potential (deprivation-weighted water consumption),m3 world Eq deprived,2.385521529017011,Water use,available
ecoinvent-3.12-cutoff_remind-SSP1-PkBudg650_2050_06-2_full,remind,REMIND,SSP1-PkBudg650,REMIND — SSP1-PkBudg650,remind | SSP1-PkBudg650,<2.0 °C,2050,Transport,"('IPCC 2021', 'climate change', 'GWP 100a, incl. H')","market for hydrogen, gaseous, low pressure, for transport",EUR,"climate change — GWP 100a, incl. H (premise_gwp)","GWP 100a, incl. H",kg CO2-Eq,0.817019954897125,Climate change — premise GWP incl. H₂,available
ecoinvent-3.12-cutoff_remind-SSP1-PkBudg650_2050_06-2_full,remind,REMIND,SSP1-PkBudg650,REMIND — SSP1-PkBudg650,remind | SSP1-PkBudg650,<2.0 °C,2050,Chemicals,"('EF v3.1', 'acidification', 'accumulated exceedance (AE)')","market for hydrogen, gaseous, low pressure, for chemicals",EUR,acidification,accumulated exceedance (AE),mol H+-Eq,0.024423477583420672,Acidification,available
ecoinvent-3.12-cutoff_remind-SSP1-PkBudg650_2050_06-2_full,remind,REMIND,SSP1-PkBudg650,REMIND — SSP1-PkBudg650,remind | SSP1-PkBudg650,<2.0 °C,2050,Chemicals,"('EF v3.1', 'climate change', 'global warming potential (GWP100)')","market for hydrogen, gaseous, low pressure, for chemicals",EUR,climate change,global warming potential (GWP100),kg CO2-Eq,0.6258526541427458,Climate change — EF 3.1,available
ecoinvent-3.12-cutoff_remind-SSP1-PkBudg650_2050_06-2_full,remind,REMIND,SSP1-PkBudg650,REMIND — SSP1-PkBudg650,remind | SSP1-PkBudg650,<2.0 °C,2050,Chemicals,"('EF v3.1', 'ecotoxicity: freshwater', 'comparative toxic unit for ecosystems (CTUe)')","market for hydrogen, gaseous, low pressure, for chemicals",EUR,ecotoxicity: freshwater,comparative toxic unit for ecosystems (CTUe),CTUe,34.355174922440874,Ecotoxicity — freshwater,available
ecoinvent-3.12-cutoff_remind-SSP1-PkBudg650_2050_06-2_full,remind,REMIND,SSP1-PkBudg650,REMIND — SSP1-PkBudg650,remind | SSP1-PkBudg650,<2.0 °C,2050,Chemicals,"('EF v3.1', 'energy resources: non-renewable', 'abiotic depletion potential (ADP): fossil fuels')","market for hydrogen, gaseous, low pressure, for chemicals",EUR,energy resources: non-renewable,abiotic depletion potential (ADP): fossil fuels,"MJ, net calorific value",15.842614399516014,Resource use — energy carriers,available
ecoinvent-3.12-cutoff_remind-SSP1-PkBudg650_2050_06-2_full,remind,REMIND,SSP1-PkBudg650,REMIND — SSP1-PkBudg650,remind | SSP1-PkBudg650,<2.0 °C,2050,Chemicals,"('EF v3.1', 'eutrophication: freshwater', 'fraction of nutrients reaching freshwater end compartment (P)')","market for hydrogen, gaseous, low pressure, for chemicals",EUR,eutrophication: freshwater,fraction of nutrients reaching freshwater end compartment (P),kg P-Eq,0.0012922376087901098,Eutrophication — freshwater,available
ecoinvent-3.12-cutoff_remind-SSP1-PkBudg650_2050_06-2_full,remind,REMIND,SSP1-PkBudg650,REMIND — SSP1-PkBudg650,remind | SSP1-PkBudg650,<2.0 °C,2050,Chemicals,"('EF v3.1', 'eutrophication: marine', 'fraction of nutrients reaching marine end compartment (N)')","market for hydrogen, gaseous, low pressure, for chemicals",EUR,eutrophication: marine,fraction of nutrients reaching marine end compartment (N),kg N-Eq,0.002373175645313327,Eutrophication — marine,available
ecoinvent-3.12-cutoff_remind-SSP1-PkBudg650_2050_06-2_full,remind,REMIND,SSP1-PkBudg650,REMIND — SSP1-PkBudg650,remind | SSP1-PkBudg650,<2.0 °C,2050,Chemicals,"('EF v3.1', 'eutrophication: terrestrial', 'accumulated exceedance (AE)')","market for hydrogen, gaseous, low pressure, for chemicals",EUR,eutrophication: terrestrial,accumulated exceedance (AE),mol N-Eq,0.02773700504398652,Eutrophication — terrestrial,available
ecoinvent-3.12-cutoff_remind-SSP1-PkBudg650_2050_06-2_full,remind,REMIND,SSP1-PkBudg650,REMIND — SSP1-PkBudg650,remind | SSP1-PkBudg650,<2.0 °C,2050,Chemicals,"('EF v3.1', 'human toxicity: carcinogenic', 'comparative toxic unit for human (CTUh)')","market for hydrogen, gaseous, low pressure, for chemicals",EUR,human toxicity: carcinogenic,comparative toxic unit for human (CTUh),CTUh,3.1470138661567373e-09,Human toxicity — cancer,available
ecoinvent-3.12-cutoff_remind-SSP1-PkBudg650_2050_06-2_full,remind,REMIND,SSP1-PkBudg650,REMIND — SSP1-PkBudg650,remind | SSP1-PkBudg650,<2.0 °C,2050,Chemicals,"('EF v3.1', 'human toxicity: non-carcinogenic', 'comparative toxic unit for human (CTUh)')","market for hydrogen, gaseous, low pressure, for chemicals",EUR,human toxicity: non-carcinogenic,comparative toxic unit for human (CTUh),CTUh,2.0505345895525316e-07,Human toxicity — non-cancer,available
ecoinvent-3.12-cutoff_remind-SSP1-PkBudg650_2050_06-2_full,remind,REMIND,SSP1-PkBudg650,REMIND — SSP1-PkBudg650,remind | SSP1-PkBudg650,<2.0 °C,2050,Chemicals,"('EF v3.1', 'ionising radiation: human health', 'human exposure efficiency relative to u235')","market for hydrogen, gaseous, low pressure, for chemicals",EUR,ionising radiation: human health,human exposure efficiency relative to u235,kBq U235-Eq,0.6062744608262013,Ionising radiation — human health,available
ecoinvent-3.12-cutoff_remind-SSP1-PkBudg650_2050_06-2_full,remind,REMIND,SSP1-PkBudg650,REMIND — SSP1-PkBudg650,remind | SSP1-PkBudg650,<2.0 °C,2050,Chemicals,"('EF v3.1', 'land use', 'soil quality index')","market for hydrogen, gaseous, low pressure, for chemicals",EUR,land use,soil quality index,dimensionless,70.2678504485345,Land use,available
ecoinvent-3.12-cutoff_remind-SSP1-PkBudg650_2050_06-2_full,remind,REMIND,SSP1-PkBudg650,REMIND — SSP1-PkBudg650,remind | SSP1-PkBudg650,<2.0 °C,2050,Chemicals,"('EF v3.1', 'material resources: metals/minerals', 'abiotic depletion potential (ADP): elements (ultimate reserves)')","market for hydrogen, gaseous, low pressure, for chemicals",EUR,material resources: metals/minerals,abiotic depletion potential (ADP): elements (ultimate reserves),kg Sb-Eq,0.00015724621860863837,Resource use — minerals and metals,available
ecoinvent-3.12-cutoff_remind-SSP1-PkBudg650_2050_06-2_full,remind,REMIND,SSP1-PkBudg650,REMIND — SSP1-PkBudg650,remind | SSP1-PkBudg650,<2.0 °C,2050,Chemicals,"('EF v3.1', 'ozone depletion', 'ozone depletion potential (ODP)')","market for hydrogen, gaseous, low pressure, for chemicals",EUR,ozone depletion,ozone depletion potential (ODP),kg CFC-11-Eq,1.6646629978326614e-07,Ozone depletion,available
ecoinvent-3.12-cutoff_remind-SSP1-PkBudg650_2050_06-2_full,remind,REMIND,SSP1-PkBudg650,REMIND — SSP1-PkBudg650,remind | SSP1-PkBudg650,<2.0 °C,2050,Chemicals,"('EF v3.1', 'particulate matter formation', 'impact on human health')","market for hydrogen, gaseous, low pressure, for chemicals",EUR,particulate matter formation,impact on human health,disease incidence,1.185563873024449e-07,Particulate matter,available
ecoinvent-3.12-cutoff_remind-SSP1-PkBudg650_2050_06-2_full,remind,REMIND,SSP1-PkBudg650,REMIND — SSP1-PkBudg650,remind | SSP1-PkBudg650,<2.0 °C,2050,Chemicals,"('EF v3.1', 'photochemical oxidant formation: human health', 'tropospheric ozone concentration increase')","market for hydrogen, gaseous, low pressure, for chemicals",EUR,photochemical oxidant formation: human health,tropospheric ozone concentration increase,kg NMVOC-Eq,0.0075044770784732425,Photochemical ozone formation,available
ecoinvent-3.12-cutoff_remind-SSP1-PkBudg650_2050_06-2_full,remind,REMIND,SSP1-PkBudg650,REMIND — SSP1-PkBudg650,remind | SSP1-PkBudg650,<2.0 °C,2050,Chemicals,"('EF v3.1', 'water use', 'user deprivation potential (deprivation-weighted water consumption)')","market for hydrogen, gaseous, low pressure, for chemicals",EUR,water use,user deprivation potential (deprivation-weighted water consumption),m3 world Eq deprived,2.2310887569250246,Water use,available
ecoinvent-3.12-cutoff_remind-SSP1-PkBudg650_2050_06-2_full,remind,REMIND,SSP1-PkBudg650,REMIND — SSP1-PkBudg650,remind | SSP1-PkBudg650,<2.0 °C,2050,Chemicals,"('IPCC 2021', 'climate change', 'GWP 100a, incl. H')","market for hydrogen, gaseous, low pressure, for chemicals",EUR,"climate change — GWP 100a, incl. H (premise_gwp)","GWP 100a, incl. H",kg CO2-Eq,0.7108391933267831,Climate change — premise GWP incl. H₂,available
ecoinvent-3.12-cutoff_remind-SSP1-PkBudg650_2050_06-2_full,remind,REMIND,SSP1-PkBudg650,REMIND — SSP1-PkBudg650,remind | SSP1-PkBudg650,<2.0 °C,2050,Steel,"('EF v3.1', 'acidification', 'accumulated exceedance (AE)')","market for hydrogen, gaseous, low pressure, for steel",EUR,acidification,accumulated exceedance (AE),mol H+-Eq,0.02573353175398867,Acidification,available
ecoinvent-3.12-cutoff_remind-SSP1-PkBudg650_2050_06-2_full,remind,REMIND,SSP1-PkBudg650,REMIND — SSP1-PkBudg650,remind | SSP1-PkBudg650,<2.0 °C,2050,Steel,"('EF v3.1', 'climate change', 'global warming potential (GWP100)')","market for hydrogen, gaseous, low pressure, for steel",EUR,climate change,global warming potential (GWP100),kg CO2-Eq,0.6707665096144013,Climate change — EF 3.1,available
ecoinvent-3.12-cutoff_remind-SSP1-PkBudg650_2050_06-2_full,remind,REMIND,SSP1-PkBudg650,REMIND — SSP1-PkBudg650,remind | SSP1-PkBudg650,<2.0 °C,2050,Steel,"('EF v3.1', 'ecotoxicity: freshwater', 'comparative toxic unit for ecosystems (CTUe)')","market for hydrogen, gaseous, low pressure, for steel",EUR,ecotoxicity: freshwater,comparative toxic unit for ecosystems (CTUe),CTUe,36.25432678207321,Ecotoxicity — freshwater,available
ecoinvent-3.12-cutoff_remind-SSP1-PkBudg650_2050_06-2_full,remind,REMIND,SSP1-PkBudg650,REMIND — SSP1-PkBudg650,remind | SSP1-PkBudg650,<2.0 °C,2050,Steel,"('EF v3.1', 'energy resources: non-renewable', 'abiotic depletion potential (ADP): fossil fuels')","market for hydrogen, gaseous, low pressure, for steel",EUR,energy resources: non-renewable,abiotic depletion potential (ADP): fossil fuels,"MJ, net calorific value",16.82719822609924,Resource use — energy carriers,available
ecoinvent-3.12-cutoff_remind-SSP1-PkBudg650_2050_06-2_full,remind,REMIND,SSP1-PkBudg650,REMIND — SSP1-PkBudg650,remind | SSP1-PkBudg650,<2.0 °C,2050,Steel,"('EF v3.1', 'eutrophication: freshwater', 'fraction of nutrients reaching freshwater end compartment (P)')","market for hydrogen, gaseous, low pressure, for steel",EUR,eutrophication: freshwater,fraction of nutrients reaching freshwater end compartment (P),kg P-Eq,0.0013674983737085038,Eutrophication — freshwater,available
ecoinvent-3.12-cutoff_remind-SSP1-PkBudg650_2050_06-2_full,remind,REMIND,SSP1-PkBudg650,REMIND — SSP1-PkBudg650,remind | SSP1-PkBudg650,<2.0 °C,2050,Steel,"('EF v3.1', 'eutrophication: marine', 'fraction of nutrients reaching marine end compartment (N)')","market for hydrogen, gaseous, low pressure, for steel",EUR,eutrophication: marine,fraction of nutrients reaching marine end compartment (N),kg N-Eq,0.002517490393129887,Eutrophication — marine,available
ecoinvent-3.12-cutoff_remind-SSP1-PkBudg650_2050_06-2_full,remind,REMIND,SSP1-PkBudg650,REMIND — SSP1-PkBudg650,remind | SSP1-PkBudg650,<2.0 °C,2050,Steel,"('EF v3.1', 'eutrophication: terrestrial', 'accumulated exceedance (AE)')","market for hydrogen, gaseous, low pressure, for steel",EUR,eutrophication: terrestrial,accumulated exceedance (AE),mol N-Eq,0.02927733270477492,Eutrophication — terrestrial,available
ecoinvent-3.12-cutoff_remind-SSP1-PkBudg650_2050_06-2_full,remind,REMIND,SSP1-PkBudg650,REMIND — SSP1-PkBudg650,remind | SSP1-PkBudg650,<2.0 °C,2050,Steel,"('EF v3.1', 'human toxicity: carcinogenic', 'comparative toxic unit for human (CTUh)')","market for hydrogen, gaseous, low pressure, for steel",EUR,human toxicity: carcinogenic,comparative toxic unit for human (CTUh),CTUh,3.335117430616883e-09,Human toxicity — cancer,available
ecoinvent-3.12-cutoff_remind-SSP1-PkBudg650_2050_06-2_full,remind,REMIND,SSP1-PkBudg650,REMIND — SSP1-PkBudg650,remind | SSP1-PkBudg650,<2.0 °C,2050,Steel,"('EF v3.1', 'human toxicity: non-carcinogenic', 'comparative toxic unit for human (CTUh)')","market for hydrogen, gaseous, low pressure, for steel",EUR,human toxicity: non-carcinogenic,comparative toxic unit for human (CTUh),CTUh,2.1743866089890512e-07,Human toxicity — non-cancer,available
ecoinvent-3.12-cutoff_remind-SSP1-PkBudg650_2050_06-2_full,remind,REMIND,SSP1-PkBudg650,REMIND — SSP1-PkBudg650,remind | SSP1-PkBudg650,<2.0 °C,2050,Steel,"('EF v3.1', 'ionising radiation: human health', 'human exposure efficiency relative to u235')","market for hydrogen, gaseous, low pressure, for steel",EUR,ionising radiation: human health,human exposure efficiency relative to u235,kBq U235-Eq,0.6405728097397388,Ionising radiation — human health,available
ecoinvent-3.12-cutoff_remind-SSP1-PkBudg650_2050_06-2_full,remind,REMIND,SSP1-PkBudg650,REMIND — SSP1-PkBudg650,remind | SSP1-PkBudg650,<2.0 °C,2050,Steel,"('EF v3.1', 'land use', 'soil quality index')","market for hydrogen, gaseous, low pressure, for steel",EUR,land use,soil quality index,dimensionless,74.34669852666676,Land use,available
ecoinvent-3.12-cutoff_remind-SSP1-PkBudg650_2050_06-2_full,remind,REMIND,SSP1-PkBudg650,REMIND — SSP1-PkBudg650,remind | SSP1-PkBudg650,<2.0 °C,2050,Steel,"('EF v3.1', 'material resources: metals/minerals', 'abiotic depletion potential (ADP): elements (ultimate reserves)')","market for hydrogen, gaseous, low pressure, for steel",EUR,material resources: metals/minerals,abiotic depletion potential (ADP): elements (ultimate reserves),kg Sb-Eq,0.0001663869942262163,Resource use — minerals and metals,available
ecoinvent-3.12-cutoff_remind-SSP1-PkBudg650_2050_06-2_full,remind,REMIND,SSP1-PkBudg650,REMIND — SSP1-PkBudg650,remind | SSP1-PkBudg650,<2.0 °C,2050,Steel,"('EF v3.1', 'ozone depletion', 'ozone depletion potential (ODP)')","market for hydrogen, gaseous, low pressure, for steel",EUR,ozone depletion,ozone depletion potential (ODP),kg CFC-11-Eq,1.724207649795425e-07,Ozone depletion,available
ecoinvent-3.12-cutoff_remind-SSP1-PkBudg650_2050_06-2_full,remind,REMIND,SSP1-PkBudg650,REMIND — SSP1-PkBudg650,remind | SSP1-PkBudg650,<2.0 °C,2050,Steel,"('EF v3.1', 'particulate matter formation', 'impact on human health')","market for hydrogen, gaseous, low pressure, for steel",EUR,particulate matter formation,impact on human health,disease incidence,1.2541218108897036e-07,Particulate matter,available
ecoinvent-3.12-cutoff_remind-SSP1-PkBudg650_2050_06-2_full,remind,REMIND,SSP1-PkBudg650,REMIND — SSP1-PkBudg650,remind | SSP1-PkBudg650,<2.0 °C,2050,Steel,"('EF v3.1', 'photochemical oxidant formation: human health', 'tropospheric ozone concentration increase')","market for hydrogen, gaseous, low pressure, for steel",EUR,photochemical oxidant formation: human health,tropospheric ozone concentration increase,kg NMVOC-Eq,0.00790280919587534,Photochemical ozone formation,available
ecoinvent-3.12-cutoff_remind-SSP1-PkBudg650_2050_06-2_full,remind,REMIND,SSP1-PkBudg650,REMIND — SSP1-PkBudg650,remind | SSP1-PkBudg650,<2.0 °C,2050,Steel,"('EF v3.1', 'water use', 'user deprivation potential (deprivation-weighted water consumption)')","market for hydrogen, gaseous, low pressure, for steel",EUR,water use,user deprivation potential (deprivation-weighted water consumption),m3 world Eq deprived,2.365296857665875,Water use,available
ecoinvent-3.12-cutoff_remind-SSP1-PkBudg650_2050_06-2_full,remind,REMIND,SSP1-PkBudg650,REMIND — SSP1-PkBudg650,remind | SSP1-PkBudg650,<2.0 °C,2050,Steel,"('IPCC 2021', 'climate change', 'GWP 100a, incl. H')","market for hydrogen, gaseous, low pressure, for steel",EUR,"climate change — GWP 100a, incl. H (premise_gwp)","GWP 100a, incl. H",kg CO2-Eq,0.8076366532482051,Climate change — premise GWP incl. H₂,available
ecoinvent-3.12-cutoff_remind-SSP1-PkBudg650_2050_06-2_full,remind,REMIND,SSP1-PkBudg650,REMIND — SSP1-PkBudg650,remind | SSP1-PkBudg650,<2.0 °C,2050,Cement,"('EF v3.1', 'acidification', 'accumulated exceedance (AE)')","market for hydrogen, gaseous, low pressure, for cement",EUR,acidification,accumulated exceedance (AE),mol H+-Eq,0.02573353175398867,Acidification,available
ecoinvent-3.12-cutoff_remind-SSP1-PkBudg650_2050_06-2_full,remind,REMIND,SSP1-PkBudg650,REMIND — SSP1-PkBudg650,remind | SSP1-PkBudg650,<2.0 °C,2050,Cement,"('EF v3.1', 'climate change', 'global warming potential (GWP100)')","market for hydrogen, gaseous, low pressure, for cement",EUR,climate change,global warming potential (GWP100),kg CO2-Eq,0.6707665096144013,Climate change — EF 3.1,available
ecoinvent-3.12-cutoff_remind-SSP1-PkBudg650_2050_06-2_full,remind,REMIND,SSP1-PkBudg650,REMIND — SSP1-PkBudg650,remind | SSP1-PkBudg650,<2.0 °C,2050,Cement,"('EF v3.1', 'ecotoxicity: freshwater', 'comparative toxic unit for ecosystems (CTUe)')","market for hydrogen, gaseous, low pressure, for cement",EUR,ecotoxicity: freshwater,comparative toxic unit for ecosystems (CTUe),CTUe,36.25432678207321,Ecotoxicity — freshwater,available
ecoinvent-3.12-cutoff_remind-SSP1-PkBudg650_2050_06-2_full,remind,REMIND,SSP1-PkBudg650,REMIND — SSP1-PkBudg650,remind | SSP1-PkBudg650,<2.0 °C,2050,Cement,"('EF v3.1', 'energy resources: non-renewable', 'abiotic depletion potential (ADP): fossil fuels')","market for hydrogen, gaseous, low pressure, for cement",EUR,energy resources: non-renewable,abiotic depletion potential (ADP): fossil fuels,"MJ, net calorific value",16.82719822609924,Resource use — energy carriers,available
ecoinvent-3.12-cutoff_remind-SSP1-PkBudg650_2050_06-2_full,remind,REMIND,SSP1-PkBudg650,REMIND — SSP1-PkBudg650,remind | SSP1-PkBudg650,<2.0 °C,2050,Cement,"('EF v3.1', 'eutrophication: freshwater', 'fraction of nutrients reaching freshwater end compartment (P)')","market for hydrogen, gaseous, low pressure, for cement",EUR,eutrophication: freshwater,fraction of nutrients reaching freshwater end compartment (P),kg P-Eq,0.0013674983737085038,Eutrophication — freshwater,available
ecoinvent-3.12-cutoff_remind-SSP1-PkBudg650_2050_06-2_full,remind,REMIND,SSP1-PkBudg650,REMIND — SSP1-PkBudg650,remind | SSP1-PkBudg650,<2.0 °C,2050,Cement,"('EF v3.1', 'eutrophication: marine', 'fraction of nutrients reaching marine end compartment (N)')","market for hydrogen, gaseous, low pressure, for cement",EUR,eutrophication: marine,fraction of nutrients reaching marine end compartment (N),kg N-Eq,0.002517490393129887,Eutrophication — marine,available
ecoinvent-3.12-cutoff_remind-SSP1-PkBudg650_2050_06-2_full,remind,REMIND,SSP1-PkBudg650,REMIND — SSP1-PkBudg650,remind | SSP1-PkBudg650,<2.0 °C,2050,Cement,"('EF v3.1', 'eutrophication: terrestrial', 'accumulated exceedance (AE)')","market for hydrogen, gaseous, low pressure, for cement",EUR,eutrophication: terrestrial,accumulated exceedance (AE),mol N-Eq,0.02927733270477492,Eutrophication — terrestrial,available
ecoinvent-3.12-cutoff_remind-SSP1-PkBudg650_2050_06-2_full,remind,REMIND,SSP1-PkBudg650,REMIND — SSP1-PkBudg650,remind | SSP1-PkBudg650,<2.0 °C,2050,Cement,"('EF v3.1', 'human toxicity: carcinogenic', 'comparative toxic unit for human (CTUh)')","market for hydrogen, gaseous, low pressure, for cement",EUR,human toxicity: carcinogenic,comparative toxic unit for human (CTUh),CTUh,3.335117430616883e-09,Human toxicity — cancer,available
ecoinvent-3.12-cutoff_remind-SSP1-PkBudg650_2050_06-2_full,remind,REMIND,SSP1-PkBudg650,REMIND — SSP1-PkBudg650,remind | SSP1-PkBudg650,<2.0 °C,2050,Cement,"('EF v3.1', 'human toxicity: non-carcinogenic', 'comparative toxic unit for human (CTUh)')","market for hydrogen, gaseous, low pressure, for cement",EUR,human toxicity: non-carcinogenic,comparative toxic unit for human (CTUh),CTUh,2.1743866089890512e-07,Human toxicity — non-cancer,available
ecoinvent-3.12-cutoff_remind-SSP1-PkBudg650_2050_06-2_full,remind,REMIND,SSP1-PkBudg650,REMIND — SSP1-PkBudg650,remind | SSP1-PkBudg650,<2.0 °C,2050,Cement,"('EF v3.1', 'ionising radiation: human health', 'human exposure efficiency relative to u235')","market for hydrogen, gaseous, low pressure, for cement",EUR,ionising radiation: human health,human exposure efficiency relative to u235,kBq U235-Eq,0.6405728097397388,Ionising radiation — human health,available
ecoinvent-3.12-cutoff_remind-SSP1-PkBudg650_2050_06-2_full,remind,REMIND,SSP1-PkBudg650,REMIND — SSP1-PkBudg650,remind | SSP1-PkBudg650,<2.0 °C,2050,Cement,"('EF v3.1', 'land use', 'soil quality index')","market for hydrogen, gaseous, low pressure, for cement",EUR,land use,soil quality index,dimensionless,74.34669852666676,Land use,available
ecoinvent-3.12-cutoff_remind-SSP1-PkBudg650_2050_06-2_full,remind,REMIND,SSP1-PkBudg650,REMIND — SSP1-PkBudg650,remind | SSP1-PkBudg650,<2.0 °C,2050,Cement,"('EF v3.1', 'material resources: metals/minerals', 'abiotic depletion potential (ADP): elements (ultimate reserves)')","market for hydrogen, gaseous, low pressure, for cement",EUR,material resources: metals/minerals,abiotic depletion potential (ADP): elements (ultimate reserves),kg Sb-Eq,0.0001663869942262163,Resource use — minerals and metals,available
ecoinvent-3.12-cutoff_remind-SSP1-PkBudg650_2050_06-2_full,remind,REMIND,SSP1-PkBudg650,REMIND — SSP1-PkBudg650,remind | SSP1-PkBudg650,<2.0 °C,2050,Cement,"('EF v3.1', 'ozone depletion', 'ozone depletion potential (ODP)')","market for hydrogen, gaseous, low pressure, for cement",EUR,ozone depletion,ozone depletion potential (ODP),kg CFC-11-Eq,1.724207649795425e-07,Ozone depletion,available
ecoinvent-3.12-cutoff_remind-SSP1-PkBudg650_2050_06-2_full,remind,REMIND,SSP1-PkBudg650,REMIND — SSP1-PkBudg650,remind | SSP1-PkBudg650,<2.0 °C,2050,Cement,"('EF v3.1', 'particulate matter formation', 'impact on human health')","market for hydrogen, gaseous, low pressure, for cement",EUR,particulate matter formation,impact on human health,disease incidence,1.2541218108897036e-07,Particulate matter,available
ecoinvent-3.12-cutoff_remind-SSP1-PkBudg650_2050_06-2_full,remind,REMIND,SSP1-PkBudg650,REMIND — SSP1-PkBudg650,remind | SSP1-PkBudg650,<2.0 °C,2050,Cement,"('EF v3.1', 'photochemical oxidant formation: human health', 'tropospheric ozone concentration increase')","market for hydrogen, gaseous, low pressure, for cement",EUR,photochemical oxidant formation: human health,tropospheric ozone concentration increase,kg NMVOC-Eq,0.00790280919587534,Photochemical ozone formation,available
ecoinvent-3.12-cutoff_remind-SSP1-PkBudg650_2050_06-2_full,remind,REMIND,SSP1-PkBudg650,REMIND — SSP1-PkBudg650,remind | SSP1-PkBudg650,<2.0 °C,2050,Cement,"('EF v3.1', 'water use', 'user deprivation potential (deprivation-weighted water consumption)')","market for hydrogen, gaseous, low pressure, for cement",EUR,water use,user deprivation potential (deprivation-weighted water consumption),m3 world Eq deprived,2.365296857665875,Water use,available
ecoinvent-3.12-cutoff_remind-SSP1-PkBudg650_2050_06-2_full,remind,REMIND,SSP1-PkBudg650,REMIND — SSP1-PkBudg650,remind | SSP1-PkBudg650,<2.0 °C,2050,Cement,"('IPCC 2021', 'climate change', 'GWP 100a, incl. H')","market for hydrogen, gaseous, low pressure, for cement",EUR,"climate change — GWP 100a, incl. H (premise_gwp)","GWP 100a, incl. H",kg CO2-Eq,0.8076366532482051,Climate change — premise GWP incl. H₂,available
ecoinvent-3.12-cutoff_remind-SSP1-PkBudg650_2050_06-2_full,remind,REMIND,SSP1-PkBudg650,REMIND — SSP1-PkBudg650,remind | SSP1-PkBudg650,<2.0 °C,2050,Heating,"('EF v3.1', 'acidification', 'accumulated exceedance (AE)')",,,acidification,accumulated exceedance (AE),mol H+-Eq,,Acidification,NA — market not generated
ecoinvent-3.12-cutoff_remind-SSP1-PkBudg650_2050_06-2_full,remind,REMIND,SSP1-PkBudg650,REMIND — SSP1-PkBudg650,remind | SSP1-PkBudg650,<2.0 °C,2050,Heating,"('EF v3.1', 'climate change', 'global warming potential (GWP100)')",,,climate change,global warming potential (GWP100),kg CO2-Eq,,Climate change — EF 3.1,NA — market not generated
ecoinvent-3.12-cutoff_remind-SSP1-PkBudg650_2050_06-2_full,remind,REMIND,SSP1-PkBudg650,REMIND — SSP1-PkBudg650,remind | SSP1-PkBudg650,<2.0 °C,2050,Heating,"('EF v3.1', 'ecotoxicity: freshwater', 'comparative toxic unit for ecosystems (CTUe)')",,,ecotoxicity: freshwater,comparative toxic unit for ecosystems (CTUe),CTUe,,Ecotoxicity — freshwater,NA — market not generated
ecoinvent-3.12-cutoff_remind-SSP1-PkBudg650_2050_06-2_full,remind,REMIND,SSP1-PkBudg650,REMIND — SSP1-PkBudg650,remind | SSP1-PkBudg650,<2.0 °C,2050,Heating,"('EF v3.1', 'energy resources: non-renewable', 'abiotic depletion potential (ADP): fossil fuels')",,,energy resources: non-renewable,abiotic depletion potential (ADP): fossil fuels,"MJ, net calorific value",,Resource use — energy carriers,NA — market not generated
ecoinvent-3.12-cutoff_remind-SSP1-PkBudg650_2050_06-2_full,remind,REMIND,SSP1-PkBudg650,REMIND — SSP1-PkBudg650,remind | SSP1-PkBudg650,<2.0 °C,2050,Heating,"('EF v3.1', 'eutrophication: freshwater', 'fraction of nutrients reaching freshwater end compartment (P)')",,,eutrophication: freshwater,fraction of nutrients reaching freshwater end compartment (P),kg P-Eq,,Eutrophication — freshwater,NA — market not generated
ecoinvent-3.12-cutoff_remind-SSP1-PkBudg650_2050_06-2_full,remind,REMIND,SSP1-PkBudg650,REMIND — SSP1-PkBudg650,remind | SSP1-PkBudg650,<2.0 °C,2050,Heating,"('EF v3.1', 'eutrophication: marine', 'fraction of nutrients reaching marine end compartment (N)')",,,eutrophication: marine,fraction of nutrients reaching marine end compartment (N),kg N-Eq,,Eutrophication — marine,NA — market not generated
ecoinvent-3.12-cutoff_remind-SSP1-PkBudg650_2050_06-2_full,remind,REMIND,SSP1-PkBudg650,REMIND — SSP1-PkBudg650,remind | SSP1-PkBudg650,<2.0 °C,2050,Heating,"('EF v3.1', 'eutrophication: terrestrial', 'accumulated exceedance (AE)')",,,eutrophication: terrestrial,accumulated exceedance (AE),mol N-Eq,,Eutrophication — terrestrial,NA — market not generated
ecoinvent-3.12-cutoff_remind-SSP1-PkBudg650_2050_06-2_full,remind,REMIND,SSP1-PkBudg650,REMIND — SSP1-PkBudg650,remind | SSP1-PkBudg650,<2.0 °C,2050,Heating,"('EF v3.1', 'human toxicity: carcinogenic', 'comparative toxic unit for human (CTUh)')",,,human toxicity: carcinogenic,comparative toxic unit for human (CTUh),CTUh,,Human toxicity — cancer,NA — market not generated
ecoinvent-3.12-cutoff_remind-SSP1-PkBudg650_2050_06-2_full,remind,REMIND,SSP1-PkBudg650,REMIND — SSP1-PkBudg650,remind | SSP1-PkBudg650,<2.0 °C,2050,Heating,"('EF v3.1', 'human toxicity: non-carcinogenic', 'comparative toxic unit for human (CTUh)')",,,human toxicity: non-carcinogenic,comparative toxic unit for human (CTUh),CTUh,,Human toxicity — non-cancer,NA — market not generated
ecoinvent-3.12-cutoff_remind-SSP1-PkBudg650_2050_06-2_full,remind,REMIND,SSP1-PkBudg650,REMIND — SSP1-PkBudg650,remind | SSP1-PkBudg650,<2.0 °C,2050,Heating,"('EF v3.1', 'ionising radiation: human health', 'human exposure efficiency relative to u235')",,,ionising radiation: human health,human exposure efficiency relative to u235,kBq U235-Eq,,Ionising radiation — human health,NA — market not generated
ecoinvent-3.12-cutoff_remind-SSP1-PkBudg650_2050_06-2_full,remind,REMIND,SSP1-PkBudg650,REMIND — SSP1-PkBudg650,remind | SSP1-PkBudg650,<2.0 °C,2050,Heating,"('EF v3.1', 'land use', 'soil quality index')",,,land use,soil quality index,dimensionless,,Land use,NA — market not generated
ecoinvent-3.12-cutoff_remind-SSP1-PkBudg650_2050_06-2_full,remind,REMIND,SSP1-PkBudg650,REMIND — SSP1-PkBudg650,remind | SSP1-PkBudg650,<2.0 °C,2050,Heating,"('EF v3.1', 'material resources: metals/minerals', 'abiotic depletion potential (ADP): elements (ultimate reserves)')",,,material resources: metals/minerals,abiotic depletion potential (ADP): elements (ultimate reserves),kg Sb-Eq,,Resource use — minerals and metals,NA — market not generated
ecoinvent-3.12-cutoff_remind-SSP1-PkBudg650_2050_06-2_full,remind,REMIND,SSP1-PkBudg650,REMIND — SSP1-PkBudg650,remind | SSP1-PkBudg650,<2.0 °C,2050,Heating,"('EF v3.1', 'ozone depletion', 'ozone depletion potential (ODP)')",,,ozone depletion,ozone depletion potential (ODP),kg CFC-11-Eq,,Ozone depletion,NA — market not generated
ecoinvent-3.12-cutoff_remind-SSP1-PkBudg650_2050_06-2_full,remind,REMIND,SSP1-PkBudg650,REMIND — SSP1-PkBudg650,remind | SSP1-PkBudg650,<2.0 °C,2050,Heating,"('EF v3.1', 'particulate matter formation', 'impact on human health')",,,particulate matter formation,impact on human health,disease incidence,,Particulate matter,NA — market not generated
ecoinvent-3.12-cutoff_remind-SSP1-PkBudg650_2050_06-2_full,remind,REMIND,SSP1-PkBudg650,REMIND — SSP1-PkBudg650,remind | SSP1-PkBudg650,<2.0 °C,2050,Heating,"('EF v3.1', 'photochemical oxidant formation: human health', 'tropospheric ozone concentration increase')",,,photochemical oxidant formation: human health,tropospheric ozone concentration increase,kg NMVOC-Eq,,Photochemical ozone formation,NA — market not generated
ecoinvent-3.12-cutoff_remind-SSP1-PkBudg650_2050_06-2_full,remind,REMIND,SSP1-PkBudg650,REMIND — SSP1-PkBudg650,remind | SSP1-PkBudg650,<2.0 °C,2050,Heating,"('EF v3.1', 'water use', 'user deprivation potential (deprivation-weighted water consumption)')",,,water use,user deprivation potential (deprivation-weighted water consumption),m3 world Eq deprived,,Water use,NA — market not generated
ecoinvent-3.12-cutoff_remind-SSP1-PkBudg650_2050_06-2_full,remind,REMIND,SSP1-PkBudg650,REMIND — SSP1-PkBudg650,remind | SSP1-PkBudg650,<2.0 °C,2050,Heating,"('IPCC 2021', 'climate change', 'GWP 100a, incl. H')",,,"climate change — GWP 100a, incl. H (premise_gwp)","GWP 100a, incl. H",kg CO2-Eq,,Climate change — premise GWP incl. H₂,NA — market not generated
ecoinvent-3.12-cutoff_remind-SSP1-PkBudg650_2050_06-2_full,remind,REMIND,SSP1-PkBudg650,REMIND — SSP1-PkBudg650,remind | SSP1-PkBudg650,<2.0 °C,2050,Other end uses,"('EF v3.1', 'acidification', 'accumulated exceedance (AE)')","market for hydrogen, gaseous, low pressure, for other end uses",EUR,acidification,accumulated exceedance (AE),mol H+-Eq,0.025970510834728275,Acidification,available
ecoinvent-3.12-cutoff_remind-SSP1-PkBudg650_2050_06-2_full,remind,REMIND,SSP1-PkBudg650,REMIND — SSP1-PkBudg650,remind | SSP1-PkBudg650,<2.0 °C,2050,Other end uses,"('EF v3.1', 'climate change', 'global warming potential (GWP100)')","market for hydrogen, gaseous, low pressure, for other end uses",EUR,climate change,global warming potential (GWP100),kg CO2-Eq,0.6812704159301926,Climate change — EF 3.1,available
ecoinvent-3.12-cutoff_remind-SSP1-PkBudg650_2050_06-2_full,remind,REMIND,SSP1-PkBudg650,REMIND — SSP1-PkBudg650,remind | SSP1-PkBudg650,<2.0 °C,2050,Other end uses,"('EF v3.1', 'ecotoxicity: freshwater', 'comparative toxic unit for ecosystems (CTUe)')","market for hydrogen, gaseous, low pressure, for other end uses",EUR,ecotoxicity: freshwater,comparative toxic unit for ecosystems (CTUe),CTUe,36.60380539222455,Ecotoxicity — freshwater,available
ecoinvent-3.12-cutoff_remind-SSP1-PkBudg650_2050_06-2_full,remind,REMIND,SSP1-PkBudg650,REMIND — SSP1-PkBudg650,remind | SSP1-PkBudg650,<2.0 °C,2050,Other end uses,"('EF v3.1', 'energy resources: non-renewable', 'abiotic depletion potential (ADP): fossil fuels')","market for hydrogen, gaseous, low pressure, for other end uses",EUR,energy resources: non-renewable,abiotic depletion potential (ADP): fossil fuels,"MJ, net calorific value",17.01954606857359,Resource use — energy carriers,available
ecoinvent-3.12-cutoff_remind-SSP1-PkBudg650_2050_06-2_full,remind,REMIND,SSP1-PkBudg650,REMIND — SSP1-PkBudg650,remind | SSP1-PkBudg650,<2.0 °C,2050,Other end uses,"('EF v3.1', 'eutrophication: freshwater', 'fraction of nutrients reaching freshwater end compartment (P)')","market for hydrogen, gaseous, low pressure, for other end uses",EUR,eutrophication: freshwater,fraction of nutrients reaching freshwater end compartment (P),kg P-Eq,0.001378522028218829,Eutrophication — freshwater,available
ecoinvent-3.12-cutoff_remind-SSP1-PkBudg650_2050_06-2_full,remind,REMIND,SSP1-PkBudg650,REMIND — SSP1-PkBudg650,remind | SSP1-PkBudg650,<2.0 °C,2050,Other end uses,"('EF v3.1', 'eutrophication: marine', 'fraction of nutrients reaching marine end compartment (N)')","market for hydrogen, gaseous, low pressure, for other end uses",EUR,eutrophication: marine,fraction of nutrients reaching marine end compartment (N),kg N-Eq,0.002562248600532537,Eutrophication — marine,available
ecoinvent-3.12-cutoff_remind-SSP1-PkBudg650_2050_06-2_full,remind,REMIND,SSP1-PkBudg650,REMIND — SSP1-PkBudg650,remind | SSP1-PkBudg650,<2.0 °C,2050,Other end uses,"('EF v3.1', 'eutrophication: terrestrial', 'accumulated exceedance (AE)')","market for hydrogen, gaseous, low pressure, for other end uses",EUR,eutrophication: terrestrial,accumulated exceedance (AE),mol N-Eq,0.02975520995691287,Eutrophication — terrestrial,available
ecoinvent-3.12-cutoff_remind-SSP1-PkBudg650_2050_06-2_full,remind,REMIND,SSP1-PkBudg650,REMIND — SSP1-PkBudg650,remind | SSP1-PkBudg650,<2.0 °C,2050,Other end uses,"('EF v3.1', 'human toxicity: carcinogenic', 'comparative toxic unit for human (CTUh)')","market for hydrogen, gaseous, low pressure, for other end uses",EUR,human toxicity: carcinogenic,comparative toxic unit for human (CTUh),CTUh,3.361841567161655e-09,Human toxicity — cancer,available
ecoinvent-3.12-cutoff_remind-SSP1-PkBudg650_2050_06-2_full,remind,REMIND,SSP1-PkBudg650,REMIND — SSP1-PkBudg650,remind | SSP1-PkBudg650,<2.0 °C,2050,Other end uses,"('EF v3.1', 'human toxicity: non-carcinogenic', 'comparative toxic unit for human (CTUh)')","market for hydrogen, gaseous, low pressure, for other end uses",EUR,human toxicity: non-carcinogenic,comparative toxic unit for human (CTUh),CTUh,2.192353138078042e-07,Human toxicity — non-cancer,available
ecoinvent-3.12-cutoff_remind-SSP1-PkBudg650_2050_06-2_full,remind,REMIND,SSP1-PkBudg650,REMIND — SSP1-PkBudg650,remind | SSP1-PkBudg650,<2.0 °C,2050,Other end uses,"('EF v3.1', 'ionising radiation: human health', 'human exposure efficiency relative to u235')","market for hydrogen, gaseous, low pressure, for other end uses",EUR,ionising radiation: human health,human exposure efficiency relative to u235,kBq U235-Eq,0.6450478768976357,Ionising radiation — human health,available
ecoinvent-3.12-cutoff_remind-SSP1-PkBudg650_2050_06-2_full,remind,REMIND,SSP1-PkBudg650,REMIND — SSP1-PkBudg650,remind | SSP1-PkBudg650,<2.0 °C,2050,Other end uses,"('EF v3.1', 'land use', 'soil quality index')","market for hydrogen, gaseous, low pressure, for other end uses",EUR,land use,soil quality index,dimensionless,74.9893876729404,Land use,available
ecoinvent-3.12-cutoff_remind-SSP1-PkBudg650_2050_06-2_full,remind,REMIND,SSP1-PkBudg650,REMIND — SSP1-PkBudg650,remind | SSP1-PkBudg650,<2.0 °C,2050,Other end uses,"('EF v3.1', 'material resources: metals/minerals', 'abiotic depletion potential (ADP): elements (ultimate reserves)')","market for hydrogen, gaseous, low pressure, for other end uses",EUR,material resources: metals/minerals,abiotic depletion potential (ADP): elements (ultimate reserves),kg Sb-Eq,0.00016765583623020821,Resource use — minerals and metals,available
ecoinvent-3.12-cutoff_remind-SSP1-PkBudg650_2050_06-2_full,remind,REMIND,SSP1-PkBudg650,REMIND — SSP1-PkBudg650,remind | SSP1-PkBudg650,<2.0 °C,2050,Other end uses,"('EF v3.1', 'ozone depletion', 'ozone depletion potential (ODP)')","market for hydrogen, gaseous, low pressure, for other end uses",EUR,ozone depletion,ozone depletion potential (ODP),kg CFC-11-Eq,1.734540505461466e-07,Ozone depletion,available
ecoinvent-3.12-cutoff_remind-SSP1-PkBudg650_2050_06-2_full,remind,REMIND,SSP1-PkBudg650,REMIND — SSP1-PkBudg650,remind | SSP1-PkBudg650,<2.0 °C,2050,Other end uses,"('EF v3.1', 'particulate matter formation', 'impact on human health')","market for hydrogen, gaseous, low pressure, for other end uses",EUR,particulate matter formation,impact on human health,disease incidence,1.2673494443709895e-07,Particulate matter,available
ecoinvent-3.12-cutoff_remind-SSP1-PkBudg650_2050_06-2_full,remind,REMIND,SSP1-PkBudg650,REMIND — SSP1-PkBudg650,remind | SSP1-PkBudg650,<2.0 °C,2050,Other end uses,"('EF v3.1', 'photochemical oxidant formation: human health', 'tropospheric ozone concentration increase')","market for hydrogen, gaseous, low pressure, for other end uses",EUR,photochemical oxidant formation: human health,tropospheric ozone concentration increase,kg NMVOC-Eq,0.007995875740043129,Photochemical ozone formation,available
ecoinvent-3.12-cutoff_remind-SSP1-PkBudg650_2050_06-2_full,remind,REMIND,SSP1-PkBudg650,REMIND — SSP1-PkBudg650,remind | SSP1-PkBudg650,<2.0 °C,2050,Other end uses,"('EF v3.1', 'water use', 'user deprivation potential (deprivation-weighted water consumption)')","market for hydrogen, gaseous, low pressure, for other end uses",EUR,water use,user deprivation potential (deprivation-weighted water consumption),m3 world Eq deprived,2.385521529017012,Water use,available
ecoinvent-3.12-cutoff_remind-SSP1-PkBudg650_2050_06-2_full,remind,REMIND,SSP1-PkBudg650,REMIND — SSP1-PkBudg650,remind | SSP1-PkBudg650,<2.0 °C,2050,Other end uses,"('IPCC 2021', 'climate change', 'GWP 100a, incl. H')","market for hydrogen, gaseous, low pressure, for other end uses",EUR,"climate change — GWP 100a, incl. H (premise_gwp)","GWP 100a, incl. H",kg CO2-Eq,0.8170199548971256,Climate change — premise GWP incl. H₂,available
