database,iam model,model label,scenario,scenario label,scenario key,warming bin,year,market,market location,impact category,indicator,method,unit,rank,process,process location,process key,score,share (%),impact label
ecoinvent-3.12-cutoff_remind-SSP1-PkBudg650_2030_06-2_full,remind,REMIND,SSP1-PkBudg650,REMIND — SSP1-PkBudg650,remind | SSP1-PkBudg650,<2.0 °C,2030,Generic,RER,"climate change — GWP 100a, incl. H (premise_gwp)","GWP 100a, incl. H","('IPCC 2021', 'climate change', 'GWP 100a, incl. H')",kg CO2-Eq,1,"hydrogen production, steam methane reforming",EUR,"('ecoinvent-3.12-cutoff_remind-SSP1-PkBudg650_2030_06-2_full', '46bfddb2801948c59f24d2aec29eb2ee')",2.0805362687160187,47.687276508298474,Climate change — premise GWP incl. H₂
ecoinvent-3.12-cutoff_remind-SSP1-PkBudg650_2030_06-2_full,remind,REMIND,SSP1-PkBudg650,REMIND — SSP1-PkBudg650,remind | SSP1-PkBudg650,<2.0 °C,2030,Generic,RER,"climate change — GWP 100a, incl. H (premise_gwp)","GWP 100a, incl. H","('IPCC 2021', 'climate change', 'GWP 100a, incl. H')",kg CO2-Eq,2,"electricity production, natural gas, subcritical, steam cycle",EUR,"('ecoinvent-3.12-cutoff_remind-SSP1-PkBudg650_2030_06-2_full', '5bcb35b906294077b7acc1be7633cd45')",0.20626043578380074,4.727626517183683,Climate change — premise GWP incl. H₂
ecoinvent-3.12-cutoff_remind-SSP1-PkBudg650_2030_06-2_full,remind,REMIND,SSP1-PkBudg650,REMIND — SSP1-PkBudg650,remind | SSP1-PkBudg650,<2.0 °C,2030,Generic,RER,"climate change — GWP 100a, incl. H (premise_gwp)","GWP 100a, incl. H","('IPCC 2021', 'climate change', 'GWP 100a, incl. H')",kg CO2-Eq,3,natural gas venting from petroleum/natural gas production,GLO,"('ecoinvent-3.12-cutoff_remind-SSP1-PkBudg650_2030_06-2_full', '48297805c5084c6182a62dcbb9c05cce')",0.17940214792235784,4.11201667704447,Climate change — premise GWP incl. H₂
ecoinvent-3.12-cutoff_remind-SSP1-PkBudg650_2030_06-2_full,remind,REMIND,SSP1-PkBudg650,REMIND — SSP1-PkBudg650,remind | SSP1-PkBudg650,<2.0 °C,2030,Generic,RER,"climate change — GWP 100a, incl. H (premise_gwp)","GWP 100a, incl. H","('IPCC 2021', 'climate change', 'GWP 100a, incl. H')",kg CO2-Eq,4,"electricity production, natural gas, combined cycle power plant",ES,"('ecoinvent-3.12-cutoff_remind-SSP1-PkBudg650_2030_06-2_full', '90c207bfc84a41f18547f1ea7270520c')",0.1428347460752486,3.2738674799870537,Climate change — premise GWP incl. H₂
ecoinvent-3.12-cutoff_remind-SSP1-PkBudg650_2030_06-2_full,remind,REMIND,SSP1-PkBudg650,REMIND — SSP1-PkBudg650,remind | SSP1-PkBudg650,<2.0 °C,2030,Generic,RER,"climate change — GWP 100a, incl. H (premise_gwp)","GWP 100a, incl. H","('IPCC 2021', 'climate change', 'GWP 100a, incl. H')",kg CO2-Eq,5,"hydrogen production, steam methane reforming, with CCS",EUR,"('ecoinvent-3.12-cutoff_remind-SSP1-PkBudg650_2030_06-2_full', '115307cd34494f56a5092cd70be9eaa7')",0.1107194157824319,2.537762727160981,Climate change — premise GWP incl. H₂
ecoinvent-3.12-cutoff_remind-SSP1-PkBudg650_2030_06-2_full,remind,REMIND,SSP1-PkBudg650,REMIND — SSP1-PkBudg650,remind | SSP1-PkBudg650,<2.0 °C,2030,Generic,RER,"climate change — GWP 100a, incl. H (premise_gwp)","GWP 100a, incl. H","('IPCC 2021', 'climate change', 'GWP 100a, incl. H')",kg CO2-Eq,6,"sweet gas, burned in gas turbine",GLO,"('ecoinvent-3.12-cutoff_remind-SSP1-PkBudg650_2030_06-2_full', '8f8a6e1786184765ab5249b8745da8b1')",0.10833660404634199,2.4831470956842643,Climate change — premise GWP incl. H₂
ecoinvent-3.12-cutoff_remind-SSP1-PkBudg650_2030_06-2_full,remind,REMIND,SSP1-PkBudg650,REMIND — SSP1-PkBudg650,remind | SSP1-PkBudg650,<2.0 °C,2030,Generic,RER,"climate change — GWP 100a, incl. H (premise_gwp)","GWP 100a, incl. H","('IPCC 2021', 'climate change', 'GWP 100a, incl. H')",kg CO2-Eq,7,"electricity production, natural gas, combined cycle power plant",IT,"('ecoinvent-3.12-cutoff_remind-SSP1-PkBudg650_2030_06-2_full', 'fa45b4e70a5945c4a7484e2ef6754afe')",0.1071145471471062,2.4551367379034335,Climate change — premise GWP incl. H₂
ecoinvent-3.12-cutoff_remind-SSP1-PkBudg650_2030_06-2_full,remind,REMIND,SSP1-PkBudg650,REMIND — SSP1-PkBudg650,remind | SSP1-PkBudg650,<2.0 °C,2030,Generic,RER,"climate change — GWP 100a, incl. H (premise_gwp)","GWP 100a, incl. H","('IPCC 2021', 'climate change', 'GWP 100a, incl. H')",kg CO2-Eq,8,"hydrogen supply, distributed by pipeline",EUR,"('ecoinvent-3.12-cutoff_remind-SSP1-PkBudg650_2030_06-2_full', 'ca4ffb0d3a4b482fae2eaab51db65c2f')",0.07659339865107871,1.7555716932723537,Climate change — premise GWP incl. H₂
ecoinvent-3.12-cutoff_remind-SSP1-PkBudg650_2030_06-2_full,remind,REMIND,SSP1-PkBudg650,REMIND — SSP1-PkBudg650,remind | SSP1-PkBudg650,<2.0 °C,2030,Generic,RER,"climate change — GWP 100a, incl. H (premise_gwp)","GWP 100a, incl. H","('IPCC 2021', 'climate change', 'GWP 100a, incl. H')",kg CO2-Eq,9,"electricity production, natural gas, combined cycle power plant",GB,"('ecoinvent-3.12-cutoff_remind-SSP1-PkBudg650_2030_06-2_full', '2562ebb0175c4f2d887b21414fd39e86')",0.07426342816482645,1.7021672184238301,Climate change — premise GWP incl. H₂
ecoinvent-3.12-cutoff_remind-SSP1-PkBudg650_2030_06-2_full,remind,REMIND,SSP1-PkBudg650,REMIND — SSP1-PkBudg650,remind | SSP1-PkBudg650,<2.0 °C,2030,Generic,RER,"climate change — GWP 100a, incl. H (premise_gwp)","GWP 100a, incl. H","('IPCC 2021', 'climate change', 'GWP 100a, incl. H')",kg CO2-Eq,10,"electricity production, natural gas, combined cycle power plant",FR,"('ecoinvent-3.12-cutoff_remind-SSP1-PkBudg650_2030_06-2_full', 'ed4b7163b4cd45cabe7389767125b9af')",0.06791536940119448,1.5566654849985981,Climate change — premise GWP incl. H₂
ecoinvent-3.12-cutoff_remind-SSP1-PkBudg650_2030_06-2_full,remind,REMIND,SSP1-PkBudg650,REMIND — SSP1-PkBudg650,remind | SSP1-PkBudg650,<2.0 °C,2030,Generic,RER,"climate change — GWP 100a, incl. H (premise_gwp)","GWP 100a, incl. H","('IPCC 2021', 'climate change', 'GWP 100a, incl. H')",kg CO2-Eq,11,Other,,,1.2088986461829552,27.708761860042845,Climate change — premise GWP incl. H₂
ecoinvent-3.12-cutoff_remind-SSP1-PkBudg650_2030_06-2_full,remind,REMIND,SSP1-PkBudg650,REMIND — SSP1-PkBudg650,remind | SSP1-PkBudg650,<2.0 °C,2030,Transport,EUR,"climate change — GWP 100a, incl. H (premise_gwp)","GWP 100a, incl. H","('IPCC 2021', 'climate change', 'GWP 100a, incl. H')",kg CO2-Eq,1,"hydrogen production, steam methane reforming",EUR,"('ecoinvent-3.12-cutoff_remind-SSP1-PkBudg650_2030_06-2_full', '46bfddb2801948c59f24d2aec29eb2ee')",2.0835680067822673,45.725346896374546,Climate change — premise GWP incl. H₂
ecoinvent-3.12-cutoff_remind-SSP1-PkBudg650_2030_06-2_full,remind,REMIND,SSP1-PkBudg650,REMIND — SSP1-PkBudg650,remind | SSP1-PkBudg650,<2.0 °C,2030,Transport,EUR,"climate change — GWP 100a, incl. H (premise_gwp)","GWP 100a, incl. H","('IPCC 2021', 'climate change', 'GWP 100a, incl. H')",kg CO2-Eq,2,"electricity production, natural gas, subcritical, steam cycle",EUR,"('ecoinvent-3.12-cutoff_remind-SSP1-PkBudg650_2030_06-2_full', '5bcb35b906294077b7acc1be7633cd45')",0.22140103335543676,4.858799434642623,Climate change — premise GWP incl. H₂
ecoinvent-3.12-cutoff_remind-SSP1-PkBudg650_2030_06-2_full,remind,REMIND,SSP1-PkBudg650,REMIND — SSP1-PkBudg650,remind | SSP1-PkBudg650,<2.0 °C,2030,Transport,EUR,"climate change — GWP 100a, incl. H (premise_gwp)","GWP 100a, incl. H","('IPCC 2021', 'climate change', 'GWP 100a, incl. H')",kg CO2-Eq,3,natural gas venting from petroleum/natural gas production,GLO,"('ecoinvent-3.12-cutoff_remind-SSP1-PkBudg650_2030_06-2_full', '48297805c5084c6182a62dcbb9c05cce')",0.18652011889602735,4.093313542880256,Climate change — premise GWP incl. H₂
ecoinvent-3.12-cutoff_remind-SSP1-PkBudg650_2030_06-2_full,remind,REMIND,SSP1-PkBudg650,REMIND — SSP1-PkBudg650,remind | SSP1-PkBudg650,<2.0 °C,2030,Transport,EUR,"climate change — GWP 100a, incl. H (premise_gwp)","GWP 100a, incl. H","('IPCC 2021', 'climate change', 'GWP 100a, incl. H')",kg CO2-Eq,4,"electricity production, natural gas, combined cycle power plant",ES,"('ecoinvent-3.12-cutoff_remind-SSP1-PkBudg650_2030_06-2_full', '90c207bfc84a41f18547f1ea7270520c')",0.15331956543879904,3.3647043402807872,Climate change — premise GWP incl. H₂
ecoinvent-3.12-cutoff_remind-SSP1-PkBudg650_2030_06-2_full,remind,REMIND,SSP1-PkBudg650,REMIND — SSP1-PkBudg650,remind | SSP1-PkBudg650,<2.0 °C,2030,Transport,EUR,"climate change — GWP 100a, incl. H (premise_gwp)","GWP 100a, incl. H","('IPCC 2021', 'climate change', 'GWP 100a, incl. H')",kg CO2-Eq,5,"electricity production, natural gas, combined cycle power plant",IT,"('ecoinvent-3.12-cutoff_remind-SSP1-PkBudg650_2030_06-2_full', 'fa45b4e70a5945c4a7484e2ef6754afe')",0.11497731659321703,2.5232570616009298,Climate change — premise GWP incl. H₂
ecoinvent-3.12-cutoff_remind-SSP1-PkBudg650_2030_06-2_full,remind,REMIND,SSP1-PkBudg650,REMIND — SSP1-PkBudg650,remind | SSP1-PkBudg650,<2.0 °C,2030,Transport,EUR,"climate change — GWP 100a, incl. H (premise_gwp)","GWP 100a, incl. H","('IPCC 2021', 'climate change', 'GWP 100a, incl. H')",kg CO2-Eq,6,"sweet gas, burned in gas turbine",GLO,"('ecoinvent-3.12-cutoff_remind-SSP1-PkBudg650_2030_06-2_full', '8f8a6e1786184765ab5249b8745da8b1')",0.1115135373867015,2.447242021403145,Climate change — premise GWP incl. H₂
ecoinvent-3.12-cutoff_remind-SSP1-PkBudg650_2030_06-2_full,remind,REMIND,SSP1-PkBudg650,REMIND — SSP1-PkBudg650,remind | SSP1-PkBudg650,<2.0 °C,2030,Transport,EUR,"climate change — GWP 100a, incl. H (premise_gwp)","GWP 100a, incl. H","('IPCC 2021', 'climate change', 'GWP 100a, incl. H')",kg CO2-Eq,7,"hydrogen production, steam methane reforming, with CCS",EUR,"('ecoinvent-3.12-cutoff_remind-SSP1-PkBudg650_2030_06-2_full', '115307cd34494f56a5092cd70be9eaa7')",0.11087743668269093,2.4332823496970946,Climate change — premise GWP incl. H₂
ecoinvent-3.12-cutoff_remind-SSP1-PkBudg650_2030_06-2_full,remind,REMIND,SSP1-PkBudg650,REMIND — SSP1-PkBudg650,remind | SSP1-PkBudg650,<2.0 °C,2030,Transport,EUR,"climate change — GWP 100a, incl. H (premise_gwp)","GWP 100a, incl. H","('IPCC 2021', 'climate change', 'GWP 100a, incl. H')",kg CO2-Eq,8,"electricity production, natural gas, combined cycle power plant",GB,"('ecoinvent-3.12-cutoff_remind-SSP1-PkBudg650_2030_06-2_full', '2562ebb0175c4f2d887b21414fd39e86')",0.07971475321347667,1.749395619235964,Climate change — premise GWP incl. H₂
ecoinvent-3.12-cutoff_remind-SSP1-PkBudg650_2030_06-2_full,remind,REMIND,SSP1-PkBudg650,REMIND — SSP1-PkBudg650,remind | SSP1-PkBudg650,<2.0 °C,2030,Transport,EUR,"climate change — GWP 100a, incl. H (premise_gwp)","GWP 100a, incl. H","('IPCC 2021', 'climate change', 'GWP 100a, incl. H')",kg CO2-Eq,9,"electricity production, natural gas, combined cycle power plant",FR,"('ecoinvent-3.12-cutoff_remind-SSP1-PkBudg650_2030_06-2_full', 'ed4b7163b4cd45cabe7389767125b9af')",0.07290071365159226,1.5998567888649025,Climate change — premise GWP incl. H₂
ecoinvent-3.12-cutoff_remind-SSP1-PkBudg650_2030_06-2_full,remind,REMIND,SSP1-PkBudg650,REMIND — SSP1-PkBudg650,remind | SSP1-PkBudg650,<2.0 °C,2030,Transport,EUR,"climate change — GWP 100a, incl. H (premise_gwp)","GWP 100a, incl. H","('IPCC 2021', 'climate change', 'GWP 100a, incl. H')",kg CO2-Eq,10,"market group for electricity, medium voltage",EUR,"('ecoinvent-3.12-cutoff_remind-SSP1-PkBudg650_2030_06-2_full', '21d66092c3ee4b1ba9bc07398d654896')",0.050247748181829824,1.1027217296948737,Climate change — premise GWP incl. H₂
ecoinvent-3.12-cutoff_remind-SSP1-PkBudg650_2030_06-2_full,remind,REMIND,SSP1-PkBudg650,REMIND — SSP1-PkBudg650,remind | SSP1-PkBudg650,<2.0 °C,2030,Transport,EUR,"climate change — GWP 100a, incl. H (premise_gwp)","GWP 100a, incl. H","('IPCC 2021', 'climate change', 'GWP 100a, incl. H')",kg CO2-Eq,11,Other,,,1.3716622296247092,30.102080215324882,Climate change — premise GWP incl. H₂
ecoinvent-3.12-cutoff_remind-SSP1-PkBudg650_2030_06-2_full,remind,REMIND,SSP1-PkBudg650,REMIND — SSP1-PkBudg650,remind | SSP1-PkBudg650,<2.0 °C,2030,Chemicals,EUR,"climate change — GWP 100a, incl. H (premise_gwp)","GWP 100a, incl. H","('IPCC 2021', 'climate change', 'GWP 100a, incl. H')",kg CO2-Eq,1,"hydrogen production, steam methane reforming",EUR,"('ecoinvent-3.12-cutoff_remind-SSP1-PkBudg650_2030_06-2_full', '46bfddb2801948c59f24d2aec29eb2ee')",2.077644251473596,48.108159530002965,Climate change — premise GWP incl. H₂
ecoinvent-3.12-cutoff_remind-SSP1-PkBudg650_2030_06-2_full,remind,REMIND,SSP1-PkBudg650,REMIND — SSP1-PkBudg650,remind | SSP1-PkBudg650,<2.0 °C,2030,Chemicals,EUR,"climate change — GWP 100a, incl. H (premise_gwp)","GWP 100a, incl. H","('IPCC 2021', 'climate change', 'GWP 100a, incl. H')",kg CO2-Eq,2,"electricity production, natural gas, subcritical, steam cycle",EUR,"('ecoinvent-3.12-cutoff_remind-SSP1-PkBudg650_2030_06-2_full', '5bcb35b906294077b7acc1be7633cd45')",0.20347670612282281,4.71153318565168,Climate change — premise GWP incl. H₂
ecoinvent-3.12-cutoff_remind-SSP1-PkBudg650_2030_06-2_full,remind,REMIND,SSP1-PkBudg650,REMIND — SSP1-PkBudg650,remind | SSP1-PkBudg650,<2.0 °C,2030,Chemicals,EUR,"climate change — GWP 100a, incl. H (premise_gwp)","GWP 100a, incl. H","('IPCC 2021', 'climate change', 'GWP 100a, incl. H')",kg CO2-Eq,3,natural gas venting from petroleum/natural gas production,GLO,"('ecoinvent-3.12-cutoff_remind-SSP1-PkBudg650_2030_06-2_full', '48297805c5084c6182a62dcbb9c05cce')",0.17828491597081467,4.128213563623227,Climate change — premise GWP incl. H₂
ecoinvent-3.12-cutoff_remind-SSP1-PkBudg650_2030_06-2_full,remind,REMIND,SSP1-PkBudg650,REMIND — SSP1-PkBudg650,remind | SSP1-PkBudg650,<2.0 °C,2030,Chemicals,EUR,"climate change — GWP 100a, incl. H (premise_gwp)","GWP 100a, incl. H","('IPCC 2021', 'climate change', 'GWP 100a, incl. H')",kg CO2-Eq,4,"electricity production, natural gas, combined cycle power plant",ES,"('ecoinvent-3.12-cutoff_remind-SSP1-PkBudg650_2030_06-2_full', '90c207bfc84a41f18547f1ea7270520c')",0.14090702185015072,3.262722904201106,Climate change — premise GWP incl. H₂
ecoinvent-3.12-cutoff_remind-SSP1-PkBudg650_2030_06-2_full,remind,REMIND,SSP1-PkBudg650,REMIND — SSP1-PkBudg650,remind | SSP1-PkBudg650,<2.0 °C,2030,Chemicals,EUR,"climate change — GWP 100a, incl. H (premise_gwp)","GWP 100a, incl. H","('IPCC 2021', 'climate change', 'GWP 100a, incl. H')",kg CO2-Eq,5,"hydrogen production, steam methane reforming, with CCS",EUR,"('ecoinvent-3.12-cutoff_remind-SSP1-PkBudg650_2030_06-2_full', '115307cd34494f56a5092cd70be9eaa7')",0.11056619127229446,2.5601764905515934,Climate change — premise GWP incl. H₂
ecoinvent-3.12-cutoff_remind-SSP1-PkBudg650_2030_06-2_full,remind,REMIND,SSP1-PkBudg650,REMIND — SSP1-PkBudg650,remind | SSP1-PkBudg650,<2.0 °C,2030,Chemicals,EUR,"climate change — GWP 100a, incl. H (premise_gwp)","GWP 100a, incl. H","('IPCC 2021', 'climate change', 'GWP 100a, incl. H')",kg CO2-Eq,6,"sweet gas, burned in gas turbine",GLO,"('ecoinvent-3.12-cutoff_remind-SSP1-PkBudg650_2030_06-2_full', '8f8a6e1786184765ab5249b8745da8b1')",0.10777344959465959,2.4955101444923704,Climate change — premise GWP incl. H₂
ecoinvent-3.12-cutoff_remind-SSP1-PkBudg650_2030_06-2_full,remind,REMIND,SSP1-PkBudg650,REMIND — SSP1-PkBudg650,remind | SSP1-PkBudg650,<2.0 °C,2030,Chemicals,EUR,"climate change — GWP 100a, incl. H (premise_gwp)","GWP 100a, incl. H","('IPCC 2021', 'climate change', 'GWP 100a, incl. H')",kg CO2-Eq,7,"electricity production, natural gas, combined cycle power plant",IT,"('ecoinvent-3.12-cutoff_remind-SSP1-PkBudg650_2030_06-2_full', 'fa45b4e70a5945c4a7484e2ef6754afe')",0.1056689090591107,2.446779197531776,Climate change — premise GWP incl. H₂
ecoinvent-3.12-cutoff_remind-SSP1-PkBudg650_2030_06-2_full,remind,REMIND,SSP1-PkBudg650,REMIND — SSP1-PkBudg650,remind | SSP1-PkBudg650,<2.0 °C,2030,Chemicals,EUR,"climate change — GWP 100a, incl. H (premise_gwp)","GWP 100a, incl. H","('IPCC 2021', 'climate change', 'GWP 100a, incl. H')",kg CO2-Eq,8,"electricity production, natural gas, combined cycle power plant",GB,"('ecoinvent-3.12-cutoff_remind-SSP1-PkBudg650_2030_06-2_full', '2562ebb0175c4f2d887b21414fd39e86')",0.07326115496142345,1.6963728644769955,Climate change — premise GWP incl. H₂
ecoinvent-3.12-cutoff_remind-SSP1-PkBudg650_2030_06-2_full,remind,REMIND,SSP1-PkBudg650,REMIND — SSP1-PkBudg650,remind | SSP1-PkBudg650,<2.0 °C,2030,Chemicals,EUR,"climate change — GWP 100a, incl. H (premise_gwp)","GWP 100a, incl. H","('IPCC 2021', 'climate change', 'GWP 100a, incl. H')",kg CO2-Eq,9,"electricity production, natural gas, combined cycle power plant",FR,"('ecoinvent-3.12-cutoff_remind-SSP1-PkBudg650_2030_06-2_full', 'ed4b7163b4cd45cabe7389767125b9af')",0.06699877094966276,1.5513664376730603,Climate change — premise GWP incl. H₂
ecoinvent-3.12-cutoff_remind-SSP1-PkBudg650_2030_06-2_full,remind,REMIND,SSP1-PkBudg650,REMIND — SSP1-PkBudg650,remind | SSP1-PkBudg650,<2.0 °C,2030,Chemicals,EUR,"climate change — GWP 100a, incl. H (premise_gwp)","GWP 100a, incl. H","('IPCC 2021', 'climate change', 'GWP 100a, incl. H')",kg CO2-Eq,10,"hydrogen supply, distributed by pipeline",EUR,"('ecoinvent-3.12-cutoff_remind-SSP1-PkBudg650_2030_06-2_full', 'ca4ffb0d3a4b482fae2eaab51db65c2f')",0.06127583661865999,1.4188510479087453,Climate change — premise GWP incl. H₂
ecoinvent-3.12-cutoff_remind-SSP1-PkBudg650_2030_06-2_full,remind,REMIND,SSP1-PkBudg650,REMIND — SSP1-PkBudg650,remind | SSP1-PkBudg650,<2.0 °C,2030,Chemicals,EUR,"climate change — GWP 100a, incl. H (premise_gwp)","GWP 100a, incl. H","('IPCC 2021', 'climate change', 'GWP 100a, incl. H')",kg CO2-Eq,11,Other,,,1.1928369009252537,27.620314633886558,Climate change — premise GWP incl. H₂
ecoinvent-3.12-cutoff_remind-SSP1-PkBudg650_2030_06-2_full,remind,REMIND,SSP1-PkBudg650,REMIND — SSP1-PkBudg650,remind | SSP1-PkBudg650,<2.0 °C,2030,Cement,EUR,"climate change — GWP 100a, incl. H (premise_gwp)","GWP 100a, incl. H","('IPCC 2021', 'climate change', 'GWP 100a, incl. H')",kg CO2-Eq,1,"hydrogen production, steam methane reforming",EUR,"('ecoinvent-3.12-cutoff_remind-SSP1-PkBudg650_2030_06-2_full', '46bfddb2801948c59f24d2aec29eb2ee')",2.0835680067822677,45.72534689637452,Climate change — premise GWP incl. H₂
ecoinvent-3.12-cutoff_remind-SSP1-PkBudg650_2030_06-2_full,remind,REMIND,SSP1-PkBudg650,REMIND — SSP1-PkBudg650,remind | SSP1-PkBudg650,<2.0 °C,2030,Cement,EUR,"climate change — GWP 100a, incl. H (premise_gwp)","GWP 100a, incl. H","('IPCC 2021', 'climate change', 'GWP 100a, incl. H')",kg CO2-Eq,2,"electricity production, natural gas, subcritical, steam cycle",EUR,"('ecoinvent-3.12-cutoff_remind-SSP1-PkBudg650_2030_06-2_full', '5bcb35b906294077b7acc1be7633cd45')",0.22140103335543698,4.858799434642624,Climate change — premise GWP incl. H₂
ecoinvent-3.12-cutoff_remind-SSP1-PkBudg650_2030_06-2_full,remind,REMIND,SSP1-PkBudg650,REMIND — SSP1-PkBudg650,remind | SSP1-PkBudg650,<2.0 °C,2030,Cement,EUR,"climate change — GWP 100a, incl. H (premise_gwp)","GWP 100a, incl. H","('IPCC 2021', 'climate change', 'GWP 100a, incl. H')",kg CO2-Eq,3,natural gas venting from petroleum/natural gas production,GLO,"('ecoinvent-3.12-cutoff_remind-SSP1-PkBudg650_2030_06-2_full', '48297805c5084c6182a62dcbb9c05cce')",0.18652011889602782,4.093313542880263,Climate change — premise GWP incl. H₂
ecoinvent-3.12-cutoff_remind-SSP1-PkBudg650_2030_06-2_full,remind,REMIND,SSP1-PkBudg650,REMIND — SSP1-PkBudg650,remind | SSP1-PkBudg650,<2.0 °C,2030,Cement,EUR,"climate change — GWP 100a, incl. H (premise_gwp)","GWP 100a, incl. H","('IPCC 2021', 'climate change', 'GWP 100a, incl. H')",kg CO2-Eq,4,"electricity production, natural gas, combined cycle power plant",ES,"('ecoinvent-3.12-cutoff_remind-SSP1-PkBudg650_2030_06-2_full', '90c207bfc84a41f18547f1ea7270520c')",0.1533195654387992,3.364704340280788,Climate change — premise GWP incl. H₂
ecoinvent-3.12-cutoff_remind-SSP1-PkBudg650_2030_06-2_full,remind,REMIND,SSP1-PkBudg650,REMIND — SSP1-PkBudg650,remind | SSP1-PkBudg650,<2.0 °C,2030,Cement,EUR,"climate change — GWP 100a, incl. H (premise_gwp)","GWP 100a, incl. H","('IPCC 2021', 'climate change', 'GWP 100a, incl. H')",kg CO2-Eq,5,"electricity production, natural gas, combined cycle power plant",IT,"('ecoinvent-3.12-cutoff_remind-SSP1-PkBudg650_2030_06-2_full', 'fa45b4e70a5945c4a7484e2ef6754afe')",0.11497731659321712,2.5232570616009298,Climate change — premise GWP incl. H₂
ecoinvent-3.12-cutoff_remind-SSP1-PkBudg650_2030_06-2_full,remind,REMIND,SSP1-PkBudg650,REMIND — SSP1-PkBudg650,remind | SSP1-PkBudg650,<2.0 °C,2030,Cement,EUR,"climate change — GWP 100a, incl. H (premise_gwp)","GWP 100a, incl. H","('IPCC 2021', 'climate change', 'GWP 100a, incl. H')",kg CO2-Eq,6,"sweet gas, burned in gas turbine",GLO,"('ecoinvent-3.12-cutoff_remind-SSP1-PkBudg650_2030_06-2_full', '8f8a6e1786184765ab5249b8745da8b1')",0.11151353738670183,2.4472420214031505,Climate change — premise GWP incl. H₂
ecoinvent-3.12-cutoff_remind-SSP1-PkBudg650_2030_06-2_full,remind,REMIND,SSP1-PkBudg650,REMIND — SSP1-PkBudg650,remind | SSP1-PkBudg650,<2.0 °C,2030,Cement,EUR,"climate change — GWP 100a, incl. H (premise_gwp)","GWP 100a, incl. H","('IPCC 2021', 'climate change', 'GWP 100a, incl. H')",kg CO2-Eq,7,"hydrogen production, steam methane reforming, with CCS",EUR,"('ecoinvent-3.12-cutoff_remind-SSP1-PkBudg650_2030_06-2_full', '115307cd34494f56a5092cd70be9eaa7')",0.11087743668269094,2.433282349697093,Climate change — premise GWP incl. H₂
ecoinvent-3.12-cutoff_remind-SSP1-PkBudg650_2030_06-2_full,remind,REMIND,SSP1-PkBudg650,REMIND — SSP1-PkBudg650,remind | SSP1-PkBudg650,<2.0 °C,2030,Cement,EUR,"climate change — GWP 100a, incl. H (premise_gwp)","GWP 100a, incl. H","('IPCC 2021', 'climate change', 'GWP 100a, incl. H')",kg CO2-Eq,8,"electricity production, natural gas, combined cycle power plant",GB,"('ecoinvent-3.12-cutoff_remind-SSP1-PkBudg650_2030_06-2_full', '2562ebb0175c4f2d887b21414fd39e86')",0.07971475321347674,1.7493956192359643,Climate change — premise GWP incl. H₂
ecoinvent-3.12-cutoff_remind-SSP1-PkBudg650_2030_06-2_full,remind,REMIND,SSP1-PkBudg650,REMIND — SSP1-PkBudg650,remind | SSP1-PkBudg650,<2.0 °C,2030,Cement,EUR,"climate change — GWP 100a, incl. H (premise_gwp)","GWP 100a, incl. H","('IPCC 2021', 'climate change', 'GWP 100a, incl. H')",kg CO2-Eq,9,"electricity production, natural gas, combined cycle power plant",FR,"('ecoinvent-3.12-cutoff_remind-SSP1-PkBudg650_2030_06-2_full', 'ed4b7163b4cd45cabe7389767125b9af')",0.07290071365159233,1.5998567888649027,Climate change — premise GWP incl. H₂
ecoinvent-3.12-cutoff_remind-SSP1-PkBudg650_2030_06-2_full,remind,REMIND,SSP1-PkBudg650,REMIND — SSP1-PkBudg650,remind | SSP1-PkBudg650,<2.0 °C,2030,Cement,EUR,"climate change — GWP 100a, incl. H (premise_gwp)","GWP 100a, incl. H","('IPCC 2021', 'climate change', 'GWP 100a, incl. H')",kg CO2-Eq,10,"market group for electricity, medium voltage",EUR,"('ecoinvent-3.12-cutoff_remind-SSP1-PkBudg650_2030_06-2_full', '21d66092c3ee4b1ba9bc07398d654896')",0.05024774818182988,1.102721729694874,Climate change — premise GWP incl. H₂
ecoinvent-3.12-cutoff_remind-SSP1-PkBudg650_2030_06-2_full,remind,REMIND,SSP1-PkBudg650,REMIND — SSP1-PkBudg650,remind | SSP1-PkBudg650,<2.0 °C,2030,Cement,EUR,"climate change — GWP 100a, incl. H (premise_gwp)","GWP 100a, incl. H","('IPCC 2021', 'climate change', 'GWP 100a, incl. H')",kg CO2-Eq,11,Other,,,1.37166222962471,30.102080215324875,Climate change — premise GWP incl. H₂
ecoinvent-3.12-cutoff_remind-SSP1-PkBudg650_2030_06-2_full,remind,REMIND,SSP1-PkBudg650,REMIND — SSP1-PkBudg650,remind | SSP1-PkBudg650,<2.0 °C,2030,Heating,EUR,"climate change — GWP 100a, incl. H (premise_gwp)","GWP 100a, incl. H","('IPCC 2021', 'climate change', 'GWP 100a, incl. H')",kg CO2-Eq,1,"hydrogen production, steam methane reforming",EUR,"('ecoinvent-3.12-cutoff_remind-SSP1-PkBudg650_2030_06-2_full', '46bfddb2801948c59f24d2aec29eb2ee')",2.080536268716021,47.68727650829846,Climate change — premise GWP incl. H₂
ecoinvent-3.12-cutoff_remind-SSP1-PkBudg650_2030_06-2_full,remind,REMIND,SSP1-PkBudg650,REMIND — SSP1-PkBudg650,remind | SSP1-PkBudg650,<2.0 °C,2030,Heating,EUR,"climate change — GWP 100a, incl. H (premise_gwp)","GWP 100a, incl. H","('IPCC 2021', 'climate change', 'GWP 100a, incl. H')",kg CO2-Eq,2,"electricity production, natural gas, subcritical, steam cycle",EUR,"('ecoinvent-3.12-cutoff_remind-SSP1-PkBudg650_2030_06-2_full', '5bcb35b906294077b7acc1be7633cd45')",0.20626043578380113,4.727626517183685,Climate change — premise GWP incl. H₂
ecoinvent-3.12-cutoff_remind-SSP1-PkBudg650_2030_06-2_full,remind,REMIND,SSP1-PkBudg650,REMIND — SSP1-PkBudg650,remind | SSP1-PkBudg650,<2.0 °C,2030,Heating,EUR,"climate change — GWP 100a, incl. H (premise_gwp)","GWP 100a, incl. H","('IPCC 2021', 'climate change', 'GWP 100a, incl. H')",kg CO2-Eq,3,natural gas venting from petroleum/natural gas production,GLO,"('ecoinvent-3.12-cutoff_remind-SSP1-PkBudg650_2030_06-2_full', '48297805c5084c6182a62dcbb9c05cce')",0.17940214792235842,4.112016677044477,Climate change — premise GWP incl. H₂
ecoinvent-3.12-cutoff_remind-SSP1-PkBudg650_2030_06-2_full,remind,REMIND,SSP1-PkBudg650,REMIND — SSP1-PkBudg650,remind | SSP1-PkBudg650,<2.0 °C,2030,Heating,EUR,"climate change — GWP 100a, incl. H (premise_gwp)","GWP 100a, incl. H","('IPCC 2021', 'climate change', 'GWP 100a, incl. H')",kg CO2-Eq,4,"electricity production, natural gas, combined cycle power plant",ES,"('ecoinvent-3.12-cutoff_remind-SSP1-PkBudg650_2030_06-2_full', '90c207bfc84a41f18547f1ea7270520c')",0.14283474607524885,3.273867479987055,Climate change — premise GWP incl. H₂
ecoinvent-3.12-cutoff_remind-SSP1-PkBudg650_2030_06-2_full,remind,REMIND,SSP1-PkBudg650,REMIND — SSP1-PkBudg650,remind | SSP1-PkBudg650,<2.0 °C,2030,Heating,EUR,"climate change — GWP 100a, incl. H (premise_gwp)","GWP 100a, incl. H","('IPCC 2021', 'climate change', 'GWP 100a, incl. H')",kg CO2-Eq,5,"hydrogen production, steam methane reforming, with CCS",EUR,"('ecoinvent-3.12-cutoff_remind-SSP1-PkBudg650_2030_06-2_full', '115307cd34494f56a5092cd70be9eaa7')",0.11071941578243204,2.537762727160981,Climate change — premise GWP incl. H₂
ecoinvent-3.12-cutoff_remind-SSP1-PkBudg650_2030_06-2_full,remind,REMIND,SSP1-PkBudg650,REMIND — SSP1-PkBudg650,remind | SSP1-PkBudg650,<2.0 °C,2030,Heating,EUR,"climate change — GWP 100a, incl. H (premise_gwp)","GWP 100a, incl. H","('IPCC 2021', 'climate change', 'GWP 100a, incl. H')",kg CO2-Eq,6,"sweet gas, burned in gas turbine",GLO,"('ecoinvent-3.12-cutoff_remind-SSP1-PkBudg650_2030_06-2_full', '8f8a6e1786184765ab5249b8745da8b1')",0.10833660404634232,2.4831470956842683,Climate change — premise GWP incl. H₂
ecoinvent-3.12-cutoff_remind-SSP1-PkBudg650_2030_06-2_full,remind,REMIND,SSP1-PkBudg650,REMIND — SSP1-PkBudg650,remind | SSP1-PkBudg650,<2.0 °C,2030,Heating,EUR,"climate change — GWP 100a, incl. H (premise_gwp)","GWP 100a, incl. H","('IPCC 2021', 'climate change', 'GWP 100a, incl. H')",kg CO2-Eq,7,"electricity production, natural gas, combined cycle power plant",IT,"('ecoinvent-3.12-cutoff_remind-SSP1-PkBudg650_2030_06-2_full', 'fa45b4e70a5945c4a7484e2ef6754afe')",0.10711454714710643,2.455136737903435,Climate change — premise GWP incl. H₂
ecoinvent-3.12-cutoff_remind-SSP1-PkBudg650_2030_06-2_full,remind,REMIND,SSP1-PkBudg650,REMIND — SSP1-PkBudg650,remind | SSP1-PkBudg650,<2.0 °C,2030,Heating,EUR,"climate change — GWP 100a, incl. H (premise_gwp)","GWP 100a, incl. H","('IPCC 2021', 'climate change', 'GWP 100a, incl. H')",kg CO2-Eq,8,"hydrogen supply, distributed by pipeline",EUR,"('ecoinvent-3.12-cutoff_remind-SSP1-PkBudg650_2030_06-2_full', 'ca4ffb0d3a4b482fae2eaab51db65c2f')",0.07659339865107881,1.7555716932723535,Climate change — premise GWP incl. H₂
ecoinvent-3.12-cutoff_remind-SSP1-PkBudg650_2030_06-2_full,remind,REMIND,SSP1-PkBudg650,REMIND — SSP1-PkBudg650,remind | SSP1-PkBudg650,<2.0 °C,2030,Heating,EUR,"climate change — GWP 100a, incl. H (premise_gwp)","GWP 100a, incl. H","('IPCC 2021', 'climate change', 'GWP 100a, incl. H')",kg CO2-Eq,9,"electricity production, natural gas, combined cycle power plant",GB,"('ecoinvent-3.12-cutoff_remind-SSP1-PkBudg650_2030_06-2_full', '2562ebb0175c4f2d887b21414fd39e86')",0.0742634281648266,1.702167218423831,Climate change — premise GWP incl. H₂
ecoinvent-3.12-cutoff_remind-SSP1-PkBudg650_2030_06-2_full,remind,REMIND,SSP1-PkBudg650,REMIND — SSP1-PkBudg650,remind | SSP1-PkBudg650,<2.0 °C,2030,Heating,EUR,"climate change — GWP 100a, incl. H (premise_gwp)","GWP 100a, incl. H","('IPCC 2021', 'climate change', 'GWP 100a, incl. H')",kg CO2-Eq,10,"electricity production, natural gas, combined cycle power plant",FR,"('ecoinvent-3.12-cutoff_remind-SSP1-PkBudg650_2030_06-2_full', 'ed4b7163b4cd45cabe7389767125b9af')",0.06791536940119461,1.5566654849985988,Climate change — premise GWP incl. H₂
ecoinvent-3.12-cutoff_remind-SSP1-PkBudg650_2030_06-2_full,remind,REMIND,SSP1-PkBudg650,REMIND — SSP1-PkBudg650,remind | SSP1-PkBudg650,<2.0 °C,2030,Heating,EUR,"climate change — GWP 100a, incl. H (premise_gwp)","GWP 100a, incl. H","('IPCC 2021', 'climate change', 'GWP 100a, incl. H')",kg CO2-Eq,11,Other,,,1.2088986461829587,27.708761860042888,Climate change — premise GWP incl. H₂
ecoinvent-3.12-cutoff_remind-SSP1-PkBudg650_2030_06-2_full,remind,REMIND,SSP1-PkBudg650,REMIND — SSP1-PkBudg650,remind | SSP1-PkBudg650,<2.0 °C,2030,Other end uses,EUR,"climate change — GWP 100a, incl. H (premise_gwp)","GWP 100a, incl. H","('IPCC 2021', 'climate change', 'GWP 100a, incl. H')",kg CO2-Eq,1,"hydrogen production, steam methane reforming",EUR,"('ecoinvent-3.12-cutoff_remind-SSP1-PkBudg650_2030_06-2_full', '46bfddb2801948c59f24d2aec29eb2ee')",2.078122463995869,46.393475690555015,Climate change — premise GWP incl. H₂
ecoinvent-3.12-cutoff_remind-SSP1-PkBudg650_2030_06-2_full,remind,REMIND,SSP1-PkBudg650,REMIND — SSP1-PkBudg650,remind | SSP1-PkBudg650,<2.0 °C,2030,Other end uses,EUR,"climate change — GWP 100a, incl. H (premise_gwp)","GWP 100a, incl. H","('IPCC 2021', 'climate change', 'GWP 100a, incl. H')",kg CO2-Eq,2,"electricity production, natural gas, subcritical, steam cycle",EUR,"('ecoinvent-3.12-cutoff_remind-SSP1-PkBudg650_2030_06-2_full', '5bcb35b906294077b7acc1be7633cd45')",0.21535415068849623,4.80771837460236,Climate change — premise GWP incl. H₂
ecoinvent-3.12-cutoff_remind-SSP1-PkBudg650_2030_06-2_full,remind,REMIND,SSP1-PkBudg650,REMIND — SSP1-PkBudg650,remind | SSP1-PkBudg650,<2.0 °C,2030,Other end uses,EUR,"climate change — GWP 100a, incl. H (premise_gwp)","GWP 100a, incl. H","('IPCC 2021', 'climate change', 'GWP 100a, incl. H')",kg CO2-Eq,3,natural gas venting from petroleum/natural gas production,GLO,"('ecoinvent-3.12-cutoff_remind-SSP1-PkBudg650_2030_06-2_full', '48297805c5084c6182a62dcbb9c05cce')",0.18522613129553323,4.135119160875378,Climate change — premise GWP incl. H₂
ecoinvent-3.12-cutoff_remind-SSP1-PkBudg650_2030_06-2_full,remind,REMIND,SSP1-PkBudg650,REMIND — SSP1-PkBudg650,remind | SSP1-PkBudg650,<2.0 °C,2030,Other end uses,EUR,"climate change — GWP 100a, incl. H (premise_gwp)","GWP 100a, incl. H","('IPCC 2021', 'climate change', 'GWP 100a, incl. H')",kg CO2-Eq,4,"electricity production, natural gas, combined cycle power plant",ES,"('ecoinvent-3.12-cutoff_remind-SSP1-PkBudg650_2030_06-2_full', '90c207bfc84a41f18547f1ea7270520c')",0.1491321185467015,3.329330891873328,Climate change — premise GWP incl. H₂
ecoinvent-3.12-cutoff_remind-SSP1-PkBudg650_2030_06-2_full,remind,REMIND,SSP1-PkBudg650,REMIND — SSP1-PkBudg650,remind | SSP1-PkBudg650,<2.0 °C,2030,Other end uses,EUR,"climate change — GWP 100a, incl. H (premise_gwp)","GWP 100a, incl. H","('IPCC 2021', 'climate change', 'GWP 100a, incl. H')",kg CO2-Eq,5,"electricity production, natural gas, combined cycle power plant",IT,"('ecoinvent-3.12-cutoff_remind-SSP1-PkBudg650_2030_06-2_full', 'fa45b4e70a5945c4a7484e2ef6754afe')",0.11183706773230635,2.4967297996313,Climate change — premise GWP incl. H₂
ecoinvent-3.12-cutoff_remind-SSP1-PkBudg650_2030_06-2_full,remind,REMIND,SSP1-PkBudg650,REMIND — SSP1-PkBudg650,remind | SSP1-PkBudg650,<2.0 °C,2030,Other end uses,EUR,"climate change — GWP 100a, incl. H (premise_gwp)","GWP 100a, incl. H","('IPCC 2021', 'climate change', 'GWP 100a, incl. H')",kg CO2-Eq,6,"sweet gas, burned in gas turbine",GLO,"('ecoinvent-3.12-cutoff_remind-SSP1-PkBudg650_2030_06-2_full', '8f8a6e1786184765ab5249b8745da8b1')",0.11067513741124065,2.4707900453394243,Climate change — premise GWP incl. H₂
ecoinvent-3.12-cutoff_remind-SSP1-PkBudg650_2030_06-2_full,remind,REMIND,SSP1-PkBudg650,REMIND — SSP1-PkBudg650,remind | SSP1-PkBudg650,<2.0 °C,2030,Other end uses,EUR,"climate change — GWP 100a, incl. H (premise_gwp)","GWP 100a, incl. H","('IPCC 2021', 'climate change', 'GWP 100a, incl. H')",kg CO2-Eq,7,"hydrogen production, steam methane reforming, with CCS",EUR,"('ecoinvent-3.12-cutoff_remind-SSP1-PkBudg650_2030_06-2_full', '115307cd34494f56a5092cd70be9eaa7')",0.11058909082685088,2.468869080530899,Climate change — premise GWP incl. H₂
ecoinvent-3.12-cutoff_remind-SSP1-PkBudg650_2030_06-2_full,remind,REMIND,SSP1-PkBudg650,REMIND — SSP1-PkBudg650,remind | SSP1-PkBudg650,<2.0 °C,2030,Other end uses,EUR,"climate change — GWP 100a, incl. H (premise_gwp)","GWP 100a, incl. H","('IPCC 2021', 'climate change', 'GWP 100a, incl. H')",kg CO2-Eq,8,"electricity production, natural gas, combined cycle power plant",GB,"('ecoinvent-3.12-cutoff_remind-SSP1-PkBudg650_2030_06-2_full', '2562ebb0175c4f2d887b21414fd39e86')",0.07753759192294118,1.7310040424972268,Climate change — premise GWP incl. H₂
ecoinvent-3.12-cutoff_remind-SSP1-PkBudg650_2030_06-2_full,remind,REMIND,SSP1-PkBudg650,REMIND — SSP1-PkBudg650,remind | SSP1-PkBudg650,<2.0 °C,2030,Other end uses,EUR,"climate change — GWP 100a, incl. H (premise_gwp)","GWP 100a, incl. H","('IPCC 2021', 'climate change', 'GWP 100a, incl. H')",kg CO2-Eq,9,"electricity production, natural gas, combined cycle power plant",FR,"('ecoinvent-3.12-cutoff_remind-SSP1-PkBudg650_2030_06-2_full', 'ed4b7163b4cd45cabe7389767125b9af')",0.07090965736009584,1.5830373435430665,Climate change — premise GWP incl. H₂
ecoinvent-3.12-cutoff_remind-SSP1-PkBudg650_2030_06-2_full,remind,REMIND,SSP1-PkBudg650,REMIND — SSP1-PkBudg650,remind | SSP1-PkBudg650,<2.0 °C,2030,Other end uses,EUR,"climate change — GWP 100a, incl. H (premise_gwp)","GWP 100a, incl. H","('IPCC 2021', 'climate change', 'GWP 100a, incl. H')",kg CO2-Eq,10,"market group for electricity, medium voltage",EUR,"('ecoinvent-3.12-cutoff_remind-SSP1-PkBudg650_2030_06-2_full', '21d66092c3ee4b1ba9bc07398d654896')",0.04887729447425131,1.0911712915374099,Climate change — premise GWP incl. H₂
ecoinvent-3.12-cutoff_remind-SSP1-PkBudg650_2030_06-2_full,remind,REMIND,SSP1-PkBudg650,REMIND — SSP1-PkBudg650,remind | SSP1-PkBudg650,<2.0 °C,2030,Other end uses,EUR,"climate change — GWP 100a, incl. H (premise_gwp)","GWP 100a, incl. H","('IPCC 2021', 'climate change', 'GWP 100a, incl. H')",kg CO2-Eq,11,Other,,,1.3210813434443347,29.492754279014587,Climate change — premise GWP incl. H₂
ecoinvent-3.12-cutoff_remind-SSP1-PkBudg650_2040_06-2_full,remind,REMIND,SSP1-PkBudg650,REMIND — SSP1-PkBudg650,remind | SSP1-PkBudg650,<2.0 °C,2040,Generic,RER,"climate change — GWP 100a, incl. H (premise_gwp)","GWP 100a, incl. H","('IPCC 2021', 'climate change', 'GWP 100a, incl. H')",kg CO2-Eq,1,"hydrogen supply, distributed by pipeline",EUR,"('ecoinvent-3.12-cutoff_remind-SSP1-PkBudg650_2040_06-2_full', '8a081d7c64ad44e284d5e074567a8f58')",0.07663693563565539,7.7606404760567225,Climate change — premise GWP incl. H₂
ecoinvent-3.12-cutoff_remind-SSP1-PkBudg650_2040_06-2_full,remind,REMIND,SSP1-PkBudg650,REMIND — SSP1-PkBudg650,remind | SSP1-PkBudg650,<2.0 °C,2040,Generic,RER,"climate change — GWP 100a, incl. H (premise_gwp)","GWP 100a, incl. H","('IPCC 2021', 'climate change', 'GWP 100a, incl. H')",kg CO2-Eq,2,"market group for electricity, medium voltage",EUR,"('ecoinvent-3.12-cutoff_remind-SSP1-PkBudg650_2040_06-2_full', '74fdf0d87ff3463d9e2851e65077cc6f')",0.07048269880510272,7.137431587936653,Climate change — premise GWP incl. H₂
ecoinvent-3.12-cutoff_remind-SSP1-PkBudg650_2040_06-2_full,remind,REMIND,SSP1-PkBudg650,REMIND — SSP1-PkBudg650,remind | SSP1-PkBudg650,<2.0 °C,2040,Generic,RER,"climate change — GWP 100a, incl. H (premise_gwp)","GWP 100a, incl. H","('IPCC 2021', 'climate change', 'GWP 100a, incl. H')",kg CO2-Eq,3,"electricity production, natural gas, subcritical, steam cycle",EUR,"('ecoinvent-3.12-cutoff_remind-SSP1-PkBudg650_2040_06-2_full', 'c7ab088e88e0482cac5497c6a2a34ba4')",0.0523714940135469,5.303400153750401,Climate change — premise GWP incl. H₂
ecoinvent-3.12-cutoff_remind-SSP1-PkBudg650_2040_06-2_full,remind,REMIND,SSP1-PkBudg650,REMIND — SSP1-PkBudg650,remind | SSP1-PkBudg650,<2.0 °C,2040,Generic,RER,"climate change — GWP 100a, incl. H (premise_gwp)","GWP 100a, incl. H","('IPCC 2021', 'climate change', 'GWP 100a, incl. H')",kg CO2-Eq,4,natural gas venting from petroleum/natural gas production,GLO,"('ecoinvent-3.12-cutoff_remind-SSP1-PkBudg650_2040_06-2_full', '39f85251ad80452b868e032659566784')",0.04119442560958154,4.171554148426672,Climate change — premise GWP incl. H₂
ecoinvent-3.12-cutoff_remind-SSP1-PkBudg650_2040_06-2_full,remind,REMIND,SSP1-PkBudg650,REMIND — SSP1-PkBudg650,remind | SSP1-PkBudg650,<2.0 °C,2040,Generic,RER,"climate change — GWP 100a, incl. H (premise_gwp)","GWP 100a, incl. H","('IPCC 2021', 'climate change', 'GWP 100a, incl. H')",kg CO2-Eq,5,"nylon 6-6 production, glass-filled",RoW,"('ecoinvent-3.12-cutoff_remind-SSP1-PkBudg650_2040_06-2_full', 'd96f303b4fd24ad6a708109d48ab6ec5')",0.03595661003535899,3.6411466730458333,Climate change — premise GWP incl. H₂
ecoinvent-3.12-cutoff_remind-SSP1-PkBudg650_2040_06-2_full,remind,REMIND,SSP1-PkBudg650,REMIND — SSP1-PkBudg650,remind | SSP1-PkBudg650,<2.0 °C,2040,Generic,RER,"climate change — GWP 100a, incl. H (premise_gwp)","GWP 100a, incl. H","('IPCC 2021', 'climate change', 'GWP 100a, incl. H')",kg CO2-Eq,6,"diesel, burned in building machine",GLO,"('ecoinvent-3.12-cutoff_remind-SSP1-PkBudg650_2040_06-2_full', '4e2f9ef868ae47a6ac114b44dcd9bf35')",0.03276350231798032,3.3177965705089987,Climate change — premise GWP incl. H₂
ecoinvent-3.12-cutoff_remind-SSP1-PkBudg650_2040_06-2_full,remind,REMIND,SSP1-PkBudg650,REMIND — SSP1-PkBudg650,remind | SSP1-PkBudg650,<2.0 °C,2040,Generic,RER,"climate change — GWP 100a, incl. H (premise_gwp)","GWP 100a, incl. H","('IPCC 2021', 'climate change', 'GWP 100a, incl. H')",kg CO2-Eq,7,"aluminium production, primary, liquid, prebake",CN,"('ecoinvent-3.12-cutoff_remind-SSP1-PkBudg650_2040_06-2_full', '18641b852c6e4a4684245281eabf384a')",0.022618046929475527,2.2904168731998795,Climate change — premise GWP incl. H₂
ecoinvent-3.12-cutoff_remind-SSP1-PkBudg650_2040_06-2_full,remind,REMIND,SSP1-PkBudg650,REMIND — SSP1-PkBudg650,remind | SSP1-PkBudg650,<2.0 °C,2040,Generic,RER,"climate change — GWP 100a, incl. H (premise_gwp)","GWP 100a, incl. H","('IPCC 2021', 'climate change', 'GWP 100a, incl. H')",kg CO2-Eq,8,"nylon 6-6 production, glass-filled",RER,"('ecoinvent-3.12-cutoff_remind-SSP1-PkBudg650_2040_06-2_full', '21eaf68d815047a3983e2d2cb4688860')",0.022020093417269203,2.229865101509916,Climate change — premise GWP incl. H₂
ecoinvent-3.12-cutoff_remind-SSP1-PkBudg650_2040_06-2_full,remind,REMIND,SSP1-PkBudg650,REMIND — SSP1-PkBudg650,remind | SSP1-PkBudg650,<2.0 °C,2040,Generic,RER,"climate change — GWP 100a, incl. H (premise_gwp)","GWP 100a, incl. H","('IPCC 2021', 'climate change', 'GWP 100a, incl. H')",kg CO2-Eq,9,"heat production, at hard coal industrial furnace 1-10MW",CHA,"('ecoinvent-3.12-cutoff_remind-SSP1-PkBudg650_2040_06-2_full', 'cec5c7cf4abe42fbb156cfd93b8095c5')",0.01607101425133746,1.6274315074804113,Climate change — premise GWP incl. H₂
ecoinvent-3.12-cutoff_remind-SSP1-PkBudg650_2040_06-2_full,remind,REMIND,SSP1-PkBudg650,REMIND — SSP1-PkBudg650,remind | SSP1-PkBudg650,<2.0 °C,2040,Generic,RER,"climate change — GWP 100a, incl. H (premise_gwp)","GWP 100a, incl. H","('IPCC 2021', 'climate change', 'GWP 100a, incl. H')",kg CO2-Eq,10,"quicklime production, in pieces, loose",RoW,"('ecoinvent-3.12-cutoff_remind-SSP1-PkBudg650_2040_06-2_full', '9d6343740e8b440e878df6104f02cca8')",0.013654253481211997,1.3826981906010813,Climate change — premise GWP incl. H₂
ecoinvent-3.12-cutoff_remind-SSP1-PkBudg650_2040_06-2_full,remind,REMIND,SSP1-PkBudg650,REMIND — SSP1-PkBudg650,remind | SSP1-PkBudg650,<2.0 °C,2040,Generic,RER,"climate change — GWP 100a, incl. H (premise_gwp)","GWP 100a, incl. H","('IPCC 2021', 'climate change', 'GWP 100a, incl. H')",kg CO2-Eq,11,Other,,,0.6037387977222375,61.137618717483434,Climate change — premise GWP incl. H₂
ecoinvent-3.12-cutoff_remind-SSP1-PkBudg650_2040_06-2_full,remind,REMIND,SSP1-PkBudg650,REMIND — SSP1-PkBudg650,remind | SSP1-PkBudg650,<2.0 °C,2040,Transport,EUR,"climate change — GWP 100a, incl. H (premise_gwp)","GWP 100a, incl. H","('IPCC 2021', 'climate change', 'GWP 100a, incl. H')",kg CO2-Eq,1,"market group for electricity, medium voltage",EUR,"('ecoinvent-3.12-cutoff_remind-SSP1-PkBudg650_2040_06-2_full', '74fdf0d87ff3463d9e2851e65077cc6f')",0.07409069716561185,6.81829196088461,Climate change — premise GWP incl. H₂
ecoinvent-3.12-cutoff_remind-SSP1-PkBudg650_2040_06-2_full,remind,REMIND,SSP1-PkBudg650,REMIND — SSP1-PkBudg650,remind | SSP1-PkBudg650,<2.0 °C,2040,Transport,EUR,"climate change — GWP 100a, incl. H (premise_gwp)","GWP 100a, incl. H","('IPCC 2021', 'climate change', 'GWP 100a, incl. H')",kg CO2-Eq,2,"electricity production, natural gas, subcritical, steam cycle",EUR,"('ecoinvent-3.12-cutoff_remind-SSP1-PkBudg650_2040_06-2_full', 'c7ab088e88e0482cac5497c6a2a34ba4')",0.05505059844825818,5.066102320546923,Climate change — premise GWP incl. H₂
ecoinvent-3.12-cutoff_remind-SSP1-PkBudg650_2040_06-2_full,remind,REMIND,SSP1-PkBudg650,REMIND — SSP1-PkBudg650,remind | SSP1-PkBudg650,<2.0 °C,2040,Transport,EUR,"climate change — GWP 100a, incl. H (premise_gwp)","GWP 100a, incl. H","('IPCC 2021', 'climate change', 'GWP 100a, incl. H')",kg CO2-Eq,3,liquid hydrogen production,EUR,"('ecoinvent-3.12-cutoff_remind-SSP1-PkBudg650_2040_06-2_full', 'c031d9a17ada45f5809589306c04f6ed')",0.04455019434398104,4.099789090558013,Climate change — premise GWP incl. H₂
ecoinvent-3.12-cutoff_remind-SSP1-PkBudg650_2040_06-2_full,remind,REMIND,SSP1-PkBudg650,REMIND — SSP1-PkBudg650,remind | SSP1-PkBudg650,<2.0 °C,2040,Transport,EUR,"climate change — GWP 100a, incl. H (premise_gwp)","GWP 100a, incl. H","('IPCC 2021', 'climate change', 'GWP 100a, incl. H')",kg CO2-Eq,4,natural gas venting from petroleum/natural gas production,GLO,"('ecoinvent-3.12-cutoff_remind-SSP1-PkBudg650_2040_06-2_full', '39f85251ad80452b868e032659566784')",0.044473021163653946,4.092687129108737,Climate change — premise GWP incl. H₂
ecoinvent-3.12-cutoff_remind-SSP1-PkBudg650_2040_06-2_full,remind,REMIND,SSP1-PkBudg650,REMIND — SSP1-PkBudg650,remind | SSP1-PkBudg650,<2.0 °C,2040,Transport,EUR,"climate change — GWP 100a, incl. H (premise_gwp)","GWP 100a, incl. H","('IPCC 2021', 'climate change', 'GWP 100a, incl. H')",kg CO2-Eq,5,"hydrogen supply, distributed by pipeline",EUR,"('ecoinvent-3.12-cutoff_remind-SSP1-PkBudg650_2040_06-2_full', '8a081d7c64ad44e284d5e074567a8f58')",0.038720911304268774,3.5633418008456603,Climate change — premise GWP incl. H₂
ecoinvent-3.12-cutoff_remind-SSP1-PkBudg650_2040_06-2_full,remind,REMIND,SSP1-PkBudg650,REMIND — SSP1-PkBudg650,remind | SSP1-PkBudg650,<2.0 °C,2040,Transport,EUR,"climate change — GWP 100a, incl. H (premise_gwp)","GWP 100a, incl. H","('IPCC 2021', 'climate change', 'GWP 100a, incl. H')",kg CO2-Eq,6,"nylon 6-6 production, glass-filled",RoW,"('ecoinvent-3.12-cutoff_remind-SSP1-PkBudg650_2040_06-2_full', 'd96f303b4fd24ad6a708109d48ab6ec5')",0.03780578241851973,3.47912588489971,Climate change — premise GWP incl. H₂
ecoinvent-3.12-cutoff_remind-SSP1-PkBudg650_2040_06-2_full,remind,REMIND,SSP1-PkBudg650,REMIND — SSP1-PkBudg650,remind | SSP1-PkBudg650,<2.0 °C,2040,Transport,EUR,"climate change — GWP 100a, incl. H (premise_gwp)","GWP 100a, incl. H","('IPCC 2021', 'climate change', 'GWP 100a, incl. H')",kg CO2-Eq,7,"diesel, burned in building machine",GLO,"('ecoinvent-3.12-cutoff_remind-SSP1-PkBudg650_2040_06-2_full', '4e2f9ef868ae47a6ac114b44dcd9bf35')",0.03422178892529646,3.149304261436179,Climate change — premise GWP incl. H₂
ecoinvent-3.12-cutoff_remind-SSP1-PkBudg650_2040_06-2_full,remind,REMIND,SSP1-PkBudg650,REMIND — SSP1-PkBudg650,remind | SSP1-PkBudg650,<2.0 °C,2040,Transport,EUR,"climate change — GWP 100a, incl. H (premise_gwp)","GWP 100a, incl. H","('IPCC 2021', 'climate change', 'GWP 100a, incl. H')",kg CO2-Eq,8,"aluminium production, primary, liquid, prebake",CN,"('ecoinvent-3.12-cutoff_remind-SSP1-PkBudg650_2040_06-2_full', '18641b852c6e4a4684245281eabf384a')",0.023887917830876154,2.198316446455724,Climate change — premise GWP incl. H₂
ecoinvent-3.12-cutoff_remind-SSP1-PkBudg650_2040_06-2_full,remind,REMIND,SSP1-PkBudg650,REMIND — SSP1-PkBudg650,remind | SSP1-PkBudg650,<2.0 °C,2040,Transport,EUR,"climate change — GWP 100a, incl. H (premise_gwp)","GWP 100a, incl. H","('IPCC 2021', 'climate change', 'GWP 100a, incl. H')",kg CO2-Eq,9,"nylon 6-6 production, glass-filled",RER,"('ecoinvent-3.12-cutoff_remind-SSP1-PkBudg650_2040_06-2_full', '21eaf68d815047a3983e2d2cb4688860')",0.023153767013703554,2.1307552706765853,Climate change — premise GWP incl. H₂
ecoinvent-3.12-cutoff_remind-SSP1-PkBudg650_2040_06-2_full,remind,REMIND,SSP1-PkBudg650,REMIND — SSP1-PkBudg650,remind | SSP1-PkBudg650,<2.0 °C,2040,Transport,EUR,"climate change — GWP 100a, incl. H (premise_gwp)","GWP 100a, incl. H","('IPCC 2021', 'climate change', 'GWP 100a, incl. H')",kg CO2-Eq,10,"heat production, at hard coal industrial furnace 1-10MW",CHA,"('ecoinvent-3.12-cutoff_remind-SSP1-PkBudg650_2040_06-2_full', 'cec5c7cf4abe42fbb156cfd93b8095c5')",0.01696269800109825,1.5610141602160823,Climate change — premise GWP incl. H₂
ecoinvent-3.12-cutoff_remind-SSP1-PkBudg650_2040_06-2_full,remind,REMIND,SSP1-PkBudg650,REMIND — SSP1-PkBudg650,remind | SSP1-PkBudg650,<2.0 °C,2040,Transport,EUR,"climate change — GWP 100a, incl. H (premise_gwp)","GWP 100a, incl. H","('IPCC 2021', 'climate change', 'GWP 100a, incl. H')",kg CO2-Eq,11,Other,,,0.6937286278482795,63.841271674371804,Climate change — premise GWP incl. H₂
ecoinvent-3.12-cutoff_remind-SSP1-PkBudg650_2040_06-2_full,remind,REMIND,SSP1-PkBudg650,REMIND — SSP1-PkBudg650,remind | SSP1-PkBudg650,<2.0 °C,2040,Chemicals,EUR,"climate change — GWP 100a, incl. H (premise_gwp)","GWP 100a, incl. H","('IPCC 2021', 'climate change', 'GWP 100a, incl. H')",kg CO2-Eq,1,"market group for electricity, medium voltage",EUR,"('ecoinvent-3.12-cutoff_remind-SSP1-PkBudg650_2040_06-2_full', '74fdf0d87ff3463d9e2851e65077cc6f')",0.06979624877349268,7.251621842679273,Climate change — premise GWP incl. H₂
ecoinvent-3.12-cutoff_remind-SSP1-PkBudg650_2040_06-2_full,remind,REMIND,SSP1-PkBudg650,REMIND — SSP1-PkBudg650,remind | SSP1-PkBudg650,<2.0 °C,2040,Chemicals,EUR,"climate change — GWP 100a, incl. H (premise_gwp)","GWP 100a, incl. H","('IPCC 2021', 'climate change', 'GWP 100a, incl. H')",kg CO2-Eq,2,"hydrogen supply, distributed by pipeline",EUR,"('ecoinvent-3.12-cutoff_remind-SSP1-PkBudg650_2040_06-2_full', '8a081d7c64ad44e284d5e074567a8f58')",0.06131775401993464,6.37073155375456,Climate change — premise GWP incl. H₂
ecoinvent-3.12-cutoff_remind-SSP1-PkBudg650_2040_06-2_full,remind,REMIND,SSP1-PkBudg650,REMIND — SSP1-PkBudg650,remind | SSP1-PkBudg650,<2.0 °C,2040,Chemicals,EUR,"climate change — GWP 100a, incl. H (premise_gwp)","GWP 100a, incl. H","('IPCC 2021', 'climate change', 'GWP 100a, incl. H')",kg CO2-Eq,3,"electricity production, natural gas, subcritical, steam cycle",EUR,"('ecoinvent-3.12-cutoff_remind-SSP1-PkBudg650_2040_06-2_full', 'c7ab088e88e0482cac5497c6a2a34ba4')",0.05186069503700615,5.38817136329694,Climate change — premise GWP incl. H₂
ecoinvent-3.12-cutoff_remind-SSP1-PkBudg650_2040_06-2_full,remind,REMIND,SSP1-PkBudg650,REMIND — SSP1-PkBudg650,remind | SSP1-PkBudg650,<2.0 °C,2040,Chemicals,EUR,"climate change — GWP 100a, incl. H (premise_gwp)","GWP 100a, incl. H","('IPCC 2021', 'climate change', 'GWP 100a, incl. H')",kg CO2-Eq,4,natural gas venting from petroleum/natural gas production,GLO,"('ecoinvent-3.12-cutoff_remind-SSP1-PkBudg650_2040_06-2_full', '39f85251ad80452b868e032659566784')",0.04082205608422526,4.241289736417345,Climate change — premise GWP incl. H₂
ecoinvent-3.12-cutoff_remind-SSP1-PkBudg650_2040_06-2_full,remind,REMIND,SSP1-PkBudg650,REMIND — SSP1-PkBudg650,remind | SSP1-PkBudg650,<2.0 °C,2040,Chemicals,EUR,"climate change — GWP 100a, incl. H (premise_gwp)","GWP 100a, incl. H","('IPCC 2021', 'climate change', 'GWP 100a, incl. H')",kg CO2-Eq,5,"nylon 6-6 production, glass-filled",RoW,"('ecoinvent-3.12-cutoff_remind-SSP1-PkBudg650_2040_06-2_full', 'd96f303b4fd24ad6a708109d48ab6ec5')",0.035606375635017506,3.699396111264895,Climate change — premise GWP incl. H₂
ecoinvent-3.12-cutoff_remind-SSP1-PkBudg650_2040_06-2_full,remind,REMIND,SSP1-PkBudg650,REMIND — SSP1-PkBudg650,remind | SSP1-PkBudg650,<2.0 °C,2040,Chemicals,EUR,"climate change — GWP 100a, incl. H (premise_gwp)","GWP 100a, incl. H","('IPCC 2021', 'climate change', 'GWP 100a, incl. H')",kg CO2-Eq,6,"diesel, burned in building machine",GLO,"('ecoinvent-3.12-cutoff_remind-SSP1-PkBudg650_2040_06-2_full', '4e2f9ef868ae47a6ac114b44dcd9bf35')",0.032488622903408856,3.375470911760582,Climate change — premise GWP incl. H₂
ecoinvent-3.12-cutoff_remind-SSP1-PkBudg650_2040_06-2_full,remind,REMIND,SSP1-PkBudg650,REMIND — SSP1-PkBudg650,remind | SSP1-PkBudg650,<2.0 °C,2040,Chemicals,EUR,"climate change — GWP 100a, incl. H (premise_gwp)","GWP 100a, incl. H","('IPCC 2021', 'climate change', 'GWP 100a, incl. H')",kg CO2-Eq,7,"aluminium production, primary, liquid, prebake",CN,"('ecoinvent-3.12-cutoff_remind-SSP1-PkBudg650_2040_06-2_full', '18641b852c6e4a4684245281eabf384a')",0.02240441384022355,2.3277517005741055,Climate change — premise GWP incl. H₂
ecoinvent-3.12-cutoff_remind-SSP1-PkBudg650_2040_06-2_full,remind,REMIND,SSP1-PkBudg650,REMIND — SSP1-PkBudg650,remind | SSP1-PkBudg650,<2.0 °C,2040,Chemicals,EUR,"climate change — GWP 100a, incl. H (premise_gwp)","GWP 100a, incl. H","('IPCC 2021', 'climate change', 'GWP 100a, incl. H')",kg CO2-Eq,8,"nylon 6-6 production, glass-filled",RER,"('ecoinvent-3.12-cutoff_remind-SSP1-PkBudg650_2040_06-2_full', '21eaf68d815047a3983e2d2cb4688860')",0.021805619365721576,2.265538742616066,Climate change — premise GWP incl. H₂
ecoinvent-3.12-cutoff_remind-SSP1-PkBudg650_2040_06-2_full,remind,REMIND,SSP1-PkBudg650,REMIND — SSP1-PkBudg650,remind | SSP1-PkBudg650,<2.0 °C,2040,Chemicals,EUR,"climate change — GWP 100a, incl. H (premise_gwp)","GWP 100a, incl. H","('IPCC 2021', 'climate change', 'GWP 100a, incl. H')",kg CO2-Eq,9,"heat production, at hard coal industrial furnace 1-10MW",CHA,"('ecoinvent-3.12-cutoff_remind-SSP1-PkBudg650_2040_06-2_full', 'cec5c7cf4abe42fbb156cfd93b8095c5')",0.015912637070350125,1.6532754780053853,Climate change — premise GWP incl. H₂
ecoinvent-3.12-cutoff_remind-SSP1-PkBudg650_2040_06-2_full,remind,REMIND,SSP1-PkBudg650,REMIND — SSP1-PkBudg650,remind | SSP1-PkBudg650,<2.0 °C,2040,Chemicals,EUR,"climate change — GWP 100a, incl. H (premise_gwp)","GWP 100a, incl. H","('IPCC 2021', 'climate change', 'GWP 100a, incl. H')",kg CO2-Eq,10,"quicklime production, in pieces, loose",RoW,"('ecoinvent-3.12-cutoff_remind-SSP1-PkBudg650_2040_06-2_full', '9d6343740e8b440e878df6104f02cca8')",0.01342518337871213,1.394836466741705,Climate change — premise GWP incl. H₂
ecoinvent-3.12-cutoff_remind-SSP1-PkBudg650_2040_06-2_full,remind,REMIND,SSP1-PkBudg650,REMIND — SSP1-PkBudg650,remind | SSP1-PkBudg650,<2.0 °C,2040,Chemicals,EUR,"climate change — GWP 100a, incl. H (premise_gwp)","GWP 100a, incl. H","('IPCC 2021', 'climate change', 'GWP 100a, incl. H')",kg CO2-Eq,11,Other,,,0.5970519618154893,62.031916092889126,Climate change — premise GWP incl. H₂
ecoinvent-3.12-cutoff_remind-SSP1-PkBudg650_2040_06-2_full,remind,REMIND,SSP1-PkBudg650,REMIND — SSP1-PkBudg650,remind | SSP1-PkBudg650,<2.0 °C,2040,Steel,EUR,"climate change — GWP 100a, incl. H (premise_gwp)","GWP 100a, incl. H","('IPCC 2021', 'climate change', 'GWP 100a, incl. H')",kg CO2-Eq,1,"market group for electricity, medium voltage",EUR,"('ecoinvent-3.12-cutoff_remind-SSP1-PkBudg650_2040_06-2_full', '74fdf0d87ff3463d9e2851e65077cc6f')",0.07361967677464369,6.855860103490975,Climate change — premise GWP incl. H₂
ecoinvent-3.12-cutoff_remind-SSP1-PkBudg650_2040_06-2_full,remind,REMIND,SSP1-PkBudg650,REMIND — SSP1-PkBudg650,remind | SSP1-PkBudg650,<2.0 °C,2040,Steel,EUR,"climate change — GWP 100a, incl. H (premise_gwp)","GWP 100a, incl. H","('IPCC 2021', 'climate change', 'GWP 100a, incl. H')",kg CO2-Eq,2,"hydrogen supply, distributed by pipeline",EUR,"('ecoinvent-3.12-cutoff_remind-SSP1-PkBudg650_2040_06-2_full', '8a081d7c64ad44e284d5e074567a8f58')",0.06157488766129271,5.734184584730385,Climate change — premise GWP incl. H₂
ecoinvent-3.12-cutoff_remind-SSP1-PkBudg650_2040_06-2_full,remind,REMIND,SSP1-PkBudg650,REMIND — SSP1-PkBudg650,remind | SSP1-PkBudg650,<2.0 °C,2040,Steel,EUR,"climate change — GWP 100a, incl. H (premise_gwp)","GWP 100a, incl. H","('IPCC 2021', 'climate change', 'GWP 100a, incl. H')",kg CO2-Eq,3,"electricity production, natural gas, subcritical, steam cycle",EUR,"('ecoinvent-3.12-cutoff_remind-SSP1-PkBudg650_2040_06-2_full', 'c7ab088e88e0482cac5497c6a2a34ba4')",0.05470164737828567,5.094111496903343,Climate change — premise GWP incl. H₂
ecoinvent-3.12-cutoff_remind-SSP1-PkBudg650_2040_06-2_full,remind,REMIND,SSP1-PkBudg650,REMIND — SSP1-PkBudg650,remind | SSP1-PkBudg650,<2.0 °C,2040,Steel,EUR,"climate change — GWP 100a, incl. H (premise_gwp)","GWP 100a, incl. H","('IPCC 2021', 'climate change', 'GWP 100a, incl. H')",kg CO2-Eq,4,natural gas venting from petroleum/natural gas production,GLO,"('ecoinvent-3.12-cutoff_remind-SSP1-PkBudg650_2040_06-2_full', '39f85251ad80452b868e032659566784')",0.0435880183010023,4.059150606906783,Climate change — premise GWP incl. H₂
ecoinvent-3.12-cutoff_remind-SSP1-PkBudg650_2040_06-2_full,remind,REMIND,SSP1-PkBudg650,REMIND — SSP1-PkBudg650,remind | SSP1-PkBudg650,<2.0 °C,2040,Steel,EUR,"climate change — GWP 100a, incl. H (premise_gwp)","GWP 100a, incl. H","('IPCC 2021', 'climate change', 'GWP 100a, incl. H')",kg CO2-Eq,5,"nylon 6-6 production, glass-filled",RoW,"('ecoinvent-3.12-cutoff_remind-SSP1-PkBudg650_2040_06-2_full', 'd96f303b4fd24ad6a708109d48ab6ec5')",0.037562057105777494,3.49798070296942,Climate change — premise GWP incl. H₂
ecoinvent-3.12-cutoff_remind-SSP1-PkBudg650_2040_06-2_full,remind,REMIND,SSP1-PkBudg650,REMIND — SSP1-PkBudg650,remind | SSP1-PkBudg650,<2.0 °C,2040,Steel,EUR,"climate change — GWP 100a, incl. H (premise_gwp)","GWP 100a, incl. H","('IPCC 2021', 'climate change', 'GWP 100a, incl. H')",kg CO2-Eq,6,liquid hydrogen production,EUR,"('ecoinvent-3.12-cutoff_remind-SSP1-PkBudg650_2040_06-2_full', 'c031d9a17ada45f5809589306c04f6ed')",0.03564019413649814,3.319006490738198,Climate change — premise GWP incl. H₂
ecoinvent-3.12-cutoff_remind-SSP1-PkBudg650_2040_06-2_full,remind,REMIND,SSP1-PkBudg650,REMIND — SSP1-PkBudg650,remind | SSP1-PkBudg650,<2.0 °C,2040,Steel,EUR,"climate change — GWP 100a, incl. H (premise_gwp)","GWP 100a, incl. H","('IPCC 2021', 'climate change', 'GWP 100a, incl. H')",kg CO2-Eq,7,"diesel, burned in building machine",GLO,"('ecoinvent-3.12-cutoff_remind-SSP1-PkBudg650_2040_06-2_full', '4e2f9ef868ae47a6ac114b44dcd9bf35')",0.034001870576538064,3.1664369926986713,Climate change — premise GWP incl. H₂
ecoinvent-3.12-cutoff_remind-SSP1-PkBudg650_2040_06-2_full,remind,REMIND,SSP1-PkBudg650,REMIND — SSP1-PkBudg650,remind | SSP1-PkBudg650,<2.0 °C,2040,Steel,EUR,"climate change — GWP 100a, incl. H (premise_gwp)","GWP 100a, incl. H","('IPCC 2021', 'climate change', 'GWP 100a, incl. H')",kg CO2-Eq,8,"aluminium production, primary, liquid, prebake",CN,"('ecoinvent-3.12-cutoff_remind-SSP1-PkBudg650_2040_06-2_full', '18641b852c6e4a4684245281eabf384a')",0.023695071626358602,2.2066124619072562,Climate change — premise GWP incl. H₂
ecoinvent-3.12-cutoff_remind-SSP1-PkBudg650_2040_06-2_full,remind,REMIND,SSP1-PkBudg650,REMIND — SSP1-PkBudg650,remind | SSP1-PkBudg650,<2.0 °C,2040,Steel,EUR,"climate change — GWP 100a, incl. H (premise_gwp)","GWP 100a, incl. H","('IPCC 2021', 'climate change', 'GWP 100a, incl. H')",kg CO2-Eq,9,"nylon 6-6 production, glass-filled",RER,"('ecoinvent-3.12-cutoff_remind-SSP1-PkBudg650_2040_06-2_full', '21eaf68d815047a3983e2d2cb4688860')",0.023004054341535542,2.142261217221096,Climate change — premise GWP incl. H₂
ecoinvent-3.12-cutoff_remind-SSP1-PkBudg650_2040_06-2_full,remind,REMIND,SSP1-PkBudg650,REMIND — SSP1-PkBudg650,remind | SSP1-PkBudg650,<2.0 °C,2040,Steel,EUR,"climate change — GWP 100a, incl. H (premise_gwp)","GWP 100a, incl. H","('IPCC 2021', 'climate change', 'GWP 100a, incl. H')",kg CO2-Eq,10,"heat production, at hard coal industrial furnace 1-10MW",CHA,"('ecoinvent-3.12-cutoff_remind-SSP1-PkBudg650_2040_06-2_full', 'cec5c7cf4abe42fbb156cfd93b8095c5')",0.01682695611022823,1.5670166199241067,Climate change — premise GWP incl. H₂
ecoinvent-3.12-cutoff_remind-SSP1-PkBudg650_2040_06-2_full,remind,REMIND,SSP1-PkBudg650,REMIND — SSP1-PkBudg650,remind | SSP1-PkBudg650,<2.0 °C,2040,Steel,EUR,"climate change — GWP 100a, incl. H (premise_gwp)","GWP 100a, incl. H","('IPCC 2021', 'climate change', 'GWP 100a, incl. H')",kg CO2-Eq,11,Other,,,0.6696067301209419,62.357378722509786,Climate change — premise GWP incl. H₂
ecoinvent-3.12-cutoff_remind-SSP1-PkBudg650_2040_06-2_full,remind,REMIND,SSP1-PkBudg650,REMIND — SSP1-PkBudg650,remind | SSP1-PkBudg650,<2.0 °C,2040,Cement,EUR,"climate change — GWP 100a, incl. H (premise_gwp)","GWP 100a, incl. H","('IPCC 2021', 'climate change', 'GWP 100a, incl. H')",kg CO2-Eq,1,"market group for electricity, medium voltage",EUR,"('ecoinvent-3.12-cutoff_remind-SSP1-PkBudg650_2040_06-2_full', '74fdf0d87ff3463d9e2851e65077cc6f')",0.07361967677464369,6.855860103490974,Climate change — premise GWP incl. H₂
ecoinvent-3.12-cutoff_remind-SSP1-PkBudg650_2040_06-2_full,remind,REMIND,SSP1-PkBudg650,REMIND — SSP1-PkBudg650,remind | SSP1-PkBudg650,<2.0 °C,2040,Cement,EUR,"climate change — GWP 100a, incl. H (premise_gwp)","GWP 100a, incl. H","('IPCC 2021', 'climate change', 'GWP 100a, incl. H')",kg CO2-Eq,2,"hydrogen supply, distributed by pipeline",EUR,"('ecoinvent-3.12-cutoff_remind-SSP1-PkBudg650_2040_06-2_full', '8a081d7c64ad44e284d5e074567a8f58')",0.06157488766129271,5.734184584730384,Climate change — premise GWP incl. H₂
ecoinvent-3.12-cutoff_remind-SSP1-PkBudg650_2040_06-2_full,remind,REMIND,SSP1-PkBudg650,REMIND — SSP1-PkBudg650,remind | SSP1-PkBudg650,<2.0 °C,2040,Cement,EUR,"climate change — GWP 100a, incl. H (premise_gwp)","GWP 100a, incl. H","('IPCC 2021', 'climate change', 'GWP 100a, incl. H')",kg CO2-Eq,3,"electricity production, natural gas, subcritical, steam cycle",EUR,"('ecoinvent-3.12-cutoff_remind-SSP1-PkBudg650_2040_06-2_full', 'c7ab088e88e0482cac5497c6a2a34ba4')",0.05470164737828567,5.094111496903342,Climate change — premise GWP incl. H₂
ecoinvent-3.12-cutoff_remind-SSP1-PkBudg650_2040_06-2_full,remind,REMIND,SSP1-PkBudg650,REMIND — SSP1-PkBudg650,remind | SSP1-PkBudg650,<2.0 °C,2040,Cement,EUR,"climate change — GWP 100a, incl. H (premise_gwp)","GWP 100a, incl. H","('IPCC 2021', 'climate change', 'GWP 100a, incl. H')",kg CO2-Eq,4,natural gas venting from petroleum/natural gas production,GLO,"('ecoinvent-3.12-cutoff_remind-SSP1-PkBudg650_2040_06-2_full', '39f85251ad80452b868e032659566784')",0.04358801830100231,4.059150606906783,Climate change — premise GWP incl. H₂
ecoinvent-3.12-cutoff_remind-SSP1-PkBudg650_2040_06-2_full,remind,REMIND,SSP1-PkBudg650,REMIND — SSP1-PkBudg650,remind | SSP1-PkBudg650,<2.0 °C,2040,Cement,EUR,"climate change — GWP 100a, incl. H (premise_gwp)","GWP 100a, incl. H","('IPCC 2021', 'climate change', 'GWP 100a, incl. H')",kg CO2-Eq,5,"nylon 6-6 production, glass-filled",RoW,"('ecoinvent-3.12-cutoff_remind-SSP1-PkBudg650_2040_06-2_full', 'd96f303b4fd24ad6a708109d48ab6ec5')",0.037562057105777494,3.497980702969419,Climate change — premise GWP incl. H₂
ecoinvent-3.12-cutoff_remind-SSP1-PkBudg650_2040_06-2_full,remind,REMIND,SSP1-PkBudg650,REMIND — SSP1-PkBudg650,remind | SSP1-PkBudg650,<2.0 °C,2040,Cement,EUR,"climate change — GWP 100a, incl. H (premise_gwp)","GWP 100a, incl. H","('IPCC 2021', 'climate change', 'GWP 100a, incl. H')",kg CO2-Eq,6,liquid hydrogen production,EUR,"('ecoinvent-3.12-cutoff_remind-SSP1-PkBudg650_2040_06-2_full', 'c031d9a17ada45f5809589306c04f6ed')",0.03564019413649814,3.3190064907381975,Climate change — premise GWP incl. H₂
ecoinvent-3.12-cutoff_remind-SSP1-PkBudg650_2040_06-2_full,remind,REMIND,SSP1-PkBudg650,REMIND — SSP1-PkBudg650,remind | SSP1-PkBudg650,<2.0 °C,2040,Cement,EUR,"climate change — GWP 100a, incl. H (premise_gwp)","GWP 100a, incl. H","('IPCC 2021', 'climate change', 'GWP 100a, incl. H')",kg CO2-Eq,7,"diesel, burned in building machine",GLO,"('ecoinvent-3.12-cutoff_remind-SSP1-PkBudg650_2040_06-2_full', '4e2f9ef868ae47a6ac114b44dcd9bf35')",0.03400187057653808,3.166436992698672,Climate change — premise GWP incl. H₂
ecoinvent-3.12-cutoff_remind-SSP1-PkBudg650_2040_06-2_full,remind,REMIND,SSP1-PkBudg650,REMIND — SSP1-PkBudg650,remind | SSP1-PkBudg650,<2.0 °C,2040,Cement,EUR,"climate change — GWP 100a, incl. H (premise_gwp)","GWP 100a, incl. H","('IPCC 2021', 'climate change', 'GWP 100a, incl. H')",kg CO2-Eq,8,"aluminium production, primary, liquid, prebake",CN,"('ecoinvent-3.12-cutoff_remind-SSP1-PkBudg650_2040_06-2_full', '18641b852c6e4a4684245281eabf384a')",0.023695071626358602,2.206612461907256,Climate change — premise GWP incl. H₂
ecoinvent-3.12-cutoff_remind-SSP1-PkBudg650_2040_06-2_full,remind,REMIND,SSP1-PkBudg650,REMIND — SSP1-PkBudg650,remind | SSP1-PkBudg650,<2.0 °C,2040,Cement,EUR,"climate change — GWP 100a, incl. H (premise_gwp)","GWP 100a, incl. H","('IPCC 2021', 'climate change', 'GWP 100a, incl. H')",kg CO2-Eq,9,"nylon 6-6 production, glass-filled",RER,"('ecoinvent-3.12-cutoff_remind-SSP1-PkBudg650_2040_06-2_full', '21eaf68d815047a3983e2d2cb4688860')",0.023004054341535542,2.1422612172210957,Climate change — premise GWP incl. H₂
ecoinvent-3.12-cutoff_remind-SSP1-PkBudg650_2040_06-2_full,remind,REMIND,SSP1-PkBudg650,REMIND — SSP1-PkBudg650,remind | SSP1-PkBudg650,<2.0 °C,2040,Cement,EUR,"climate change — GWP 100a, incl. H (premise_gwp)","GWP 100a, incl. H","('IPCC 2021', 'climate change', 'GWP 100a, incl. H')",kg CO2-Eq,10,"heat production, at hard coal industrial furnace 1-10MW",CHA,"('ecoinvent-3.12-cutoff_remind-SSP1-PkBudg650_2040_06-2_full', 'cec5c7cf4abe42fbb156cfd93b8095c5')",0.01682695611022823,1.5670166199241062,Climate change — premise GWP incl. H₂
ecoinvent-3.12-cutoff_remind-SSP1-PkBudg650_2040_06-2_full,remind,REMIND,SSP1-PkBudg650,REMIND — SSP1-PkBudg650,remind | SSP1-PkBudg650,<2.0 °C,2040,Cement,EUR,"climate change — GWP 100a, incl. H (premise_gwp)","GWP 100a, incl. H","('IPCC 2021', 'climate change', 'GWP 100a, incl. H')",kg CO2-Eq,11,Other,,,0.6696067301209419,62.35737872250977,Climate change — premise GWP incl. H₂
ecoinvent-3.12-cutoff_remind-SSP1-PkBudg650_2040_06-2_full,remind,REMIND,SSP1-PkBudg650,REMIND — SSP1-PkBudg650,remind | SSP1-PkBudg650,<2.0 °C,2040,Other end uses,EUR,"climate change — GWP 100a, incl. H (premise_gwp)","GWP 100a, incl. H","('IPCC 2021', 'climate change', 'GWP 100a, incl. H')",kg CO2-Eq,1,"market group for electricity, medium voltage",EUR,"('ecoinvent-3.12-cutoff_remind-SSP1-PkBudg650_2040_06-2_full', '74fdf0d87ff3463d9e2851e65077cc6f')",0.07409069716561185,6.81829196088461,Climate change — premise GWP incl. H₂
ecoinvent-3.12-cutoff_remind-SSP1-PkBudg650_2040_06-2_full,remind,REMIND,SSP1-PkBudg650,REMIND — SSP1-PkBudg650,remind | SSP1-PkBudg650,<2.0 °C,2040,Other end uses,EUR,"climate change — GWP 100a, incl. H (premise_gwp)","GWP 100a, incl. H","('IPCC 2021', 'climate change', 'GWP 100a, incl. H')",kg CO2-Eq,2,"electricity production, natural gas, subcritical, steam cycle",EUR,"('ecoinvent-3.12-cutoff_remind-SSP1-PkBudg650_2040_06-2_full', 'c7ab088e88e0482cac5497c6a2a34ba4')",0.055050598448258194,5.066102320546924,Climate change — premise GWP incl. H₂
ecoinvent-3.12-cutoff_remind-SSP1-PkBudg650_2040_06-2_full,remind,REMIND,SSP1-PkBudg650,REMIND — SSP1-PkBudg650,remind | SSP1-PkBudg650,<2.0 °C,2040,Other end uses,EUR,"climate change — GWP 100a, incl. H (premise_gwp)","GWP 100a, incl. H","('IPCC 2021', 'climate change', 'GWP 100a, incl. H')",kg CO2-Eq,3,liquid hydrogen production,EUR,"('ecoinvent-3.12-cutoff_remind-SSP1-PkBudg650_2040_06-2_full', 'c031d9a17ada45f5809589306c04f6ed')",0.04455019434398104,4.099789090558013,Climate change — premise GWP incl. H₂
ecoinvent-3.12-cutoff_remind-SSP1-PkBudg650_2040_06-2_full,remind,REMIND,SSP1-PkBudg650,REMIND — SSP1-PkBudg650,remind | SSP1-PkBudg650,<2.0 °C,2040,Other end uses,EUR,"climate change — GWP 100a, incl. H (premise_gwp)","GWP 100a, incl. H","('IPCC 2021', 'climate change', 'GWP 100a, incl. H')",kg CO2-Eq,4,natural gas venting from petroleum/natural gas production,GLO,"('ecoinvent-3.12-cutoff_remind-SSP1-PkBudg650_2040_06-2_full', '39f85251ad80452b868e032659566784')",0.04447302116365395,4.092687129108738,Climate change — premise GWP incl. H₂
ecoinvent-3.12-cutoff_remind-SSP1-PkBudg650_2040_06-2_full,remind,REMIND,SSP1-PkBudg650,REMIND — SSP1-PkBudg650,remind | SSP1-PkBudg650,<2.0 °C,2040,Other end uses,EUR,"climate change — GWP 100a, incl. H (premise_gwp)","GWP 100a, incl. H","('IPCC 2021', 'climate change', 'GWP 100a, incl. H')",kg CO2-Eq,5,"hydrogen supply, distributed by pipeline",EUR,"('ecoinvent-3.12-cutoff_remind-SSP1-PkBudg650_2040_06-2_full', '8a081d7c64ad44e284d5e074567a8f58')",0.038720911304268774,3.5633418008456603,Climate change — premise GWP incl. H₂
ecoinvent-3.12-cutoff_remind-SSP1-PkBudg650_2040_06-2_full,remind,REMIND,SSP1-PkBudg650,REMIND — SSP1-PkBudg650,remind | SSP1-PkBudg650,<2.0 °C,2040,Other end uses,EUR,"climate change — GWP 100a, incl. H (premise_gwp)","GWP 100a, incl. H","('IPCC 2021', 'climate change', 'GWP 100a, incl. H')",kg CO2-Eq,6,"nylon 6-6 production, glass-filled",RoW,"('ecoinvent-3.12-cutoff_remind-SSP1-PkBudg650_2040_06-2_full', 'd96f303b4fd24ad6a708109d48ab6ec5')",0.03780578241851973,3.47912588489971,Climate change — premise GWP incl. H₂
ecoinvent-3.12-cutoff_remind-SSP1-PkBudg650_2040_06-2_full,remind,REMIND,SSP1-PkBudg650,REMIND — SSP1-PkBudg650,remind | SSP1-PkBudg650,<2.0 °C,2040,Other end uses,EUR,"climate change — GWP 100a, incl. H (premise_gwp)","GWP 100a, incl. H","('IPCC 2021', 'climate change', 'GWP 100a, incl. H')",kg CO2-Eq,7,"diesel, burned in building machine",GLO,"('ecoinvent-3.12-cutoff_remind-SSP1-PkBudg650_2040_06-2_full', '4e2f9ef868ae47a6ac114b44dcd9bf35')",0.03422178892529646,3.149304261436179,Climate change — premise GWP incl. H₂
ecoinvent-3.12-cutoff_remind-SSP1-PkBudg650_2040_06-2_full,remind,REMIND,SSP1-PkBudg650,REMIND — SSP1-PkBudg650,remind | SSP1-PkBudg650,<2.0 °C,2040,Other end uses,EUR,"climate change — GWP 100a, incl. H (premise_gwp)","GWP 100a, incl. H","('IPCC 2021', 'climate change', 'GWP 100a, incl. H')",kg CO2-Eq,8,"aluminium production, primary, liquid, prebake",CN,"('ecoinvent-3.12-cutoff_remind-SSP1-PkBudg650_2040_06-2_full', '18641b852c6e4a4684245281eabf384a')",0.02388791783087616,2.198316446455724,Climate change — premise GWP incl. H₂
ecoinvent-3.12-cutoff_remind-SSP1-PkBudg650_2040_06-2_full,remind,REMIND,SSP1-PkBudg650,REMIND — SSP1-PkBudg650,remind | SSP1-PkBudg650,<2.0 °C,2040,Other end uses,EUR,"climate change — GWP 100a, incl. H (premise_gwp)","GWP 100a, incl. H","('IPCC 2021', 'climate change', 'GWP 100a, incl. H')",kg CO2-Eq,9,"nylon 6-6 production, glass-filled",RER,"('ecoinvent-3.12-cutoff_remind-SSP1-PkBudg650_2040_06-2_full', '21eaf68d815047a3983e2d2cb4688860')",0.023153767013703565,2.1307552706765867,Climate change — premise GWP incl. H₂
ecoinvent-3.12-cutoff_remind-SSP1-PkBudg650_2040_06-2_full,remind,REMIND,SSP1-PkBudg650,REMIND — SSP1-PkBudg650,remind | SSP1-PkBudg650,<2.0 °C,2040,Other end uses,EUR,"climate change — GWP 100a, incl. H (premise_gwp)","GWP 100a, incl. H","('IPCC 2021', 'climate change', 'GWP 100a, incl. H')",kg CO2-Eq,10,"heat production, at hard coal industrial furnace 1-10MW",CHA,"('ecoinvent-3.12-cutoff_remind-SSP1-PkBudg650_2040_06-2_full', 'cec5c7cf4abe42fbb156cfd93b8095c5')",0.016962698001098255,1.5610141602160825,Climate change — premise GWP incl. H₂
ecoinvent-3.12-cutoff_remind-SSP1-PkBudg650_2040_06-2_full,remind,REMIND,SSP1-PkBudg650,REMIND — SSP1-PkBudg650,remind | SSP1-PkBudg650,<2.0 °C,2040,Other end uses,EUR,"climate change — GWP 100a, incl. H (premise_gwp)","GWP 100a, incl. H","('IPCC 2021', 'climate change', 'GWP 100a, incl. H')",kg CO2-Eq,11,Other,,,0.6937286278482793,63.84127167437179,Climate change — premise GWP incl. H₂
ecoinvent-3.12-cutoff_remind-SSP1-PkBudg650_2050_06-2_full,remind,REMIND,SSP1-PkBudg650,REMIND — SSP1-PkBudg650,remind | SSP1-PkBudg650,<2.0 °C,2050,Generic,RER,"climate change — GWP 100a, incl. H (premise_gwp)","GWP 100a, incl. H","('IPCC 2021', 'climate change', 'GWP 100a, incl. H')",kg CO2-Eq,1,"hydrogen supply, distributed by pipeline",EUR,"('ecoinvent-3.12-cutoff_remind-SSP1-PkBudg650_2050_06-2_full', '2263a48dd2824758830328135d934693')",0.07664009062306329,10.45041811809568,Climate change — premise GWP incl. H₂
ecoinvent-3.12-cutoff_remind-SSP1-PkBudg650_2050_06-2_full,remind,REMIND,SSP1-PkBudg650,REMIND — SSP1-PkBudg650,remind | SSP1-PkBudg650,<2.0 °C,2050,Generic,RER,"climate change — GWP 100a, incl. H (premise_gwp)","GWP 100a, incl. H","('IPCC 2021', 'climate change', 'GWP 100a, incl. H')",kg CO2-Eq,2,"market group for electricity, medium voltage",EUR,"('ecoinvent-3.12-cutoff_remind-SSP1-PkBudg650_2050_06-2_full', '4a6dd97199bb43b8aec024a75bbe5084')",0.06995985404235769,9.53952063834814,Climate change — premise GWP incl. H₂
ecoinvent-3.12-cutoff_remind-SSP1-PkBudg650_2050_06-2_full,remind,REMIND,SSP1-PkBudg650,REMIND — SSP1-PkBudg650,remind | SSP1-PkBudg650,<2.0 °C,2050,Generic,RER,"climate change — GWP 100a, incl. H (premise_gwp)","GWP 100a, incl. H","('IPCC 2021', 'climate change', 'GWP 100a, incl. H')",kg CO2-Eq,3,"nylon 6-6 production, glass-filled",RoW,"('ecoinvent-3.12-cutoff_remind-SSP1-PkBudg650_2050_06-2_full', 'd54d94ad3bc6463995b1d2159743ba1c')",0.04075368172248043,5.5570525868291485,Climate change — premise GWP incl. H₂
ecoinvent-3.12-cutoff_remind-SSP1-PkBudg650_2050_06-2_full,remind,REMIND,SSP1-PkBudg650,REMIND — SSP1-PkBudg650,remind | SSP1-PkBudg650,<2.0 °C,2050,Generic,RER,"climate change — GWP 100a, incl. H (premise_gwp)","GWP 100a, incl. H","('IPCC 2021', 'climate change', 'GWP 100a, incl. H')",kg CO2-Eq,4,"nylon 6-6 production, glass-filled",RER,"('ecoinvent-3.12-cutoff_remind-SSP1-PkBudg650_2050_06-2_full', 'd9b1e540b2bc4702abd5a6943188dc4d')",0.024143804380276933,3.2921783975484424,Climate change — premise GWP incl. H₂
ecoinvent-3.12-cutoff_remind-SSP1-PkBudg650_2050_06-2_full,remind,REMIND,SSP1-PkBudg650,REMIND — SSP1-PkBudg650,remind | SSP1-PkBudg650,<2.0 °C,2050,Generic,RER,"climate change — GWP 100a, incl. H (premise_gwp)","GWP 100a, incl. H","('IPCC 2021', 'climate change', 'GWP 100a, incl. H')",kg CO2-Eq,5,natural gas venting from petroleum/natural gas production,GLO,"('ecoinvent-3.12-cutoff_remind-SSP1-PkBudg650_2050_06-2_full', 'c435a8c695a44328b81e23cbe0a231e5')",0.022057126104026686,3.007645064047921,Climate change — premise GWP incl. H₂
ecoinvent-3.12-cutoff_remind-SSP1-PkBudg650_2050_06-2_full,remind,REMIND,SSP1-PkBudg650,REMIND — SSP1-PkBudg650,remind | SSP1-PkBudg650,<2.0 °C,2050,Generic,RER,"climate change — GWP 100a, incl. H (premise_gwp)","GWP 100a, incl. H","('IPCC 2021', 'climate change', 'GWP 100a, incl. H')",kg CO2-Eq,6,"aluminium production, primary, liquid, prebake",CN,"('ecoinvent-3.12-cutoff_remind-SSP1-PkBudg650_2050_06-2_full', '930d116155a745a3b8ccc487ea9de079')",0.02142436296419929,2.9213633369889322,Climate change — premise GWP incl. H₂
ecoinvent-3.12-cutoff_remind-SSP1-PkBudg650_2050_06-2_full,remind,REMIND,SSP1-PkBudg650,REMIND — SSP1-PkBudg650,remind | SSP1-PkBudg650,<2.0 °C,2050,Generic,RER,"climate change — GWP 100a, incl. H (premise_gwp)","GWP 100a, incl. H","('IPCC 2021', 'climate change', 'GWP 100a, incl. H')",kg CO2-Eq,7,"heat production, at hard coal industrial furnace 1-10MW",CHA,"('ecoinvent-3.12-cutoff_remind-SSP1-PkBudg650_2050_06-2_full', '22d1c7efc01446af8f7953394766b4da')",0.01517222445153905,2.0688400550046286,Climate change — premise GWP incl. H₂
ecoinvent-3.12-cutoff_remind-SSP1-PkBudg650_2050_06-2_full,remind,REMIND,SSP1-PkBudg650,REMIND — SSP1-PkBudg650,remind | SSP1-PkBudg650,<2.0 °C,2050,Generic,RER,"climate change — GWP 100a, incl. H (premise_gwp)","GWP 100a, incl. H","('IPCC 2021', 'climate change', 'GWP 100a, incl. H')",kg CO2-Eq,8,sponge iron production,IN,"('ecoinvent-3.12-cutoff_remind-SSP1-PkBudg650_2050_06-2_full', '9927ee1eedb742c2986fd06ec6c4e441')",0.014839791575349995,2.0235104823993044,Climate change — premise GWP incl. H₂
ecoinvent-3.12-cutoff_remind-SSP1-PkBudg650_2050_06-2_full,remind,REMIND,SSP1-PkBudg650,REMIND — SSP1-PkBudg650,remind | SSP1-PkBudg650,<2.0 °C,2050,Generic,RER,"climate change — GWP 100a, incl. H (premise_gwp)","GWP 100a, incl. H","('IPCC 2021', 'climate change', 'GWP 100a, incl. H')",kg CO2-Eq,9,"quicklime production, in pieces, loose",RoW,"('ecoinvent-3.12-cutoff_remind-SSP1-PkBudg650_2050_06-2_full', '02fc7466b489481288ffaea0e0a0d259')",0.01350442045729003,1.8414231908381433,Climate change — premise GWP incl. H₂
ecoinvent-3.12-cutoff_remind-SSP1-PkBudg650_2050_06-2_full,remind,REMIND,SSP1-PkBudg650,REMIND — SSP1-PkBudg650,remind | SSP1-PkBudg650,<2.0 °C,2050,Generic,RER,"climate change — GWP 100a, incl. H (premise_gwp)","GWP 100a, incl. H","('IPCC 2021', 'climate change', 'GWP 100a, incl. H')",kg CO2-Eq,10,"diesel, burned in building machine",GLO,"('ecoinvent-3.12-cutoff_remind-SSP1-PkBudg650_2050_06-2_full', 'd7a342b7bbf0405ab1b2d899ee97ef10')",0.010999952175377371,1.4999212367470314,Climate change — premise GWP incl. H₂
ecoinvent-3.12-cutoff_remind-SSP1-PkBudg650_2050_06-2_full,remind,REMIND,SSP1-PkBudg650,REMIND — SSP1-PkBudg650,remind | SSP1-PkBudg650,<2.0 °C,2050,Generic,RER,"climate change — GWP 100a, incl. H (premise_gwp)","GWP 100a, incl. H","('IPCC 2021', 'climate change', 'GWP 100a, incl. H')",kg CO2-Eq,11,Other,,,0.4238733448630397,57.79812689315263,Climate change — premise GWP incl. H₂
ecoinvent-3.12-cutoff_remind-SSP1-PkBudg650_2050_06-2_full,remind,REMIND,SSP1-PkBudg650,REMIND — SSP1-PkBudg650,remind | SSP1-PkBudg650,<2.0 °C,2050,Transport,EUR,"climate change — GWP 100a, incl. H (premise_gwp)","GWP 100a, incl. H","('IPCC 2021', 'climate change', 'GWP 100a, incl. H')",kg CO2-Eq,1,"market group for electricity, medium voltage",EUR,"('ecoinvent-3.12-cutoff_remind-SSP1-PkBudg650_2050_06-2_full', '4a6dd97199bb43b8aec024a75bbe5084')",0.07362551535636497,9.011470884531274,Climate change — premise GWP incl. H₂
ecoinvent-3.12-cutoff_remind-SSP1-PkBudg650_2050_06-2_full,remind,REMIND,SSP1-PkBudg650,REMIND — SSP1-PkBudg650,remind | SSP1-PkBudg650,<2.0 °C,2050,Transport,EUR,"climate change — GWP 100a, incl. H (premise_gwp)","GWP 100a, incl. H","('IPCC 2021', 'climate change', 'GWP 100a, incl. H')",kg CO2-Eq,2,liquid hydrogen production,EUR,"('ecoinvent-3.12-cutoff_remind-SSP1-PkBudg650_2050_06-2_full', '9c01aa33812b4472ad0e600727d8df20')",0.04455015399623746,5.452762044453001,Climate change — premise GWP incl. H₂
ecoinvent-3.12-cutoff_remind-SSP1-PkBudg650_2050_06-2_full,remind,REMIND,SSP1-PkBudg650,REMIND — SSP1-PkBudg650,remind | SSP1-PkBudg650,<2.0 °C,2050,Transport,EUR,"climate change — GWP 100a, incl. H (premise_gwp)","GWP 100a, incl. H","('IPCC 2021', 'climate change', 'GWP 100a, incl. H')",kg CO2-Eq,3,"nylon 6-6 production, glass-filled",RoW,"('ecoinvent-3.12-cutoff_remind-SSP1-PkBudg650_2050_06-2_full', 'd54d94ad3bc6463995b1d2159743ba1c')",0.04290631008676349,5.251562073801004,Climate change — premise GWP incl. H₂
ecoinvent-3.12-cutoff_remind-SSP1-PkBudg650_2050_06-2_full,remind,REMIND,SSP1-PkBudg650,REMIND — SSP1-PkBudg650,remind | SSP1-PkBudg650,<2.0 °C,2050,Transport,EUR,"climate change — GWP 100a, incl. H (premise_gwp)","GWP 100a, incl. H","('IPCC 2021', 'climate change', 'GWP 100a, incl. H')",kg CO2-Eq,4,"hydrogen supply, distributed by pipeline",EUR,"('ecoinvent-3.12-cutoff_remind-SSP1-PkBudg650_2050_06-2_full', '2263a48dd2824758830328135d934693')",0.03872548308636013,4.739845441258072,Climate change — premise GWP incl. H₂
ecoinvent-3.12-cutoff_remind-SSP1-PkBudg650_2050_06-2_full,remind,REMIND,SSP1-PkBudg650,REMIND — SSP1-PkBudg650,remind | SSP1-PkBudg650,<2.0 °C,2050,Transport,EUR,"climate change — GWP 100a, incl. H (premise_gwp)","GWP 100a, incl. H","('IPCC 2021', 'climate change', 'GWP 100a, incl. H')",kg CO2-Eq,5,"nylon 6-6 production, glass-filled",RER,"('ecoinvent-3.12-cutoff_remind-SSP1-PkBudg650_2050_06-2_full', 'd9b1e540b2bc4702abd5a6943188dc4d')",0.025420576799607904,3.111377714490307,Climate change — premise GWP incl. H₂
ecoinvent-3.12-cutoff_remind-SSP1-PkBudg650_2050_06-2_full,remind,REMIND,SSP1-PkBudg650,REMIND — SSP1-PkBudg650,remind | SSP1-PkBudg650,<2.0 °C,2050,Transport,EUR,"climate change — GWP 100a, incl. H (premise_gwp)","GWP 100a, incl. H","('IPCC 2021', 'climate change', 'GWP 100a, incl. H')",kg CO2-Eq,6,natural gas venting from petroleum/natural gas production,GLO,"('ecoinvent-3.12-cutoff_remind-SSP1-PkBudg650_2050_06-2_full', 'c435a8c695a44328b81e23cbe0a231e5')",0.023975572476984928,2.934514920140942,Climate change — premise GWP incl. H₂
ecoinvent-3.12-cutoff_remind-SSP1-PkBudg650_2050_06-2_full,remind,REMIND,SSP1-PkBudg650,REMIND — SSP1-PkBudg650,remind | SSP1-PkBudg650,<2.0 °C,2050,Transport,EUR,"climate change — GWP 100a, incl. H (premise_gwp)","GWP 100a, incl. H","('IPCC 2021', 'climate change', 'GWP 100a, incl. H')",kg CO2-Eq,7,"aluminium production, primary, liquid, prebake",CN,"('ecoinvent-3.12-cutoff_remind-SSP1-PkBudg650_2050_06-2_full', '930d116155a745a3b8ccc487ea9de079')",0.022685317068638643,2.776592778752272,Climate change — premise GWP incl. H₂
ecoinvent-3.12-cutoff_remind-SSP1-PkBudg650_2050_06-2_full,remind,REMIND,SSP1-PkBudg650,REMIND — SSP1-PkBudg650,remind | SSP1-PkBudg650,<2.0 °C,2050,Transport,EUR,"climate change — GWP 100a, incl. H (premise_gwp)","GWP 100a, incl. H","('IPCC 2021', 'climate change', 'GWP 100a, incl. H')",kg CO2-Eq,8,"heat production, at hard coal industrial furnace 1-10MW",CHA,"('ecoinvent-3.12-cutoff_remind-SSP1-PkBudg650_2050_06-2_full', '22d1c7efc01446af8f7953394766b4da')",0.016060534390928253,1.965745670551035,Climate change — premise GWP incl. H₂
ecoinvent-3.12-cutoff_remind-SSP1-PkBudg650_2050_06-2_full,remind,REMIND,SSP1-PkBudg650,REMIND — SSP1-PkBudg650,remind | SSP1-PkBudg650,<2.0 °C,2050,Transport,EUR,"climate change — GWP 100a, incl. H (premise_gwp)","GWP 100a, incl. H","('IPCC 2021', 'climate change', 'GWP 100a, incl. H')",kg CO2-Eq,9,sponge iron production,IN,"('ecoinvent-3.12-cutoff_remind-SSP1-PkBudg650_2050_06-2_full', '9927ee1eedb742c2986fd06ec6c4e441')",0.01566410517827085,1.9172243082169511,Climate change — premise GWP incl. H₂
ecoinvent-3.12-cutoff_remind-SSP1-PkBudg650_2050_06-2_full,remind,REMIND,SSP1-PkBudg650,REMIND — SSP1-PkBudg650,remind | SSP1-PkBudg650,<2.0 °C,2050,Transport,EUR,"climate change — GWP 100a, incl. H (premise_gwp)","GWP 100a, incl. H","('IPCC 2021', 'climate change', 'GWP 100a, incl. H')",kg CO2-Eq,10,"quicklime production, in pieces, loose",RoW,"('ecoinvent-3.12-cutoff_remind-SSP1-PkBudg650_2050_06-2_full', '02fc7466b489481288ffaea0e0a0d259')",0.014154740567999544,1.7324840700839232,Climate change — premise GWP incl. H₂
ecoinvent-3.12-cutoff_remind-SSP1-PkBudg650_2050_06-2_full,remind,REMIND,SSP1-PkBudg650,REMIND — SSP1-PkBudg650,remind | SSP1-PkBudg650,<2.0 °C,2050,Transport,EUR,"climate change — GWP 100a, incl. H (premise_gwp)","GWP 100a, incl. H","('IPCC 2021', 'climate change', 'GWP 100a, incl. H')",kg CO2-Eq,11,Other,,,0.4992516458889687,61.106420093721205,Climate change — premise GWP incl. H₂
ecoinvent-3.12-cutoff_remind-SSP1-PkBudg650_2050_06-2_full,remind,REMIND,SSP1-PkBudg650,REMIND — SSP1-PkBudg650,remind | SSP1-PkBudg650,<2.0 °C,2050,Chemicals,EUR,"climate change — GWP 100a, incl. H (premise_gwp)","GWP 100a, incl. H","('IPCC 2021', 'climate change', 'GWP 100a, incl. H')",kg CO2-Eq,1,"market group for electricity, medium voltage",EUR,"('ecoinvent-3.12-cutoff_remind-SSP1-PkBudg650_2050_06-2_full', '4a6dd97199bb43b8aec024a75bbe5084')",0.0692677519772361,9.744503767871548,Climate change — premise GWP incl. H₂
ecoinvent-3.12-cutoff_remind-SSP1-PkBudg650_2050_06-2_full,remind,REMIND,SSP1-PkBudg650,REMIND — SSP1-PkBudg650,remind | SSP1-PkBudg650,<2.0 °C,2050,Chemicals,EUR,"climate change — GWP 100a, incl. H (premise_gwp)","GWP 100a, incl. H","('IPCC 2021', 'climate change', 'GWP 100a, incl. H')",kg CO2-Eq,2,"hydrogen supply, distributed by pipeline",EUR,"('ecoinvent-3.12-cutoff_remind-SSP1-PkBudg650_2050_06-2_full', '2263a48dd2824758830328135d934693')",0.06132126252187351,8.626601219733706,Climate change — premise GWP incl. H₂
ecoinvent-3.12-cutoff_remind-SSP1-PkBudg650_2050_06-2_full,remind,REMIND,SSP1-PkBudg650,REMIND — SSP1-PkBudg650,remind | SSP1-PkBudg650,<2.0 °C,2050,Chemicals,EUR,"climate change — GWP 100a, incl. H (premise_gwp)","GWP 100a, incl. H","('IPCC 2021', 'climate change', 'GWP 100a, incl. H')",kg CO2-Eq,3,"nylon 6-6 production, glass-filled",RoW,"('ecoinvent-3.12-cutoff_remind-SSP1-PkBudg650_2050_06-2_full', 'd54d94ad3bc6463995b1d2159743ba1c')",0.040350184780777454,5.676415307368664,Climate change — premise GWP incl. H₂
ecoinvent-3.12-cutoff_remind-SSP1-PkBudg650_2050_06-2_full,remind,REMIND,SSP1-PkBudg650,REMIND — SSP1-PkBudg650,remind | SSP1-PkBudg650,<2.0 °C,2050,Chemicals,EUR,"climate change — GWP 100a, incl. H (premise_gwp)","GWP 100a, incl. H","('IPCC 2021', 'climate change', 'GWP 100a, incl. H')",kg CO2-Eq,4,"nylon 6-6 production, glass-filled",RER,"('ecoinvent-3.12-cutoff_remind-SSP1-PkBudg650_2050_06-2_full', 'd9b1e540b2bc4702abd5a6943188dc4d')",0.023904774248384292,3.3628947971352106,Climate change — premise GWP incl. H₂
ecoinvent-3.12-cutoff_remind-SSP1-PkBudg650_2050_06-2_full,remind,REMIND,SSP1-PkBudg650,REMIND — SSP1-PkBudg650,remind | SSP1-PkBudg650,<2.0 °C,2050,Chemicals,EUR,"climate change — GWP 100a, incl. H (premise_gwp)","GWP 100a, incl. H","('IPCC 2021', 'climate change', 'GWP 100a, incl. H')",kg CO2-Eq,5,natural gas venting from petroleum/natural gas production,GLO,"('ecoinvent-3.12-cutoff_remind-SSP1-PkBudg650_2050_06-2_full', 'c435a8c695a44328b81e23cbe0a231e5')",0.021838278841448188,3.0721827167749898,Climate change — premise GWP incl. H₂
ecoinvent-3.12-cutoff_remind-SSP1-PkBudg650_2050_06-2_full,remind,REMIND,SSP1-PkBudg650,REMIND — SSP1-PkBudg650,remind | SSP1-PkBudg650,<2.0 °C,2050,Chemicals,EUR,"climate change — GWP 100a, incl. H (premise_gwp)","GWP 100a, incl. H","('IPCC 2021', 'climate change', 'GWP 100a, incl. H')",kg CO2-Eq,6,"aluminium production, primary, liquid, prebake",CN,"('ecoinvent-3.12-cutoff_remind-SSP1-PkBudg650_2050_06-2_full', '930d116155a745a3b8ccc487ea9de079')",0.021216134695132307,2.9846602289667135,Climate change — premise GWP incl. H₂
ecoinvent-3.12-cutoff_remind-SSP1-PkBudg650_2050_06-2_full,remind,REMIND,SSP1-PkBudg650,REMIND — SSP1-PkBudg650,remind | SSP1-PkBudg650,<2.0 °C,2050,Chemicals,EUR,"climate change — GWP 100a, incl. H (premise_gwp)","GWP 100a, incl. H","('IPCC 2021', 'climate change', 'GWP 100a, incl. H')",kg CO2-Eq,7,"heat production, at hard coal industrial furnace 1-10MW",CHA,"('ecoinvent-3.12-cutoff_remind-SSP1-PkBudg650_2050_06-2_full', '22d1c7efc01446af8f7953394766b4da')",0.015019585510815628,2.112937166635789,Climate change — premise GWP incl. H₂
ecoinvent-3.12-cutoff_remind-SSP1-PkBudg650_2050_06-2_full,remind,REMIND,SSP1-PkBudg650,REMIND — SSP1-PkBudg650,remind | SSP1-PkBudg650,<2.0 °C,2050,Chemicals,EUR,"climate change — GWP 100a, incl. H (premise_gwp)","GWP 100a, incl. H","('IPCC 2021', 'climate change', 'GWP 100a, incl. H')",kg CO2-Eq,8,sponge iron production,IN,"('ecoinvent-3.12-cutoff_remind-SSP1-PkBudg650_2050_06-2_full', '9927ee1eedb742c2986fd06ec6c4e441')",0.014692887827875402,2.0669777308017494,Climate change — premise GWP incl. H₂
ecoinvent-3.12-cutoff_remind-SSP1-PkBudg650_2050_06-2_full,remind,REMIND,SSP1-PkBudg650,REMIND — SSP1-PkBudg650,remind | SSP1-PkBudg650,<2.0 °C,2050,Chemicals,EUR,"climate change — GWP 100a, incl. H (premise_gwp)","GWP 100a, incl. H","('IPCC 2021', 'climate change', 'GWP 100a, incl. H')",kg CO2-Eq,9,"quicklime production, in pieces, loose",RoW,"('ecoinvent-3.12-cutoff_remind-SSP1-PkBudg650_2050_06-2_full', '02fc7466b489481288ffaea0e0a0d259')",0.013279425763694152,1.8681335931331247,Climate change — premise GWP incl. H₂
ecoinvent-3.12-cutoff_remind-SSP1-PkBudg650_2050_06-2_full,remind,REMIND,SSP1-PkBudg650,REMIND — SSP1-PkBudg650,remind | SSP1-PkBudg650,<2.0 °C,2050,Chemicals,EUR,"climate change — GWP 100a, incl. H (premise_gwp)","GWP 100a, incl. H","('IPCC 2021', 'climate change', 'GWP 100a, incl. H')",kg CO2-Eq,10,"diesel, burned in building machine",GLO,"('ecoinvent-3.12-cutoff_remind-SSP1-PkBudg650_2050_06-2_full', 'd7a342b7bbf0405ab1b2d899ee97ef10')",0.010897078163574412,1.532987807351369,Climate change — premise GWP incl. H₂
ecoinvent-3.12-cutoff_remind-SSP1-PkBudg650_2050_06-2_full,remind,REMIND,SSP1-PkBudg650,REMIND — SSP1-PkBudg650,remind | SSP1-PkBudg650,<2.0 °C,2050,Chemicals,EUR,"climate change — GWP 100a, incl. H (premise_gwp)","GWP 100a, incl. H","('IPCC 2021', 'climate change', 'GWP 100a, incl. H')",kg CO2-Eq,11,Other,,,0.41905182899597154,58.95170566422712,Climate change — premise GWP incl. H₂
ecoinvent-3.12-cutoff_remind-SSP1-PkBudg650_2050_06-2_full,remind,REMIND,SSP1-PkBudg650,REMIND — SSP1-PkBudg650,remind | SSP1-PkBudg650,<2.0 °C,2050,Steel,EUR,"climate change — GWP 100a, incl. H (premise_gwp)","GWP 100a, incl. H","('IPCC 2021', 'climate change', 'GWP 100a, incl. H')",kg CO2-Eq,1,"market group for electricity, medium voltage",EUR,"('ecoinvent-3.12-cutoff_remind-SSP1-PkBudg650_2050_06-2_full', '4a6dd97199bb43b8aec024a75bbe5084')",0.07313988233818555,9.056038014622896,Climate change — premise GWP incl. H₂
ecoinvent-3.12-cutoff_remind-SSP1-PkBudg650_2050_06-2_full,remind,REMIND,SSP1-PkBudg650,REMIND — SSP1-PkBudg650,remind | SSP1-PkBudg650,<2.0 °C,2050,Steel,EUR,"climate change — GWP 100a, incl. H (premise_gwp)","GWP 100a, incl. H","('IPCC 2021', 'climate change', 'GWP 100a, incl. H')",kg CO2-Eq,2,"hydrogen supply, distributed by pipeline",EUR,"('ecoinvent-3.12-cutoff_remind-SSP1-PkBudg650_2050_06-2_full', '2263a48dd2824758830328135d934693')",0.06157851406762057,7.624531875808278,Climate change — premise GWP incl. H₂
ecoinvent-3.12-cutoff_remind-SSP1-PkBudg650_2050_06-2_full,remind,REMIND,SSP1-PkBudg650,REMIND — SSP1-PkBudg650,remind | SSP1-PkBudg650,<2.0 °C,2050,Steel,EUR,"climate change — GWP 100a, incl. H (premise_gwp)","GWP 100a, incl. H","('IPCC 2021', 'climate change', 'GWP 100a, incl. H')",kg CO2-Eq,3,"nylon 6-6 production, glass-filled",RoW,"('ecoinvent-3.12-cutoff_remind-SSP1-PkBudg650_2050_06-2_full', 'd54d94ad3bc6463995b1d2159743ba1c')",0.042616872844184556,5.276738329394198,Climate change — premise GWP incl. H₂
ecoinvent-3.12-cutoff_remind-SSP1-PkBudg650_2050_06-2_full,remind,REMIND,SSP1-PkBudg650,REMIND — SSP1-PkBudg650,remind | SSP1-PkBudg650,<2.0 °C,2050,Steel,EUR,"climate change — GWP 100a, incl. H (premise_gwp)","GWP 100a, incl. H","('IPCC 2021', 'climate change', 'GWP 100a, incl. H')",kg CO2-Eq,4,liquid hydrogen production,EUR,"('ecoinvent-3.12-cutoff_remind-SSP1-PkBudg650_2050_06-2_full', '9c01aa33812b4472ad0e600727d8df20')",0.03564015411614475,4.412894582335371,Climate change — premise GWP incl. H₂
ecoinvent-3.12-cutoff_remind-SSP1-PkBudg650_2050_06-2_full,remind,REMIND,SSP1-PkBudg650,REMIND — SSP1-PkBudg650,remind | SSP1-PkBudg650,<2.0 °C,2050,Steel,EUR,"climate change — GWP 100a, incl. H (premise_gwp)","GWP 100a, incl. H","('IPCC 2021', 'climate change', 'GWP 100a, incl. H')",kg CO2-Eq,5,"nylon 6-6 production, glass-filled",RER,"('ecoinvent-3.12-cutoff_remind-SSP1-PkBudg650_2050_06-2_full', 'd9b1e540b2bc4702abd5a6943188dc4d')",0.02524854375491451,3.12622559332446,Climate change — premise GWP incl. H₂
ecoinvent-3.12-cutoff_remind-SSP1-PkBudg650_2050_06-2_full,remind,REMIND,SSP1-PkBudg650,REMIND — SSP1-PkBudg650,remind | SSP1-PkBudg650,<2.0 °C,2050,Steel,EUR,"climate change — GWP 100a, incl. H (premise_gwp)","GWP 100a, incl. H","('IPCC 2021', 'climate change', 'GWP 100a, incl. H')",kg CO2-Eq,6,natural gas venting from petroleum/natural gas production,GLO,"('ecoinvent-3.12-cutoff_remind-SSP1-PkBudg650_2050_06-2_full', 'c435a8c695a44328b81e23cbe0a231e5')",0.0234688212408347,2.9058638122039513,Climate change — premise GWP incl. H₂
ecoinvent-3.12-cutoff_remind-SSP1-PkBudg650_2050_06-2_full,remind,REMIND,SSP1-PkBudg650,REMIND — SSP1-PkBudg650,remind | SSP1-PkBudg650,<2.0 °C,2050,Steel,EUR,"climate change — GWP 100a, incl. H (premise_gwp)","GWP 100a, incl. H","('IPCC 2021', 'climate change', 'GWP 100a, incl. H')",kg CO2-Eq,7,"aluminium production, primary, liquid, prebake",CN,"('ecoinvent-3.12-cutoff_remind-SSP1-PkBudg650_2050_06-2_full', '930d116155a745a3b8ccc487ea9de079')",0.02248880844605867,2.784520533535933,Climate change — premise GWP incl. H₂
ecoinvent-3.12-cutoff_remind-SSP1-PkBudg650_2050_06-2_full,remind,REMIND,SSP1-PkBudg650,REMIND — SSP1-PkBudg650,remind | SSP1-PkBudg650,<2.0 °C,2050,Steel,EUR,"climate change — GWP 100a, incl. H (premise_gwp)","GWP 100a, incl. H","('IPCC 2021', 'climate change', 'GWP 100a, incl. H')",kg CO2-Eq,8,"heat production, at hard coal industrial furnace 1-10MW",CHA,"('ecoinvent-3.12-cutoff_remind-SSP1-PkBudg650_2050_06-2_full', '22d1c7efc01446af8f7953394766b4da')",0.01591986472544037,1.9711666949998903,Climate change — premise GWP incl. H₂
ecoinvent-3.12-cutoff_remind-SSP1-PkBudg650_2050_06-2_full,remind,REMIND,SSP1-PkBudg650,REMIND — SSP1-PkBudg650,remind | SSP1-PkBudg650,<2.0 °C,2050,Steel,EUR,"climate change — GWP 100a, incl. H (premise_gwp)","GWP 100a, incl. H","('IPCC 2021', 'climate change', 'GWP 100a, incl. H')",kg CO2-Eq,9,sponge iron production,IN,"('ecoinvent-3.12-cutoff_remind-SSP1-PkBudg650_2050_06-2_full', '9927ee1eedb742c2986fd06ec6c4e441')",0.015543667599477284,1.9245866983578273,Climate change — premise GWP incl. H₂
ecoinvent-3.12-cutoff_remind-SSP1-PkBudg650_2050_06-2_full,remind,REMIND,SSP1-PkBudg650,REMIND — SSP1-PkBudg650,remind | SSP1-PkBudg650,<2.0 °C,2050,Steel,EUR,"climate change — GWP 100a, incl. H (premise_gwp)","GWP 100a, incl. H","('IPCC 2021', 'climate change', 'GWP 100a, incl. H')",kg CO2-Eq,10,"quicklime production, in pieces, loose",RoW,"('ecoinvent-3.12-cutoff_remind-SSP1-PkBudg650_2050_06-2_full', '02fc7466b489481288ffaea0e0a0d259')",0.01413149903619006,1.749734732735951,Climate change — premise GWP incl. H₂
ecoinvent-3.12-cutoff_remind-SSP1-PkBudg650_2050_06-2_full,remind,REMIND,SSP1-PkBudg650,REMIND — SSP1-PkBudg650,remind | SSP1-PkBudg650,<2.0 °C,2050,Steel,EUR,"climate change — GWP 100a, incl. H (premise_gwp)","GWP 100a, incl. H","('IPCC 2021', 'climate change', 'GWP 100a, incl. H')",kg CO2-Eq,11,Other,,,0.4778600250791543,59.16769913268128,Climate change — premise GWP incl. H₂
ecoinvent-3.12-cutoff_remind-SSP1-PkBudg650_2050_06-2_full,remind,REMIND,SSP1-PkBudg650,REMIND — SSP1-PkBudg650,remind | SSP1-PkBudg650,<2.0 °C,2050,Cement,EUR,"climate change — GWP 100a, incl. H (premise_gwp)","GWP 100a, incl. H","('IPCC 2021', 'climate change', 'GWP 100a, incl. H')",kg CO2-Eq,1,"market group for electricity, medium voltage",EUR,"('ecoinvent-3.12-cutoff_remind-SSP1-PkBudg650_2050_06-2_full', '4a6dd97199bb43b8aec024a75bbe5084')",0.07313988233818555,9.056038014622896,Climate change — premise GWP incl. H₂
ecoinvent-3.12-cutoff_remind-SSP1-PkBudg650_2050_06-2_full,remind,REMIND,SSP1-PkBudg650,REMIND — SSP1-PkBudg650,remind | SSP1-PkBudg650,<2.0 °C,2050,Cement,EUR,"climate change — GWP 100a, incl. H (premise_gwp)","GWP 100a, incl. H","('IPCC 2021', 'climate change', 'GWP 100a, incl. H')",kg CO2-Eq,2,"hydrogen supply, distributed by pipeline",EUR,"('ecoinvent-3.12-cutoff_remind-SSP1-PkBudg650_2050_06-2_full', '2263a48dd2824758830328135d934693')",0.06157851406762057,7.624531875808278,Climate change — premise GWP incl. H₂
ecoinvent-3.12-cutoff_remind-SSP1-PkBudg650_2050_06-2_full,remind,REMIND,SSP1-PkBudg650,REMIND — SSP1-PkBudg650,remind | SSP1-PkBudg650,<2.0 °C,2050,Cement,EUR,"climate change — GWP 100a, incl. H (premise_gwp)","GWP 100a, incl. H","('IPCC 2021', 'climate change', 'GWP 100a, incl. H')",kg CO2-Eq,3,"nylon 6-6 production, glass-filled",RoW,"('ecoinvent-3.12-cutoff_remind-SSP1-PkBudg650_2050_06-2_full', 'd54d94ad3bc6463995b1d2159743ba1c')",0.042616872844184556,5.276738329394198,Climate change — premise GWP incl. H₂
ecoinvent-3.12-cutoff_remind-SSP1-PkBudg650_2050_06-2_full,remind,REMIND,SSP1-PkBudg650,REMIND — SSP1-PkBudg650,remind | SSP1-PkBudg650,<2.0 °C,2050,Cement,EUR,"climate change — GWP 100a, incl. H (premise_gwp)","GWP 100a, incl. H","('IPCC 2021', 'climate change', 'GWP 100a, incl. H')",kg CO2-Eq,4,liquid hydrogen production,EUR,"('ecoinvent-3.12-cutoff_remind-SSP1-PkBudg650_2050_06-2_full', '9c01aa33812b4472ad0e600727d8df20')",0.03564015411614475,4.412894582335371,Climate change — premise GWP incl. H₂
ecoinvent-3.12-cutoff_remind-SSP1-PkBudg650_2050_06-2_full,remind,REMIND,SSP1-PkBudg650,REMIND — SSP1-PkBudg650,remind | SSP1-PkBudg650,<2.0 °C,2050,Cement,EUR,"climate change — GWP 100a, incl. H (premise_gwp)","GWP 100a, incl. H","('IPCC 2021', 'climate change', 'GWP 100a, incl. H')",kg CO2-Eq,5,"nylon 6-6 production, glass-filled",RER,"('ecoinvent-3.12-cutoff_remind-SSP1-PkBudg650_2050_06-2_full', 'd9b1e540b2bc4702abd5a6943188dc4d')",0.02524854375491451,3.12622559332446,Climate change — premise GWP incl. H₂
ecoinvent-3.12-cutoff_remind-SSP1-PkBudg650_2050_06-2_full,remind,REMIND,SSP1-PkBudg650,REMIND — SSP1-PkBudg650,remind | SSP1-PkBudg650,<2.0 °C,2050,Cement,EUR,"climate change — GWP 100a, incl. H (premise_gwp)","GWP 100a, incl. H","('IPCC 2021', 'climate change', 'GWP 100a, incl. H')",kg CO2-Eq,6,natural gas venting from petroleum/natural gas production,GLO,"('ecoinvent-3.12-cutoff_remind-SSP1-PkBudg650_2050_06-2_full', 'c435a8c695a44328b81e23cbe0a231e5')",0.0234688212408347,2.9058638122039513,Climate change — premise GWP incl. H₂
ecoinvent-3.12-cutoff_remind-SSP1-PkBudg650_2050_06-2_full,remind,REMIND,SSP1-PkBudg650,REMIND — SSP1-PkBudg650,remind | SSP1-PkBudg650,<2.0 °C,2050,Cement,EUR,"climate change — GWP 100a, incl. H (premise_gwp)","GWP 100a, incl. H","('IPCC 2021', 'climate change', 'GWP 100a, incl. H')",kg CO2-Eq,7,"aluminium production, primary, liquid, prebake",CN,"('ecoinvent-3.12-cutoff_remind-SSP1-PkBudg650_2050_06-2_full', '930d116155a745a3b8ccc487ea9de079')",0.02248880844605867,2.784520533535933,Climate change — premise GWP incl. H₂
ecoinvent-3.12-cutoff_remind-SSP1-PkBudg650_2050_06-2_full,remind,REMIND,SSP1-PkBudg650,REMIND — SSP1-PkBudg650,remind | SSP1-PkBudg650,<2.0 °C,2050,Cement,EUR,"climate change — GWP 100a, incl. H (premise_gwp)","GWP 100a, incl. H","('IPCC 2021', 'climate change', 'GWP 100a, incl. H')",kg CO2-Eq,8,"heat production, at hard coal industrial furnace 1-10MW",CHA,"('ecoinvent-3.12-cutoff_remind-SSP1-PkBudg650_2050_06-2_full', '22d1c7efc01446af8f7953394766b4da')",0.01591986472544037,1.9711666949998903,Climate change — premise GWP incl. H₂
ecoinvent-3.12-cutoff_remind-SSP1-PkBudg650_2050_06-2_full,remind,REMIND,SSP1-PkBudg650,REMIND — SSP1-PkBudg650,remind | SSP1-PkBudg650,<2.0 °C,2050,Cement,EUR,"climate change — GWP 100a, incl. H (premise_gwp)","GWP 100a, incl. H","('IPCC 2021', 'climate change', 'GWP 100a, incl. H')",kg CO2-Eq,9,sponge iron production,IN,"('ecoinvent-3.12-cutoff_remind-SSP1-PkBudg650_2050_06-2_full', '9927ee1eedb742c2986fd06ec6c4e441')",0.015543667599477284,1.9245866983578273,Climate change — premise GWP incl. H₂
ecoinvent-3.12-cutoff_remind-SSP1-PkBudg650_2050_06-2_full,remind,REMIND,SSP1-PkBudg650,REMIND — SSP1-PkBudg650,remind | SSP1-PkBudg650,<2.0 °C,2050,Cement,EUR,"climate change — GWP 100a, incl. H (premise_gwp)","GWP 100a, incl. H","('IPCC 2021', 'climate change', 'GWP 100a, incl. H')",kg CO2-Eq,10,"quicklime production, in pieces, loose",RoW,"('ecoinvent-3.12-cutoff_remind-SSP1-PkBudg650_2050_06-2_full', '02fc7466b489481288ffaea0e0a0d259')",0.01413149903619006,1.749734732735951,Climate change — premise GWP incl. H₂
ecoinvent-3.12-cutoff_remind-SSP1-PkBudg650_2050_06-2_full,remind,REMIND,SSP1-PkBudg650,REMIND — SSP1-PkBudg650,remind | SSP1-PkBudg650,<2.0 °C,2050,Cement,EUR,"climate change — GWP 100a, incl. H (premise_gwp)","GWP 100a, incl. H","('IPCC 2021', 'climate change', 'GWP 100a, incl. H')",kg CO2-Eq,11,Other,,,0.4778600250791543,59.16769913268128,Climate change — premise GWP incl. H₂
ecoinvent-3.12-cutoff_remind-SSP1-PkBudg650_2050_06-2_full,remind,REMIND,SSP1-PkBudg650,REMIND — SSP1-PkBudg650,remind | SSP1-PkBudg650,<2.0 °C,2050,Other end uses,EUR,"climate change — GWP 100a, incl. H (premise_gwp)","GWP 100a, incl. H","('IPCC 2021', 'climate change', 'GWP 100a, incl. H')",kg CO2-Eq,1,"market group for electricity, medium voltage",EUR,"('ecoinvent-3.12-cutoff_remind-SSP1-PkBudg650_2050_06-2_full', '4a6dd97199bb43b8aec024a75bbe5084')",0.07362551535636498,9.011470884531269,Climate change — premise GWP incl. H₂
ecoinvent-3.12-cutoff_remind-SSP1-PkBudg650_2050_06-2_full,remind,REMIND,SSP1-PkBudg650,REMIND — SSP1-PkBudg650,remind | SSP1-PkBudg650,<2.0 °C,2050,Other end uses,EUR,"climate change — GWP 100a, incl. H (premise_gwp)","GWP 100a, incl. H","('IPCC 2021', 'climate change', 'GWP 100a, incl. H')",kg CO2-Eq,2,liquid hydrogen production,EUR,"('ecoinvent-3.12-cutoff_remind-SSP1-PkBudg650_2050_06-2_full', '9c01aa33812b4472ad0e600727d8df20')",0.04455015399623746,5.452762044452997,Climate change — premise GWP incl. H₂
ecoinvent-3.12-cutoff_remind-SSP1-PkBudg650_2050_06-2_full,remind,REMIND,SSP1-PkBudg650,REMIND — SSP1-PkBudg650,remind | SSP1-PkBudg650,<2.0 °C,2050,Other end uses,EUR,"climate change — GWP 100a, incl. H (premise_gwp)","GWP 100a, incl. H","('IPCC 2021', 'climate change', 'GWP 100a, incl. H')",kg CO2-Eq,3,"nylon 6-6 production, glass-filled",RoW,"('ecoinvent-3.12-cutoff_remind-SSP1-PkBudg650_2050_06-2_full', 'd54d94ad3bc6463995b1d2159743ba1c')",0.04290631008676351,5.2515620738010025,Climate change — premise GWP incl. H₂
ecoinvent-3.12-cutoff_remind-SSP1-PkBudg650_2050_06-2_full,remind,REMIND,SSP1-PkBudg650,REMIND — SSP1-PkBudg650,remind | SSP1-PkBudg650,<2.0 °C,2050,Other end uses,EUR,"climate change — GWP 100a, incl. H (premise_gwp)","GWP 100a, incl. H","('IPCC 2021', 'climate change', 'GWP 100a, incl. H')",kg CO2-Eq,4,"hydrogen supply, distributed by pipeline",EUR,"('ecoinvent-3.12-cutoff_remind-SSP1-PkBudg650_2050_06-2_full', '2263a48dd2824758830328135d934693')",0.03872548308636013,4.739845441258068,Climate change — premise GWP incl. H₂
ecoinvent-3.12-cutoff_remind-SSP1-PkBudg650_2050_06-2_full,remind,REMIND,SSP1-PkBudg650,REMIND — SSP1-PkBudg650,remind | SSP1-PkBudg650,<2.0 °C,2050,Other end uses,EUR,"climate change — GWP 100a, incl. H (premise_gwp)","GWP 100a, incl. H","('IPCC 2021', 'climate change', 'GWP 100a, incl. H')",kg CO2-Eq,5,"nylon 6-6 production, glass-filled",RER,"('ecoinvent-3.12-cutoff_remind-SSP1-PkBudg650_2050_06-2_full', 'd9b1e540b2bc4702abd5a6943188dc4d')",0.02542057679960792,3.111377714490306,Climate change — premise GWP incl. H₂
ecoinvent-3.12-cutoff_remind-SSP1-PkBudg650_2050_06-2_full,remind,REMIND,SSP1-PkBudg650,REMIND — SSP1-PkBudg650,remind | SSP1-PkBudg650,<2.0 °C,2050,Other end uses,EUR,"climate change — GWP 100a, incl. H (premise_gwp)","GWP 100a, incl. H","('IPCC 2021', 'climate change', 'GWP 100a, incl. H')",kg CO2-Eq,6,natural gas venting from petroleum/natural gas production,GLO,"('ecoinvent-3.12-cutoff_remind-SSP1-PkBudg650_2050_06-2_full', 'c435a8c695a44328b81e23cbe0a231e5')",0.023975572476984966,2.9345149201409444,Climate change — premise GWP incl. H₂
ecoinvent-3.12-cutoff_remind-SSP1-PkBudg650_2050_06-2_full,remind,REMIND,SSP1-PkBudg650,REMIND — SSP1-PkBudg650,remind | SSP1-PkBudg650,<2.0 °C,2050,Other end uses,EUR,"climate change — GWP 100a, incl. H (premise_gwp)","GWP 100a, incl. H","('IPCC 2021', 'climate change', 'GWP 100a, incl. H')",kg CO2-Eq,7,"aluminium production, primary, liquid, prebake",CN,"('ecoinvent-3.12-cutoff_remind-SSP1-PkBudg650_2050_06-2_full', '930d116155a745a3b8ccc487ea9de079')",0.022685317068638647,2.77659277875227,Climate change — premise GWP incl. H₂
ecoinvent-3.12-cutoff_remind-SSP1-PkBudg650_2050_06-2_full,remind,REMIND,SSP1-PkBudg650,REMIND — SSP1-PkBudg650,remind | SSP1-PkBudg650,<2.0 °C,2050,Other end uses,EUR,"climate change — GWP 100a, incl. H (premise_gwp)","GWP 100a, incl. H","('IPCC 2021', 'climate change', 'GWP 100a, incl. H')",kg CO2-Eq,8,"heat production, at hard coal industrial furnace 1-10MW",CHA,"('ecoinvent-3.12-cutoff_remind-SSP1-PkBudg650_2050_06-2_full', '22d1c7efc01446af8f7953394766b4da')",0.01606053439092826,1.9657456705510343,Climate change — premise GWP incl. H₂
ecoinvent-3.12-cutoff_remind-SSP1-PkBudg650_2050_06-2_full,remind,REMIND,SSP1-PkBudg650,REMIND — SSP1-PkBudg650,remind | SSP1-PkBudg650,<2.0 °C,2050,Other end uses,EUR,"climate change — GWP 100a, incl. H (premise_gwp)","GWP 100a, incl. H","('IPCC 2021', 'climate change', 'GWP 100a, incl. H')",kg CO2-Eq,9,sponge iron production,IN,"('ecoinvent-3.12-cutoff_remind-SSP1-PkBudg650_2050_06-2_full', '9927ee1eedb742c2986fd06ec6c4e441')",0.01566410517827086,1.917224308216951,Climate change — premise GWP incl. H₂
ecoinvent-3.12-cutoff_remind-SSP1-PkBudg650_2050_06-2_full,remind,REMIND,SSP1-PkBudg650,REMIND — SSP1-PkBudg650,remind | SSP1-PkBudg650,<2.0 °C,2050,Other end uses,EUR,"climate change — GWP 100a, incl. H (premise_gwp)","GWP 100a, incl. H","('IPCC 2021', 'climate change', 'GWP 100a, incl. H')",kg CO2-Eq,10,"quicklime production, in pieces, loose",RoW,"('ecoinvent-3.12-cutoff_remind-SSP1-PkBudg650_2050_06-2_full', '02fc7466b489481288ffaea0e0a0d259')",0.014154740567999577,1.732484070083926,Climate change — premise GWP incl. H₂
ecoinvent-3.12-cutoff_remind-SSP1-PkBudg650_2050_06-2_full,remind,REMIND,SSP1-PkBudg650,REMIND — SSP1-PkBudg650,remind | SSP1-PkBudg650,<2.0 °C,2050,Other end uses,EUR,"climate change — GWP 100a, incl. H (premise_gwp)","GWP 100a, incl. H","('IPCC 2021', 'climate change', 'GWP 100a, incl. H')",kg CO2-Eq,11,Other,,,0.4992516458889694,61.10642009372124,Climate change — premise GWP incl. H₂
