database,iam model,model label,scenario,scenario label,scenario key,warming bin,year,market,stage,transport technology,component,process,contribution type,score,share of market (%),method,impact category,unit,impact label
ecoinvent-3.12-cutoff_remind-SSP1-PkBudg650_2030_06-2_full,remind,REMIND,SSP1-PkBudg650,REMIND — SSP1-PkBudg650,remind | SSP1-PkBudg650,<2.0 °C,2030,Generic,Production,Hydrogen production,PEM electrolysis,PEM electrolysis,Technology excluding leakage,1.6590502513370884,38.026536362905695,"('IPCC 2021', 'climate change', 'GWP 100a, incl. H')","climate change — GWP 100a, incl. H (premise_gwp)",kg CO2-Eq,Climate change — premise GWP incl. H₂
ecoinvent-3.12-cutoff_remind-SSP1-PkBudg650_2030_06-2_full,remind,REMIND,SSP1-PkBudg650,REMIND — SSP1-PkBudg650,remind | SSP1-PkBudg650,<2.0 °C,2030,Generic,Production,Hydrogen production,Biomass gasification,Biomass gasification,Technology excluding leakage,3.421250932690647e-06,7.841734925975568e-05,"('IPCC 2021', 'climate change', 'GWP 100a, incl. H')","climate change — GWP 100a, incl. H (premise_gwp)",kg CO2-Eq,Climate change — premise GWP incl. H₂
ecoinvent-3.12-cutoff_remind-SSP1-PkBudg650_2030_06-2_full,remind,REMIND,SSP1-PkBudg650,REMIND — SSP1-PkBudg650,remind | SSP1-PkBudg650,<2.0 °C,2030,Generic,Production,Hydrogen production,Biomass gasification with CCS,Biomass gasification with CCS,Technology excluding leakage,0.03223686242187699,0.7388903501407096,"('IPCC 2021', 'climate change', 'GWP 100a, incl. H')","climate change — GWP 100a, incl. H (premise_gwp)",kg CO2-Eq,Climate change — premise GWP incl. H₂
ecoinvent-3.12-cutoff_remind-SSP1-PkBudg650_2030_06-2_full,remind,REMIND,SSP1-PkBudg650,REMIND — SSP1-PkBudg650,remind | SSP1-PkBudg650,<2.0 °C,2030,Generic,Production,Hydrogen production,Coal gasification with CCS,Coal gasification with CCS,Technology excluding leakage,5.708429507678727e-05,0.0013084100501107965,"('IPCC 2021', 'climate change', 'GWP 100a, incl. H')","climate change — GWP 100a, incl. H (premise_gwp)",kg CO2-Eq,Climate change — premise GWP incl. H₂
ecoinvent-3.12-cutoff_remind-SSP1-PkBudg650_2030_06-2_full,remind,REMIND,SSP1-PkBudg650,REMIND — SSP1-PkBudg650,remind | SSP1-PkBudg650,<2.0 °C,2030,Generic,Production,Hydrogen production,Ammonia leakage — Coal gasification with CCS,Ammonia leakage — Coal gasification with CCS,Ammonia leakage,0.0,0.0,"('IPCC 2021', 'climate change', 'GWP 100a, incl. H')","climate change — GWP 100a, incl. H (premise_gwp)",kg CO2-Eq,Climate change — premise GWP incl. H₂
ecoinvent-3.12-cutoff_remind-SSP1-PkBudg650_2030_06-2_full,remind,REMIND,SSP1-PkBudg650,REMIND — SSP1-PkBudg650,remind | SSP1-PkBudg650,<2.0 °C,2030,Generic,Production,Hydrogen production,Steam methane reforming,Steam methane reforming,Technology excluding leakage,2.278277449260766,52.219636023249016,"('IPCC 2021', 'climate change', 'GWP 100a, incl. H')","climate change — GWP 100a, incl. H (premise_gwp)",kg CO2-Eq,Climate change — premise GWP incl. H₂
ecoinvent-3.12-cutoff_remind-SSP1-PkBudg650_2030_06-2_full,remind,REMIND,SSP1-PkBudg650,REMIND — SSP1-PkBudg650,remind | SSP1-PkBudg650,<2.0 °C,2030,Generic,Production,Hydrogen production,Steam methane reforming with CCS,Steam methane reforming with CCS,Technology excluding leakage,0.1723454226847984,3.950271836203862,"('IPCC 2021', 'climate change', 'GWP 100a, incl. H')","climate change — GWP 100a, incl. H (premise_gwp)",kg CO2-Eq,Climate change — premise GWP incl. H₂
ecoinvent-3.12-cutoff_remind-SSP1-PkBudg650_2030_06-2_full,remind,REMIND,SSP1-PkBudg650,REMIND — SSP1-PkBudg650,remind | SSP1-PkBudg650,<2.0 °C,2030,Transport,Production,Hydrogen production,PEM electrolysis,PEM electrolysis,Technology excluding leakage,1.6590502513370884,36.40900993582648,"('IPCC 2021', 'climate change', 'GWP 100a, incl. H')","climate change — GWP 100a, incl. H (premise_gwp)",kg CO2-Eq,Climate change — premise GWP incl. H₂
ecoinvent-3.12-cutoff_remind-SSP1-PkBudg650_2030_06-2_full,remind,REMIND,SSP1-PkBudg650,REMIND — SSP1-PkBudg650,remind | SSP1-PkBudg650,<2.0 °C,2030,Transport,Production,Hydrogen production,Biomass gasification,Biomass gasification,Technology excluding leakage,3.421250932690647e-06,7.508172769384078e-05,"('IPCC 2021', 'climate change', 'GWP 100a, incl. H')","climate change — GWP 100a, incl. H (premise_gwp)",kg CO2-Eq,Climate change — premise GWP incl. H₂
ecoinvent-3.12-cutoff_remind-SSP1-PkBudg650_2030_06-2_full,remind,REMIND,SSP1-PkBudg650,REMIND — SSP1-PkBudg650,remind | SSP1-PkBudg650,<2.0 °C,2030,Transport,Production,Hydrogen production,Biomass gasification with CCS,Biomass gasification with CCS,Technology excluding leakage,0.03223686242187699,0.7074603335685906,"('IPCC 2021', 'climate change', 'GWP 100a, incl. H')","climate change — GWP 100a, incl. H (premise_gwp)",kg CO2-Eq,Climate change — premise GWP incl. H₂
ecoinvent-3.12-cutoff_remind-SSP1-PkBudg650_2030_06-2_full,remind,REMIND,SSP1-PkBudg650,REMIND — SSP1-PkBudg650,remind | SSP1-PkBudg650,<2.0 °C,2030,Transport,Production,Hydrogen production,Coal gasification with CCS,Coal gasification with CCS,Technology excluding leakage,5.708429507678727e-05,0.001252754499121021,"('IPCC 2021', 'climate change', 'GWP 100a, incl. H')","climate change — GWP 100a, incl. H (premise_gwp)",kg CO2-Eq,Climate change — premise GWP incl. H₂
ecoinvent-3.12-cutoff_remind-SSP1-PkBudg650_2030_06-2_full,remind,REMIND,SSP1-PkBudg650,REMIND — SSP1-PkBudg650,remind | SSP1-PkBudg650,<2.0 °C,2030,Transport,Production,Hydrogen production,Ammonia leakage — Coal gasification with CCS,Ammonia leakage — Coal gasification with CCS,Ammonia leakage,0.0,0.0,"('IPCC 2021', 'climate change', 'GWP 100a, incl. H')","climate change — GWP 100a, incl. H (premise_gwp)",kg CO2-Eq,Climate change — premise GWP incl. H₂
ecoinvent-3.12-cutoff_remind-SSP1-PkBudg650_2030_06-2_full,remind,REMIND,SSP1-PkBudg650,REMIND — SSP1-PkBudg650,remind | SSP1-PkBudg650,<2.0 °C,2030,Transport,Production,Hydrogen production,Steam methane reforming,Steam methane reforming,Technology excluding leakage,2.278277449260766,49.9983808325591,"('IPCC 2021', 'climate change', 'GWP 100a, incl. H')","climate change — GWP 100a, incl. H (premise_gwp)",kg CO2-Eq,Climate change — premise GWP incl. H₂
ecoinvent-3.12-cutoff_remind-SSP1-PkBudg650_2030_06-2_full,remind,REMIND,SSP1-PkBudg650,REMIND — SSP1-PkBudg650,remind | SSP1-PkBudg650,<2.0 °C,2030,Transport,Production,Hydrogen production,Steam methane reforming with CCS,Steam methane reforming with CCS,Technology excluding leakage,0.1723454226847984,3.7822399905414863,"('IPCC 2021', 'climate change', 'GWP 100a, incl. H')","climate change — GWP 100a, incl. H (premise_gwp)",kg CO2-Eq,Climate change — premise GWP incl. H₂
ecoinvent-3.12-cutoff_remind-SSP1-PkBudg650_2030_06-2_full,remind,REMIND,SSP1-PkBudg650,REMIND — SSP1-PkBudg650,remind | SSP1-PkBudg650,<2.0 °C,2030,Chemicals,Production,Hydrogen production,PEM electrolysis,PEM electrolysis,Technology excluding leakage,1.6590502513370884,38.41555362666499,"('IPCC 2021', 'climate change', 'GWP 100a, incl. H')","climate change — GWP 100a, incl. H (premise_gwp)",kg CO2-Eq,Climate change — premise GWP incl. H₂
ecoinvent-3.12-cutoff_remind-SSP1-PkBudg650_2030_06-2_full,remind,REMIND,SSP1-PkBudg650,REMIND — SSP1-PkBudg650,remind | SSP1-PkBudg650,<2.0 °C,2030,Chemicals,Production,Hydrogen production,Biomass gasification,Biomass gasification,Technology excluding leakage,3.421250932690647e-06,7.921957069662693e-05,"('IPCC 2021', 'climate change', 'GWP 100a, incl. H')","climate change — GWP 100a, incl. H (premise_gwp)",kg CO2-Eq,Climate change — premise GWP incl. H₂
ecoinvent-3.12-cutoff_remind-SSP1-PkBudg650_2030_06-2_full,remind,REMIND,SSP1-PkBudg650,REMIND — SSP1-PkBudg650,remind | SSP1-PkBudg650,<2.0 °C,2030,Chemicals,Production,Hydrogen production,Biomass gasification with CCS,Biomass gasification with CCS,Technology excluding leakage,0.03223686242187699,0.7464493110591244,"('IPCC 2021', 'climate change', 'GWP 100a, incl. H')","climate change — GWP 100a, incl. H (premise_gwp)",kg CO2-Eq,Climate change — premise GWP incl. H₂
ecoinvent-3.12-cutoff_remind-SSP1-PkBudg650_2030_06-2_full,remind,REMIND,SSP1-PkBudg650,REMIND — SSP1-PkBudg650,remind | SSP1-PkBudg650,<2.0 °C,2030,Chemicals,Production,Hydrogen production,Coal gasification with CCS,Coal gasification with CCS,Technology excluding leakage,5.708429507678727e-05,0.0013217952843775117,"('IPCC 2021', 'climate change', 'GWP 100a, incl. H')","climate change — GWP 100a, incl. H (premise_gwp)",kg CO2-Eq,Climate change — premise GWP incl. H₂
ecoinvent-3.12-cutoff_remind-SSP1-PkBudg650_2030_06-2_full,remind,REMIND,SSP1-PkBudg650,REMIND — SSP1-PkBudg650,remind | SSP1-PkBudg650,<2.0 °C,2030,Chemicals,Production,Hydrogen production,Ammonia leakage — Coal gasification with CCS,Ammonia leakage — Coal gasification with CCS,Ammonia leakage,0.0,0.0,"('IPCC 2021', 'climate change', 'GWP 100a, incl. H')","climate change — GWP 100a, incl. H (premise_gwp)",kg CO2-Eq,Climate change — premise GWP incl. H₂
ecoinvent-3.12-cutoff_remind-SSP1-PkBudg650_2030_06-2_full,remind,REMIND,SSP1-PkBudg650,REMIND — SSP1-PkBudg650,remind | SSP1-PkBudg650,<2.0 °C,2030,Chemicals,Production,Hydrogen production,Steam methane reforming,Steam methane reforming,Technology excluding leakage,2.278277449260766,52.75385086013031,"('IPCC 2021', 'climate change', 'GWP 100a, incl. H')","climate change — GWP 100a, incl. H (premise_gwp)",kg CO2-Eq,Climate change — premise GWP incl. H₂
ecoinvent-3.12-cutoff_remind-SSP1-PkBudg650_2030_06-2_full,remind,REMIND,SSP1-PkBudg650,REMIND — SSP1-PkBudg650,remind | SSP1-PkBudg650,<2.0 °C,2030,Chemicals,Production,Hydrogen production,Steam methane reforming with CCS,Steam methane reforming with CCS,Technology excluding leakage,0.1723454226847984,3.9906837192678286,"('IPCC 2021', 'climate change', 'GWP 100a, incl. H')","climate change — GWP 100a, incl. H (premise_gwp)",kg CO2-Eq,Climate change — premise GWP incl. H₂
ecoinvent-3.12-cutoff_remind-SSP1-PkBudg650_2030_06-2_full,remind,REMIND,SSP1-PkBudg650,REMIND — SSP1-PkBudg650,remind | SSP1-PkBudg650,<2.0 °C,2030,Cement,Production,Hydrogen production,PEM electrolysis,PEM electrolysis,Technology excluding leakage,1.6590502513370884,36.409009935826454,"('IPCC 2021', 'climate change', 'GWP 100a, incl. H')","climate change — GWP 100a, incl. H (premise_gwp)",kg CO2-Eq,Climate change — premise GWP incl. H₂
ecoinvent-3.12-cutoff_remind-SSP1-PkBudg650_2030_06-2_full,remind,REMIND,SSP1-PkBudg650,REMIND — SSP1-PkBudg650,remind | SSP1-PkBudg650,<2.0 °C,2030,Cement,Production,Hydrogen production,Biomass gasification,Biomass gasification,Technology excluding leakage,3.421250932690647e-06,7.508172769384073e-05,"('IPCC 2021', 'climate change', 'GWP 100a, incl. H')","climate change — GWP 100a, incl. H (premise_gwp)",kg CO2-Eq,Climate change — premise GWP incl. H₂
ecoinvent-3.12-cutoff_remind-SSP1-PkBudg650_2030_06-2_full,remind,REMIND,SSP1-PkBudg650,REMIND — SSP1-PkBudg650,remind | SSP1-PkBudg650,<2.0 °C,2030,Cement,Production,Hydrogen production,Biomass gasification with CCS,Biomass gasification with CCS,Technology excluding leakage,0.03223686242187699,0.7074603335685901,"('IPCC 2021', 'climate change', 'GWP 100a, incl. H')","climate change — GWP 100a, incl. H (premise_gwp)",kg CO2-Eq,Climate change — premise GWP incl. H₂
ecoinvent-3.12-cutoff_remind-SSP1-PkBudg650_2030_06-2_full,remind,REMIND,SSP1-PkBudg650,REMIND — SSP1-PkBudg650,remind | SSP1-PkBudg650,<2.0 °C,2030,Cement,Production,Hydrogen production,Coal gasification with CCS,Coal gasification with CCS,Technology excluding leakage,5.708429507678727e-05,0.00125275449912102,"('IPCC 2021', 'climate change', 'GWP 100a, incl. H')","climate change — GWP 100a, incl. H (premise_gwp)",kg CO2-Eq,Climate change — premise GWP incl. H₂
ecoinvent-3.12-cutoff_remind-SSP1-PkBudg650_2030_06-2_full,remind,REMIND,SSP1-PkBudg650,REMIND — SSP1-PkBudg650,remind | SSP1-PkBudg650,<2.0 °C,2030,Cement,Production,Hydrogen production,Ammonia leakage — Coal gasification with CCS,Ammonia leakage — Coal gasification with CCS,Ammonia leakage,0.0,0.0,"('IPCC 2021', 'climate change', 'GWP 100a, incl. H')","climate change — GWP 100a, incl. H (premise_gwp)",kg CO2-Eq,Climate change — premise GWP incl. H₂
ecoinvent-3.12-cutoff_remind-SSP1-PkBudg650_2030_06-2_full,remind,REMIND,SSP1-PkBudg650,REMIND — SSP1-PkBudg650,remind | SSP1-PkBudg650,<2.0 °C,2030,Cement,Production,Hydrogen production,Steam methane reforming,Steam methane reforming,Technology excluding leakage,2.278277449260766,49.998380832559064,"('IPCC 2021', 'climate change', 'GWP 100a, incl. H')","climate change — GWP 100a, incl. H (premise_gwp)",kg CO2-Eq,Climate change — premise GWP incl. H₂
ecoinvent-3.12-cutoff_remind-SSP1-PkBudg650_2030_06-2_full,remind,REMIND,SSP1-PkBudg650,REMIND — SSP1-PkBudg650,remind | SSP1-PkBudg650,<2.0 °C,2030,Cement,Production,Hydrogen production,Steam methane reforming with CCS,Steam methane reforming with CCS,Technology excluding leakage,0.1723454226847984,3.7822399905414836,"('IPCC 2021', 'climate change', 'GWP 100a, incl. H')","climate change — GWP 100a, incl. H (premise_gwp)",kg CO2-Eq,Climate change — premise GWP incl. H₂
ecoinvent-3.12-cutoff_remind-SSP1-PkBudg650_2030_06-2_full,remind,REMIND,SSP1-PkBudg650,REMIND — SSP1-PkBudg650,remind | SSP1-PkBudg650,<2.0 °C,2030,Heating,Production,Hydrogen production,PEM electrolysis,PEM electrolysis,Technology excluding leakage,1.6590502513370884,38.02653636290564,"('IPCC 2021', 'climate change', 'GWP 100a, incl. H')","climate change — GWP 100a, incl. H (premise_gwp)",kg CO2-Eq,Climate change — premise GWP incl. H₂
ecoinvent-3.12-cutoff_remind-SSP1-PkBudg650_2030_06-2_full,remind,REMIND,SSP1-PkBudg650,REMIND — SSP1-PkBudg650,remind | SSP1-PkBudg650,<2.0 °C,2030,Heating,Production,Hydrogen production,Biomass gasification,Biomass gasification,Technology excluding leakage,3.421250932690647e-06,7.841734925975558e-05,"('IPCC 2021', 'climate change', 'GWP 100a, incl. H')","climate change — GWP 100a, incl. H (premise_gwp)",kg CO2-Eq,Climate change — premise GWP incl. H₂
ecoinvent-3.12-cutoff_remind-SSP1-PkBudg650_2030_06-2_full,remind,REMIND,SSP1-PkBudg650,REMIND — SSP1-PkBudg650,remind | SSP1-PkBudg650,<2.0 °C,2030,Heating,Production,Hydrogen production,Biomass gasification with CCS,Biomass gasification with CCS,Technology excluding leakage,0.03223686242187699,0.7388903501407086,"('IPCC 2021', 'climate change', 'GWP 100a, incl. H')","climate change — GWP 100a, incl. H (premise_gwp)",kg CO2-Eq,Climate change — premise GWP incl. H₂
ecoinvent-3.12-cutoff_remind-SSP1-PkBudg650_2030_06-2_full,remind,REMIND,SSP1-PkBudg650,REMIND — SSP1-PkBudg650,remind | SSP1-PkBudg650,<2.0 °C,2030,Heating,Production,Hydrogen production,Coal gasification with CCS,Coal gasification with CCS,Technology excluding leakage,5.708429507678727e-05,0.0013084100501107947,"('IPCC 2021', 'climate change', 'GWP 100a, incl. H')","climate change — GWP 100a, incl. H (premise_gwp)",kg CO2-Eq,Climate change — premise GWP incl. H₂
ecoinvent-3.12-cutoff_remind-SSP1-PkBudg650_2030_06-2_full,remind,REMIND,SSP1-PkBudg650,REMIND — SSP1-PkBudg650,remind | SSP1-PkBudg650,<2.0 °C,2030,Heating,Production,Hydrogen production,Ammonia leakage — Coal gasification with CCS,Ammonia leakage — Coal gasification with CCS,Ammonia leakage,0.0,0.0,"('IPCC 2021', 'climate change', 'GWP 100a, incl. H')","climate change — GWP 100a, incl. H (premise_gwp)",kg CO2-Eq,Climate change — premise GWP incl. H₂
ecoinvent-3.12-cutoff_remind-SSP1-PkBudg650_2030_06-2_full,remind,REMIND,SSP1-PkBudg650,REMIND — SSP1-PkBudg650,remind | SSP1-PkBudg650,<2.0 °C,2030,Heating,Production,Hydrogen production,Steam methane reforming,Steam methane reforming,Technology excluding leakage,2.278277449260766,52.21963602324894,"('IPCC 2021', 'climate change', 'GWP 100a, incl. H')","climate change — GWP 100a, incl. H (premise_gwp)",kg CO2-Eq,Climate change — premise GWP incl. H₂
ecoinvent-3.12-cutoff_remind-SSP1-PkBudg650_2030_06-2_full,remind,REMIND,SSP1-PkBudg650,REMIND — SSP1-PkBudg650,remind | SSP1-PkBudg650,<2.0 °C,2030,Heating,Production,Hydrogen production,Steam methane reforming with CCS,Steam methane reforming with CCS,Technology excluding leakage,0.1723454226847984,3.9502718362038562,"('IPCC 2021', 'climate change', 'GWP 100a, incl. H')","climate change — GWP 100a, incl. H (premise_gwp)",kg CO2-Eq,Climate change — premise GWP incl. H₂
ecoinvent-3.12-cutoff_remind-SSP1-PkBudg650_2030_06-2_full,remind,REMIND,SSP1-PkBudg650,REMIND — SSP1-PkBudg650,remind | SSP1-PkBudg650,<2.0 °C,2030,Other end uses,Production,Hydrogen production,PEM electrolysis,PEM electrolysis,Technology excluding leakage,1.6590502513370884,37.03781121581168,"('IPCC 2021', 'climate change', 'GWP 100a, incl. H')","climate change — GWP 100a, incl. H (premise_gwp)",kg CO2-Eq,Climate change — premise GWP incl. H₂
ecoinvent-3.12-cutoff_remind-SSP1-PkBudg650_2030_06-2_full,remind,REMIND,SSP1-PkBudg650,REMIND — SSP1-PkBudg650,remind | SSP1-PkBudg650,<2.0 °C,2030,Other end uses,Production,Hydrogen production,Biomass gasification,Biomass gasification,Technology excluding leakage,3.421250932690647e-06,7.637842558704361e-05,"('IPCC 2021', 'climate change', 'GWP 100a, incl. H')","climate change — GWP 100a, incl. H (premise_gwp)",kg CO2-Eq,Climate change — premise GWP incl. H₂
ecoinvent-3.12-cutoff_remind-SSP1-PkBudg650_2030_06-2_full,remind,REMIND,SSP1-PkBudg650,REMIND — SSP1-PkBudg650,remind | SSP1-PkBudg650,<2.0 °C,2030,Other end uses,Production,Hydrogen production,Biomass gasification with CCS,Biomass gasification with CCS,Technology excluding leakage,0.03223686242187699,0.7196785170366599,"('IPCC 2021', 'climate change', 'GWP 100a, incl. H')","climate change — GWP 100a, incl. H (premise_gwp)",kg CO2-Eq,Climate change — premise GWP incl. H₂
ecoinvent-3.12-cutoff_remind-SSP1-PkBudg650_2030_06-2_full,remind,REMIND,SSP1-PkBudg650,REMIND — SSP1-PkBudg650,remind | SSP1-PkBudg650,<2.0 °C,2030,Other end uses,Production,Hydrogen production,Coal gasification with CCS,Coal gasification with CCS,Technology excluding leakage,5.708429507678727e-05,0.0012743901775957435,"('IPCC 2021', 'climate change', 'GWP 100a, incl. H')","climate change — GWP 100a, incl. H (premise_gwp)",kg CO2-Eq,Climate change — premise GWP incl. H₂
ecoinvent-3.12-cutoff_remind-SSP1-PkBudg650_2030_06-2_full,remind,REMIND,SSP1-PkBudg650,REMIND — SSP1-PkBudg650,remind | SSP1-PkBudg650,<2.0 °C,2030,Other end uses,Production,Hydrogen production,Ammonia leakage — Coal gasification with CCS,Ammonia leakage — Coal gasification with CCS,Ammonia leakage,0.0,0.0,"('IPCC 2021', 'climate change', 'GWP 100a, incl. H')","climate change — GWP 100a, incl. H (premise_gwp)",kg CO2-Eq,Climate change — premise GWP incl. H₂
ecoinvent-3.12-cutoff_remind-SSP1-PkBudg650_2030_06-2_full,remind,REMIND,SSP1-PkBudg650,REMIND — SSP1-PkBudg650,remind | SSP1-PkBudg650,<2.0 °C,2030,Other end uses,Production,Hydrogen production,Steam methane reforming,Steam methane reforming,Technology excluding leakage,2.278277449260766,50.86187714624943,"('IPCC 2021', 'climate change', 'GWP 100a, incl. H')","climate change — GWP 100a, incl. H (premise_gwp)",kg CO2-Eq,Climate change — premise GWP incl. H₂
ecoinvent-3.12-cutoff_remind-SSP1-PkBudg650_2030_06-2_full,remind,REMIND,SSP1-PkBudg650,REMIND — SSP1-PkBudg650,remind | SSP1-PkBudg650,<2.0 °C,2030,Other end uses,Production,Hydrogen production,Steam methane reforming with CCS,Steam methane reforming with CCS,Technology excluding leakage,0.1723454226847984,3.8475611116446307,"('IPCC 2021', 'climate change', 'GWP 100a, incl. H')","climate change — GWP 100a, incl. H (premise_gwp)",kg CO2-Eq,Climate change — premise GWP incl. H₂
ecoinvent-3.12-cutoff_remind-SSP1-PkBudg650_2030_06-2_full,remind,REMIND,SSP1-PkBudg650,REMIND — SSP1-PkBudg650,remind | SSP1-PkBudg650,<2.0 °C,2030,Generic,Distribution,Pipeline,Pipeline distribution,Pipeline distribution,Process excluding leakage,0.05145555496003709,1.179395578997313,"('IPCC 2021', 'climate change', 'GWP 100a, incl. H')","climate change — GWP 100a, incl. H (premise_gwp)",kg CO2-Eq,Climate change — premise GWP incl. H₂
ecoinvent-3.12-cutoff_remind-SSP1-PkBudg650_2030_06-2_full,remind,REMIND,SSP1-PkBudg650,REMIND — SSP1-PkBudg650,remind | SSP1-PkBudg650,<2.0 °C,2030,Generic,Distribution,Pipeline,Compression (pipeline),Compression (pipeline),Process excluding leakage,1.5039117524266343e-05,0.0003447065867604813,"('IPCC 2021', 'climate change', 'GWP 100a, incl. H')","climate change — GWP 100a, incl. H (premise_gwp)",kg CO2-Eq,Climate change — premise GWP incl. H₂
ecoinvent-3.12-cutoff_remind-SSP1-PkBudg650_2030_06-2_full,remind,REMIND,SSP1-PkBudg650,REMIND — SSP1-PkBudg650,remind | SSP1-PkBudg650,<2.0 °C,2030,Generic,Distribution,Pipeline,Compression (pipeline),Compression (pipeline),Process excluding leakage,0.093376082707153,2.140241985815409,"('IPCC 2021', 'climate change', 'GWP 100a, incl. H')","climate change — GWP 100a, incl. H (premise_gwp)",kg CO2-Eq,Climate change — premise GWP incl. H₂
ecoinvent-3.12-cutoff_remind-SSP1-PkBudg650_2030_06-2_full,remind,REMIND,SSP1-PkBudg650,REMIND — SSP1-PkBudg650,remind | SSP1-PkBudg650,<2.0 °C,2030,Generic,Distribution,Pipeline,Hydrogen leakage — Pipeline distribution,Hydrogen leakage — Pipeline distribution,Hydrogen leakage,0.07605783175677061,1.7432961434722427,"('IPCC 2021', 'climate change', 'GWP 100a, incl. H')","climate change — GWP 100a, incl. H (premise_gwp)",kg CO2-Eq,Climate change — premise GWP incl. H₂
ecoinvent-3.12-cutoff_remind-SSP1-PkBudg650_2030_06-2_full,remind,REMIND,SSP1-PkBudg650,REMIND — SSP1-PkBudg650,remind | SSP1-PkBudg650,<2.0 °C,2030,Transport,Distribution,Compressed gas truck,Gaseous H2 truck,Gaseous H2 truck,Process excluding leakage,0.010472229518325464,0.22982034948952093,"('IPCC 2021', 'climate change', 'GWP 100a, incl. H')","climate change — GWP 100a, incl. H (premise_gwp)",kg CO2-Eq,Climate change — premise GWP incl. H₂
ecoinvent-3.12-cutoff_remind-SSP1-PkBudg650_2030_06-2_full,remind,REMIND,SSP1-PkBudg650,REMIND — SSP1-PkBudg650,remind | SSP1-PkBudg650,<2.0 °C,2030,Transport,Distribution,Compressed gas truck,Hydrogen leakage — Gaseous H2 truck,Hydrogen leakage — Gaseous H2 truck,Hydrogen leakage,0.0006874999846331776,0.015087664614870086,"('IPCC 2021', 'climate change', 'GWP 100a, incl. H')","climate change — GWP 100a, incl. H (premise_gwp)",kg CO2-Eq,Climate change — premise GWP incl. H₂
ecoinvent-3.12-cutoff_remind-SSP1-PkBudg650_2030_06-2_full,remind,REMIND,SSP1-PkBudg650,REMIND — SSP1-PkBudg650,remind | SSP1-PkBudg650,<2.0 °C,2030,Transport,Distribution,Liquid hydrogen,Liquid H2 truck,Liquid H2 truck,Process excluding leakage,0.02365157109853397,0.5190501532008532,"('IPCC 2021', 'climate change', 'GWP 100a, incl. H')","climate change — GWP 100a, incl. H (premise_gwp)",kg CO2-Eq,Climate change — premise GWP incl. H₂
ecoinvent-3.12-cutoff_remind-SSP1-PkBudg650_2030_06-2_full,remind,REMIND,SSP1-PkBudg650,REMIND — SSP1-PkBudg650,remind | SSP1-PkBudg650,<2.0 °C,2030,Transport,Distribution,Liquid hydrogen,Hydrogen leakage — Liquid H2 truck,Hydrogen leakage — Liquid H2 truck,Hydrogen leakage,0.004468749836087227,0.09806981859150728,"('IPCC 2021', 'climate change', 'GWP 100a, incl. H')","climate change — GWP 100a, incl. H (premise_gwp)",kg CO2-Eq,Climate change — premise GWP incl. H₂
ecoinvent-3.12-cutoff_remind-SSP1-PkBudg650_2030_06-2_full,remind,REMIND,SSP1-PkBudg650,REMIND — SSP1-PkBudg650,remind | SSP1-PkBudg650,<2.0 °C,2030,Transport,Distribution,Pipeline,Pipeline distribution,Pipeline distribution,Process excluding leakage,0.025727777480018546,0.5646139441175994,"('IPCC 2021', 'climate change', 'GWP 100a, incl. H')","climate change — GWP 100a, incl. H (premise_gwp)",kg CO2-Eq,Climate change — premise GWP incl. H₂
ecoinvent-3.12-cutoff_remind-SSP1-PkBudg650_2030_06-2_full,remind,REMIND,SSP1-PkBudg650,REMIND — SSP1-PkBudg650,remind | SSP1-PkBudg650,<2.0 °C,2030,Transport,Distribution,Pipeline,Compression (pipeline),Compression (pipeline),Process excluding leakage,7.5195587621331715e-06,0.0001650219391865248,"('IPCC 2021', 'climate change', 'GWP 100a, incl. H')","climate change — GWP 100a, incl. H (premise_gwp)",kg CO2-Eq,Climate change — premise GWP incl. H₂
ecoinvent-3.12-cutoff_remind-SSP1-PkBudg650_2030_06-2_full,remind,REMIND,SSP1-PkBudg650,REMIND — SSP1-PkBudg650,remind | SSP1-PkBudg650,<2.0 °C,2030,Transport,Distribution,Pipeline,Compression (pipeline),Compression (pipeline),Process excluding leakage,0.0466880413535765,1.0246014912186425,"('IPCC 2021', 'climate change', 'GWP 100a, incl. H')","climate change — GWP 100a, incl. H (premise_gwp)",kg CO2-Eq,Climate change — premise GWP incl. H₂
ecoinvent-3.12-cutoff_remind-SSP1-PkBudg650_2030_06-2_full,remind,REMIND,SSP1-PkBudg650,REMIND — SSP1-PkBudg650,remind | SSP1-PkBudg650,<2.0 °C,2030,Transport,Distribution,Pipeline,Hydrogen leakage — Pipeline distribution,Hydrogen leakage — Pipeline distribution,Hydrogen leakage,0.038028915878385305,0.8345709691125659,"('IPCC 2021', 'climate change', 'GWP 100a, incl. H')","climate change — GWP 100a, incl. H (premise_gwp)",kg CO2-Eq,Climate change — premise GWP incl. H₂
ecoinvent-3.12-cutoff_remind-SSP1-PkBudg650_2030_06-2_full,remind,REMIND,SSP1-PkBudg650,REMIND — SSP1-PkBudg650,remind | SSP1-PkBudg650,<2.0 °C,2030,Transport,Distribution,Compressed gas truck,Compression (lorry),Compression (lorry),Process excluding leakage,0.019735179180690073,0.4331022127243975,"('IPCC 2021', 'climate change', 'GWP 100a, incl. H')","climate change — GWP 100a, incl. H (premise_gwp)",kg CO2-Eq,Climate change — premise GWP incl. H₂
ecoinvent-3.12-cutoff_remind-SSP1-PkBudg650_2030_06-2_full,remind,REMIND,SSP1-PkBudg650,REMIND — SSP1-PkBudg650,remind | SSP1-PkBudg650,<2.0 °C,2030,Transport,Distribution,Compressed gas truck,Hydrogen leakage — Compression (lorry),Hydrogen leakage — Compression (lorry),Hydrogen leakage,0.008250000071711838,0.18105198099903422,"('IPCC 2021', 'climate change', 'GWP 100a, incl. H')","climate change — GWP 100a, incl. H (premise_gwp)",kg CO2-Eq,Climate change — premise GWP incl. H₂
ecoinvent-3.12-cutoff_remind-SSP1-PkBudg650_2030_06-2_full,remind,REMIND,SSP1-PkBudg650,REMIND — SSP1-PkBudg650,remind | SSP1-PkBudg650,<2.0 °C,2030,Transport,Distribution,Liquid hydrogen,Liquefaction,Liquefaction,Process excluding leakage,0.16096638009648093,3.532518998471267,"('IPCC 2021', 'climate change', 'GWP 100a, incl. H')","climate change — GWP 100a, incl. H (premise_gwp)",kg CO2-Eq,Climate change — premise GWP incl. H₂
ecoinvent-3.12-cutoff_remind-SSP1-PkBudg650_2030_06-2_full,remind,REMIND,SSP1-PkBudg650,REMIND — SSP1-PkBudg650,remind | SSP1-PkBudg650,<2.0 °C,2030,Transport,Distribution,Liquid hydrogen,Hydrogen leakage — Liquefaction,Hydrogen leakage — Liquefaction,Hydrogen leakage,0.04455000115558505,0.9776807142565643,"('IPCC 2021', 'climate change', 'GWP 100a, incl. H')","climate change — GWP 100a, incl. H (premise_gwp)",kg CO2-Eq,Climate change — premise GWP incl. H₂
ecoinvent-3.12-cutoff_remind-SSP1-PkBudg650_2030_06-2_full,remind,REMIND,SSP1-PkBudg650,REMIND — SSP1-PkBudg650,remind | SSP1-PkBudg650,<2.0 °C,2030,Transport,Distribution,Liquid hydrogen,Hydrogen regasification,Hydrogen regasification,Process excluding leakage,0.01774809498409298,0.38949427004820686,"('IPCC 2021', 'climate change', 'GWP 100a, incl. H')","climate change — GWP 100a, incl. H (premise_gwp)",kg CO2-Eq,Climate change — premise GWP incl. H₂
ecoinvent-3.12-cutoff_remind-SSP1-PkBudg650_2030_06-2_full,remind,REMIND,SSP1-PkBudg650,REMIND — SSP1-PkBudg650,remind | SSP1-PkBudg650,<2.0 °C,2030,Transport,Distribution,Liquid hydrogen,Hydrogen leakage — Hydrogen regasification,Hydrogen leakage — Hydrogen regasification,Hydrogen leakage,0.01374999969266355,0.3017532922974017,"('IPCC 2021', 'climate change', 'GWP 100a, incl. H')","climate change — GWP 100a, incl. H (premise_gwp)",kg CO2-Eq,Climate change — premise GWP incl. H₂
ecoinvent-3.12-cutoff_remind-SSP1-PkBudg650_2030_06-2_full,remind,REMIND,SSP1-PkBudg650,REMIND — SSP1-PkBudg650,remind | SSP1-PkBudg650,<2.0 °C,2030,Chemicals,Distribution,Pipeline,Pipeline distribution,Pipeline distribution,Process excluding leakage,0.04116444396802968,0.9531687804460529,"('IPCC 2021', 'climate change', 'GWP 100a, incl. H')","climate change — GWP 100a, incl. H (premise_gwp)",kg CO2-Eq,Climate change — premise GWP incl. H₂
ecoinvent-3.12-cutoff_remind-SSP1-PkBudg650_2030_06-2_full,remind,REMIND,SSP1-PkBudg650,REMIND — SSP1-PkBudg650,remind | SSP1-PkBudg650,<2.0 °C,2030,Chemicals,Distribution,Pipeline,Compression (pipeline),Compression (pipeline),Process excluding leakage,1.2031294019413073e-05,0.0002785863901521018,"('IPCC 2021', 'climate change', 'GWP 100a, incl. H')","climate change — GWP 100a, incl. H (premise_gwp)",kg CO2-Eq,Climate change — premise GWP incl. H₂
ecoinvent-3.12-cutoff_remind-SSP1-PkBudg650_2030_06-2_full,remind,REMIND,SSP1-PkBudg650,REMIND — SSP1-PkBudg650,remind | SSP1-PkBudg650,<2.0 °C,2030,Chemicals,Distribution,Pipeline,Compression (pipeline),Compression (pipeline),Process excluding leakage,0.07470086616572238,1.729709590071101,"('IPCC 2021', 'climate change', 'GWP 100a, incl. H')","climate change — GWP 100a, incl. H (premise_gwp)",kg CO2-Eq,Climate change — premise GWP incl. H₂
ecoinvent-3.12-cutoff_remind-SSP1-PkBudg650_2030_06-2_full,remind,REMIND,SSP1-PkBudg650,REMIND — SSP1-PkBudg650,remind | SSP1-PkBudg650,<2.0 °C,2030,Chemicals,Distribution,Pipeline,Hydrogen leakage — Pipeline distribution,Hydrogen leakage — Pipeline distribution,Hydrogen leakage,0.06084626540541648,1.4089042630144795,"('IPCC 2021', 'climate change', 'GWP 100a, incl. H')","climate change — GWP 100a, incl. H (premise_gwp)",kg CO2-Eq,Climate change — premise GWP incl. H₂
ecoinvent-3.12-cutoff_remind-SSP1-PkBudg650_2030_06-2_full,remind,REMIND,SSP1-PkBudg650,REMIND — SSP1-PkBudg650,remind | SSP1-PkBudg650,<2.0 °C,2030,Cement,Distribution,Compressed gas truck,Gaseous H2 truck,Gaseous H2 truck,Process excluding leakage,0.010472229518325464,0.22982034948952074,"('IPCC 2021', 'climate change', 'GWP 100a, incl. H')","climate change — GWP 100a, incl. H (premise_gwp)",kg CO2-Eq,Climate change — premise GWP incl. H₂
ecoinvent-3.12-cutoff_remind-SSP1-PkBudg650_2030_06-2_full,remind,REMIND,SSP1-PkBudg650,REMIND — SSP1-PkBudg650,remind | SSP1-PkBudg650,<2.0 °C,2030,Cement,Distribution,Compressed gas truck,Hydrogen leakage — Gaseous H2 truck,Hydrogen leakage — Gaseous H2 truck,Hydrogen leakage,0.0006874999846331776,0.015087664614870076,"('IPCC 2021', 'climate change', 'GWP 100a, incl. H')","climate change — GWP 100a, incl. H (premise_gwp)",kg CO2-Eq,Climate change — premise GWP incl. H₂
ecoinvent-3.12-cutoff_remind-SSP1-PkBudg650_2030_06-2_full,remind,REMIND,SSP1-PkBudg650,REMIND — SSP1-PkBudg650,remind | SSP1-PkBudg650,<2.0 °C,2030,Cement,Distribution,Liquid hydrogen,Liquid H2 truck,Liquid H2 truck,Process excluding leakage,0.02365157109853397,0.5190501532008528,"('IPCC 2021', 'climate change', 'GWP 100a, incl. H')","climate change — GWP 100a, incl. H (premise_gwp)",kg CO2-Eq,Climate change — premise GWP incl. H₂
ecoinvent-3.12-cutoff_remind-SSP1-PkBudg650_2030_06-2_full,remind,REMIND,SSP1-PkBudg650,REMIND — SSP1-PkBudg650,remind | SSP1-PkBudg650,<2.0 °C,2030,Cement,Distribution,Liquid hydrogen,Hydrogen leakage — Liquid H2 truck,Hydrogen leakage — Liquid H2 truck,Hydrogen leakage,0.004468749836087227,0.09806981859150721,"('IPCC 2021', 'climate change', 'GWP 100a, incl. H')","climate change — GWP 100a, incl. H (premise_gwp)",kg CO2-Eq,Climate change — premise GWP incl. H₂
ecoinvent-3.12-cutoff_remind-SSP1-PkBudg650_2030_06-2_full,remind,REMIND,SSP1-PkBudg650,REMIND — SSP1-PkBudg650,remind | SSP1-PkBudg650,<2.0 °C,2030,Cement,Distribution,Pipeline,Pipeline distribution,Pipeline distribution,Process excluding leakage,0.025727777480018546,0.5646139441175989,"('IPCC 2021', 'climate change', 'GWP 100a, incl. H')","climate change — GWP 100a, incl. H (premise_gwp)",kg CO2-Eq,Climate change — premise GWP incl. H₂
ecoinvent-3.12-cutoff_remind-SSP1-PkBudg650_2030_06-2_full,remind,REMIND,SSP1-PkBudg650,REMIND — SSP1-PkBudg650,remind | SSP1-PkBudg650,<2.0 °C,2030,Cement,Distribution,Pipeline,Compression (pipeline),Compression (pipeline),Process excluding leakage,7.5195587621331715e-06,0.0001650219391865247,"('IPCC 2021', 'climate change', 'GWP 100a, incl. H')","climate change — GWP 100a, incl. H (premise_gwp)",kg CO2-Eq,Climate change — premise GWP incl. H₂
ecoinvent-3.12-cutoff_remind-SSP1-PkBudg650_2030_06-2_full,remind,REMIND,SSP1-PkBudg650,REMIND — SSP1-PkBudg650,remind | SSP1-PkBudg650,<2.0 °C,2030,Cement,Distribution,Pipeline,Compression (pipeline),Compression (pipeline),Process excluding leakage,0.0466880413535765,1.0246014912186416,"('IPCC 2021', 'climate change', 'GWP 100a, incl. H')","climate change — GWP 100a, incl. H (premise_gwp)",kg CO2-Eq,Climate change — premise GWP incl. H₂
ecoinvent-3.12-cutoff_remind-SSP1-PkBudg650_2030_06-2_full,remind,REMIND,SSP1-PkBudg650,REMIND — SSP1-PkBudg650,remind | SSP1-PkBudg650,<2.0 °C,2030,Cement,Distribution,Pipeline,Hydrogen leakage — Pipeline distribution,Hydrogen leakage — Pipeline distribution,Hydrogen leakage,0.038028915878385305,0.8345709691125652,"('IPCC 2021', 'climate change', 'GWP 100a, incl. H')","climate change — GWP 100a, incl. H (premise_gwp)",kg CO2-Eq,Climate change — premise GWP incl. H₂
ecoinvent-3.12-cutoff_remind-SSP1-PkBudg650_2030_06-2_full,remind,REMIND,SSP1-PkBudg650,REMIND — SSP1-PkBudg650,remind | SSP1-PkBudg650,<2.0 °C,2030,Cement,Distribution,Compressed gas truck,Compression (lorry),Compression (lorry),Process excluding leakage,0.019735179180690073,0.43310221272439714,"('IPCC 2021', 'climate change', 'GWP 100a, incl. H')","climate change — GWP 100a, incl. H (premise_gwp)",kg CO2-Eq,Climate change — premise GWP incl. H₂
ecoinvent-3.12-cutoff_remind-SSP1-PkBudg650_2030_06-2_full,remind,REMIND,SSP1-PkBudg650,REMIND — SSP1-PkBudg650,remind | SSP1-PkBudg650,<2.0 °C,2030,Cement,Distribution,Compressed gas truck,Hydrogen leakage — Compression (lorry),Hydrogen leakage — Compression (lorry),Hydrogen leakage,0.008250000071711838,0.18105198099903408,"('IPCC 2021', 'climate change', 'GWP 100a, incl. H')","climate change — GWP 100a, incl. H (premise_gwp)",kg CO2-Eq,Climate change — premise GWP incl. H₂
ecoinvent-3.12-cutoff_remind-SSP1-PkBudg650_2030_06-2_full,remind,REMIND,SSP1-PkBudg650,REMIND — SSP1-PkBudg650,remind | SSP1-PkBudg650,<2.0 °C,2030,Cement,Distribution,Liquid hydrogen,Liquefaction,Liquefaction,Process excluding leakage,0.16096638009648093,3.5325189984712644,"('IPCC 2021', 'climate change', 'GWP 100a, incl. H')","climate change — GWP 100a, incl. H (premise_gwp)",kg CO2-Eq,Climate change — premise GWP incl. H₂
ecoinvent-3.12-cutoff_remind-SSP1-PkBudg650_2030_06-2_full,remind,REMIND,SSP1-PkBudg650,REMIND — SSP1-PkBudg650,remind | SSP1-PkBudg650,<2.0 °C,2030,Cement,Distribution,Liquid hydrogen,Hydrogen leakage — Liquefaction,Hydrogen leakage — Liquefaction,Hydrogen leakage,0.04455000115558505,0.9776807142565637,"('IPCC 2021', 'climate change', 'GWP 100a, incl. H')","climate change — GWP 100a, incl. H (premise_gwp)",kg CO2-Eq,Climate change — premise GWP incl. H₂
ecoinvent-3.12-cutoff_remind-SSP1-PkBudg650_2030_06-2_full,remind,REMIND,SSP1-PkBudg650,REMIND — SSP1-PkBudg650,remind | SSP1-PkBudg650,<2.0 °C,2030,Cement,Distribution,Liquid hydrogen,Hydrogen regasification,Hydrogen regasification,Process excluding leakage,0.01774809498409298,0.3894942700482066,"('IPCC 2021', 'climate change', 'GWP 100a, incl. H')","climate change — GWP 100a, incl. H (premise_gwp)",kg CO2-Eq,Climate change — premise GWP incl. H₂
ecoinvent-3.12-cutoff_remind-SSP1-PkBudg650_2030_06-2_full,remind,REMIND,SSP1-PkBudg650,REMIND — SSP1-PkBudg650,remind | SSP1-PkBudg650,<2.0 °C,2030,Cement,Distribution,Liquid hydrogen,Hydrogen leakage — Hydrogen regasification,Hydrogen leakage — Hydrogen regasification,Hydrogen leakage,0.01374999969266355,0.3017532922974015,"('IPCC 2021', 'climate change', 'GWP 100a, incl. H')","climate change — GWP 100a, incl. H (premise_gwp)",kg CO2-Eq,Climate change — premise GWP incl. H₂
ecoinvent-3.12-cutoff_remind-SSP1-PkBudg650_2030_06-2_full,remind,REMIND,SSP1-PkBudg650,REMIND — SSP1-PkBudg650,remind | SSP1-PkBudg650,<2.0 °C,2030,Heating,Distribution,Pipeline,Pipeline distribution,Pipeline distribution,Process excluding leakage,0.05145555496003709,1.1793955789973112,"('IPCC 2021', 'climate change', 'GWP 100a, incl. H')","climate change — GWP 100a, incl. H (premise_gwp)",kg CO2-Eq,Climate change — premise GWP incl. H₂
ecoinvent-3.12-cutoff_remind-SSP1-PkBudg650_2030_06-2_full,remind,REMIND,SSP1-PkBudg650,REMIND — SSP1-PkBudg650,remind | SSP1-PkBudg650,<2.0 °C,2030,Heating,Distribution,Pipeline,Compression (pipeline),Compression (pipeline),Process excluding leakage,1.5039117524266343e-05,0.0003447065867604808,"('IPCC 2021', 'climate change', 'GWP 100a, incl. H')","climate change — GWP 100a, incl. H (premise_gwp)",kg CO2-Eq,Climate change — premise GWP incl. H₂
ecoinvent-3.12-cutoff_remind-SSP1-PkBudg650_2030_06-2_full,remind,REMIND,SSP1-PkBudg650,REMIND — SSP1-PkBudg650,remind | SSP1-PkBudg650,<2.0 °C,2030,Heating,Distribution,Pipeline,Compression (pipeline),Compression (pipeline),Process excluding leakage,0.093376082707153,2.140241985815406,"('IPCC 2021', 'climate change', 'GWP 100a, incl. H')","climate change — GWP 100a, incl. H (premise_gwp)",kg CO2-Eq,Climate change — premise GWP incl. H₂
ecoinvent-3.12-cutoff_remind-SSP1-PkBudg650_2030_06-2_full,remind,REMIND,SSP1-PkBudg650,REMIND — SSP1-PkBudg650,remind | SSP1-PkBudg650,<2.0 °C,2030,Heating,Distribution,Pipeline,Hydrogen leakage — Pipeline distribution,Hydrogen leakage — Pipeline distribution,Hydrogen leakage,0.07605783175677061,1.74329614347224,"('IPCC 2021', 'climate change', 'GWP 100a, incl. H')","climate change — GWP 100a, incl. H (premise_gwp)",kg CO2-Eq,Climate change — premise GWP incl. H₂
ecoinvent-3.12-cutoff_remind-SSP1-PkBudg650_2030_06-2_full,remind,REMIND,SSP1-PkBudg650,REMIND — SSP1-PkBudg650,remind | SSP1-PkBudg650,<2.0 °C,2030,Other end uses,Distribution,Compressed gas truck,Gaseous H2 truck,Gaseous H2 truck,Process excluding leakage,0.033511134458641484,0.7481262672462958,"('IPCC 2021', 'climate change', 'GWP 100a, incl. H')","climate change — GWP 100a, incl. H (premise_gwp)",kg CO2-Eq,Climate change — premise GWP incl. H₂
ecoinvent-3.12-cutoff_remind-SSP1-PkBudg650_2030_06-2_full,remind,REMIND,SSP1-PkBudg650,REMIND — SSP1-PkBudg650,remind | SSP1-PkBudg650,<2.0 °C,2030,Other end uses,Distribution,Compressed gas truck,Hydrogen leakage — Gaseous H2 truck,Hydrogen leakage — Gaseous H2 truck,Hydrogen leakage,0.002199999950826168,0.04911435490746851,"('IPCC 2021', 'climate change', 'GWP 100a, incl. H')","climate change — GWP 100a, incl. H (premise_gwp)",kg CO2-Eq,Climate change — premise GWP incl. H₂
ecoinvent-3.12-cutoff_remind-SSP1-PkBudg650_2030_06-2_full,remind,REMIND,SSP1-PkBudg650,REMIND — SSP1-PkBudg650,remind | SSP1-PkBudg650,<2.0 °C,2030,Other end uses,Distribution,Liquid hydrogen,Liquid H2 truck,Liquid H2 truck,Process excluding leakage,0.018921256878827175,0.4224115210971322,"('IPCC 2021', 'climate change', 'GWP 100a, incl. H')","climate change — GWP 100a, incl. H (premise_gwp)",kg CO2-Eq,Climate change — premise GWP incl. H₂
ecoinvent-3.12-cutoff_remind-SSP1-PkBudg650_2030_06-2_full,remind,REMIND,SSP1-PkBudg650,REMIND — SSP1-PkBudg650,remind | SSP1-PkBudg650,<2.0 °C,2030,Other end uses,Distribution,Liquid hydrogen,Hydrogen leakage — Liquid H2 truck,Hydrogen leakage — Liquid H2 truck,Hydrogen leakage,0.003574999868869782,0.07981082558110363,"('IPCC 2021', 'climate change', 'GWP 100a, incl. H')","climate change — GWP 100a, incl. H (premise_gwp)",kg CO2-Eq,Climate change — premise GWP incl. H₂
ecoinvent-3.12-cutoff_remind-SSP1-PkBudg650_2030_06-2_full,remind,REMIND,SSP1-PkBudg650,REMIND — SSP1-PkBudg650,remind | SSP1-PkBudg650,<2.0 °C,2030,Other end uses,Distribution,Compressed gas truck,Compression (lorry),Compression (lorry),Process excluding leakage,0.06315257337820823,1.4098627143389175,"('IPCC 2021', 'climate change', 'GWP 100a, incl. H')","climate change — GWP 100a, incl. H (premise_gwp)",kg CO2-Eq,Climate change — premise GWP incl. H₂
ecoinvent-3.12-cutoff_remind-SSP1-PkBudg650_2030_06-2_full,remind,REMIND,SSP1-PkBudg650,REMIND — SSP1-PkBudg650,remind | SSP1-PkBudg650,<2.0 °C,2030,Other end uses,Distribution,Compressed gas truck,Hydrogen leakage — Compression (lorry),Hydrogen leakage — Compression (lorry),Hydrogen leakage,0.026400000229477888,0.5893722771861456,"('IPCC 2021', 'climate change', 'GWP 100a, incl. H')","climate change — GWP 100a, incl. H (premise_gwp)",kg CO2-Eq,Climate change — premise GWP incl. H₂
ecoinvent-3.12-cutoff_remind-SSP1-PkBudg650_2030_06-2_full,remind,REMIND,SSP1-PkBudg650,REMIND — SSP1-PkBudg650,remind | SSP1-PkBudg650,<2.0 °C,2030,Other end uses,Distribution,Liquid hydrogen,Liquefaction,Liquefaction,Process excluding leakage,0.12877310407718476,2.874821853431472,"('IPCC 2021', 'climate change', 'GWP 100a, incl. H')","climate change — GWP 100a, incl. H (premise_gwp)",kg CO2-Eq,Climate change — premise GWP incl. H₂
ecoinvent-3.12-cutoff_remind-SSP1-PkBudg650_2030_06-2_full,remind,REMIND,SSP1-PkBudg650,REMIND — SSP1-PkBudg650,remind | SSP1-PkBudg650,<2.0 °C,2030,Other end uses,Distribution,Liquid hydrogen,Hydrogen leakage — Liquefaction,Hydrogen leakage — Liquefaction,Hydrogen leakage,0.03564000092446804,0.795652587923689,"('IPCC 2021', 'climate change', 'GWP 100a, incl. H')","climate change — GWP 100a, incl. H (premise_gwp)",kg CO2-Eq,Climate change — premise GWP incl. H₂
ecoinvent-3.12-cutoff_remind-SSP1-PkBudg650_2030_06-2_full,remind,REMIND,SSP1-PkBudg650,REMIND — SSP1-PkBudg650,remind | SSP1-PkBudg650,<2.0 °C,2030,Other end uses,Distribution,Liquid hydrogen,Hydrogen regasification,Hydrogen regasification,Process excluding leakage,0.014198475987274386,0.3169768201686947,"('IPCC 2021', 'climate change', 'GWP 100a, incl. H')","climate change — GWP 100a, incl. H (premise_gwp)",kg CO2-Eq,Climate change — premise GWP incl. H₂
ecoinvent-3.12-cutoff_remind-SSP1-PkBudg650_2030_06-2_full,remind,REMIND,SSP1-PkBudg650,REMIND — SSP1-PkBudg650,remind | SSP1-PkBudg650,<2.0 °C,2030,Other end uses,Distribution,Liquid hydrogen,Hydrogen leakage — Hydrogen regasification,Hydrogen leakage — Hydrogen regasification,Hydrogen leakage,0.010999999754130841,0.24557177453734255,"('IPCC 2021', 'climate change', 'GWP 100a, incl. H')","climate change — GWP 100a, incl. H (premise_gwp)",kg CO2-Eq,Climate change — premise GWP incl. H₂
ecoinvent-3.12-cutoff_remind-SSP1-PkBudg650_2040_06-2_full,remind,REMIND,SSP1-PkBudg650,REMIND — SSP1-PkBudg650,remind | SSP1-PkBudg650,<2.0 °C,2040,Generic,Production,Hydrogen production,PEM electrolysis,PEM electrolysis,Technology excluding leakage,0.8389031056592986,84.9515360089667,"('IPCC 2021', 'climate change', 'GWP 100a, incl. H')","climate change — GWP 100a, incl. H (premise_gwp)",kg CO2-Eq,Climate change — premise GWP incl. H₂
ecoinvent-3.12-cutoff_remind-SSP1-PkBudg650_2040_06-2_full,remind,REMIND,SSP1-PkBudg650,REMIND — SSP1-PkBudg650,remind | SSP1-PkBudg650,<2.0 °C,2040,Generic,Production,Hydrogen production,Biomass gasification,Biomass gasification,Technology excluding leakage,5.11432624853038e-07,5.179023268988615e-05,"('IPCC 2021', 'climate change', 'GWP 100a, incl. H')","climate change — GWP 100a, incl. H (premise_gwp)",kg CO2-Eq,Climate change — premise GWP incl. H₂
ecoinvent-3.12-cutoff_remind-SSP1-PkBudg650_2040_06-2_full,remind,REMIND,SSP1-PkBudg650,REMIND — SSP1-PkBudg650,remind | SSP1-PkBudg650,<2.0 °C,2040,Generic,Production,Hydrogen production,Biomass gasification with CCS,Biomass gasification with CCS,Technology excluding leakage,0.01904139717984491,1.9282273808169472,"('IPCC 2021', 'climate change', 'GWP 100a, incl. H')","climate change — GWP 100a, incl. H (premise_gwp)",kg CO2-Eq,Climate change — premise GWP incl. H₂
ecoinvent-3.12-cutoff_remind-SSP1-PkBudg650_2040_06-2_full,remind,REMIND,SSP1-PkBudg650,REMIND — SSP1-PkBudg650,remind | SSP1-PkBudg650,<2.0 °C,2040,Generic,Production,Hydrogen production,Coal gasification with CCS,Coal gasification with CCS,Technology excluding leakage,5.232908871216867e-06,0.0005299105980248477,"('IPCC 2021', 'climate change', 'GWP 100a, incl. H')","climate change — GWP 100a, incl. H (premise_gwp)",kg CO2-Eq,Climate change — premise GWP incl. H₂
ecoinvent-3.12-cutoff_remind-SSP1-PkBudg650_2040_06-2_full,remind,REMIND,SSP1-PkBudg650,REMIND — SSP1-PkBudg650,remind | SSP1-PkBudg650,<2.0 °C,2040,Generic,Production,Hydrogen production,Ammonia leakage — Coal gasification with CCS,Ammonia leakage — Coal gasification with CCS,Ammonia leakage,0.0,0.0,"('IPCC 2021', 'climate change', 'GWP 100a, incl. H')","climate change — GWP 100a, incl. H (premise_gwp)",kg CO2-Eq,Climate change — premise GWP incl. H₂
ecoinvent-3.12-cutoff_remind-SSP1-PkBudg650_2040_06-2_full,remind,REMIND,SSP1-PkBudg650,REMIND — SSP1-PkBudg650,remind | SSP1-PkBudg650,<2.0 °C,2040,Generic,Production,Hydrogen production,Steam methane reforming with CCS,Steam methane reforming with CCS,Technology excluding leakage,0.004476073404194862,0.4532696427156483,"('IPCC 2021', 'climate change', 'GWP 100a, incl. H')","climate change — GWP 100a, incl. H (premise_gwp)",kg CO2-Eq,Climate change — premise GWP incl. H₂
ecoinvent-3.12-cutoff_remind-SSP1-PkBudg650_2040_06-2_full,remind,REMIND,SSP1-PkBudg650,REMIND — SSP1-PkBudg650,remind | SSP1-PkBudg650,<2.0 °C,2040,Transport,Production,Hydrogen production,PEM electrolysis,PEM electrolysis,Technology excluding leakage,0.8389031056592986,77.2011402253714,"('IPCC 2021', 'climate change', 'GWP 100a, incl. H')","climate change — GWP 100a, incl. H (premise_gwp)",kg CO2-Eq,Climate change — premise GWP incl. H₂
ecoinvent-3.12-cutoff_remind-SSP1-PkBudg650_2040_06-2_full,remind,REMIND,SSP1-PkBudg650,REMIND — SSP1-PkBudg650,remind | SSP1-PkBudg650,<2.0 °C,2040,Transport,Production,Hydrogen production,Biomass gasification,Biomass gasification,Technology excluding leakage,5.11432624853038e-07,4.7065246892940165e-05,"('IPCC 2021', 'climate change', 'GWP 100a, incl. H')","climate change — GWP 100a, incl. H (premise_gwp)",kg CO2-Eq,Climate change — premise GWP incl. H₂
ecoinvent-3.12-cutoff_remind-SSP1-PkBudg650_2040_06-2_full,remind,REMIND,SSP1-PkBudg650,REMIND — SSP1-PkBudg650,remind | SSP1-PkBudg650,<2.0 °C,2040,Transport,Production,Hydrogen production,Biomass gasification with CCS,Biomass gasification with CCS,Technology excluding leakage,0.01904139717984491,1.7523091330230607,"('IPCC 2021', 'climate change', 'GWP 100a, incl. H')","climate change — GWP 100a, incl. H (premise_gwp)",kg CO2-Eq,Climate change — premise GWP incl. H₂
ecoinvent-3.12-cutoff_remind-SSP1-PkBudg650_2040_06-2_full,remind,REMIND,SSP1-PkBudg650,REMIND — SSP1-PkBudg650,remind | SSP1-PkBudg650,<2.0 °C,2040,Transport,Production,Hydrogen production,Coal gasification with CCS,Coal gasification with CCS,Technology excluding leakage,5.232908871216867e-06,0.00048156518771724907,"('IPCC 2021', 'climate change', 'GWP 100a, incl. H')","climate change — GWP 100a, incl. H (premise_gwp)",kg CO2-Eq,Climate change — premise GWP incl. H₂
ecoinvent-3.12-cutoff_remind-SSP1-PkBudg650_2040_06-2_full,remind,REMIND,SSP1-PkBudg650,REMIND — SSP1-PkBudg650,remind | SSP1-PkBudg650,<2.0 °C,2040,Transport,Production,Hydrogen production,Ammonia leakage — Coal gasification with CCS,Ammonia leakage — Coal gasification with CCS,Ammonia leakage,0.0,0.0,"('IPCC 2021', 'climate change', 'GWP 100a, incl. H')","climate change — GWP 100a, incl. H (premise_gwp)",kg CO2-Eq,Climate change — premise GWP incl. H₂
ecoinvent-3.12-cutoff_remind-SSP1-PkBudg650_2040_06-2_full,remind,REMIND,SSP1-PkBudg650,REMIND — SSP1-PkBudg650,remind | SSP1-PkBudg650,<2.0 °C,2040,Transport,Production,Hydrogen production,Steam methane reforming with CCS,Steam methane reforming with CCS,Technology excluding leakage,0.004476073404194862,0.41191642777949566,"('IPCC 2021', 'climate change', 'GWP 100a, incl. H')","climate change — GWP 100a, incl. H (premise_gwp)",kg CO2-Eq,Climate change — premise GWP incl. H₂
ecoinvent-3.12-cutoff_remind-SSP1-PkBudg650_2040_06-2_full,remind,REMIND,SSP1-PkBudg650,REMIND — SSP1-PkBudg650,remind | SSP1-PkBudg650,<2.0 °C,2040,Chemicals,Production,Hydrogen production,PEM electrolysis,PEM electrolysis,Technology excluding leakage,0.8389031056592986,87.15952779400394,"('IPCC 2021', 'climate change', 'GWP 100a, incl. H')","climate change — GWP 100a, incl. H (premise_gwp)",kg CO2-Eq,Climate change — premise GWP incl. H₂
ecoinvent-3.12-cutoff_remind-SSP1-PkBudg650_2040_06-2_full,remind,REMIND,SSP1-PkBudg650,REMIND — SSP1-PkBudg650,remind | SSP1-PkBudg650,<2.0 °C,2040,Chemicals,Production,Hydrogen production,Biomass gasification,Biomass gasification,Technology excluding leakage,5.11432624853038e-07,5.3136322633596706e-05,"('IPCC 2021', 'climate change', 'GWP 100a, incl. H')","climate change — GWP 100a, incl. H (premise_gwp)",kg CO2-Eq,Climate change — premise GWP incl. H₂
ecoinvent-3.12-cutoff_remind-SSP1-PkBudg650_2040_06-2_full,remind,REMIND,SSP1-PkBudg650,REMIND — SSP1-PkBudg650,remind | SSP1-PkBudg650,<2.0 °C,2040,Chemicals,Production,Hydrogen production,Biomass gasification with CCS,Biomass gasification with CCS,Technology excluding leakage,0.01904139717984491,1.9783443112050956,"('IPCC 2021', 'climate change', 'GWP 100a, incl. H')","climate change — GWP 100a, incl. H (premise_gwp)",kg CO2-Eq,Climate change — premise GWP incl. H₂
ecoinvent-3.12-cutoff_remind-SSP1-PkBudg650_2040_06-2_full,remind,REMIND,SSP1-PkBudg650,REMIND — SSP1-PkBudg650,remind | SSP1-PkBudg650,<2.0 °C,2040,Chemicals,Production,Hydrogen production,Coal gasification with CCS,Coal gasification with CCS,Technology excluding leakage,5.232908871216867e-06,0.0005436836067567855,"('IPCC 2021', 'climate change', 'GWP 100a, incl. H')","climate change — GWP 100a, incl. H (premise_gwp)",kg CO2-Eq,Climate change — premise GWP incl. H₂
ecoinvent-3.12-cutoff_remind-SSP1-PkBudg650_2040_06-2_full,remind,REMIND,SSP1-PkBudg650,REMIND — SSP1-PkBudg650,remind | SSP1-PkBudg650,<2.0 °C,2040,Chemicals,Production,Hydrogen production,Ammonia leakage — Coal gasification with CCS,Ammonia leakage — Coal gasification with CCS,Ammonia leakage,0.0,0.0,"('IPCC 2021', 'climate change', 'GWP 100a, incl. H')","climate change — GWP 100a, incl. H (premise_gwp)",kg CO2-Eq,Climate change — premise GWP incl. H₂
ecoinvent-3.12-cutoff_remind-SSP1-PkBudg650_2040_06-2_full,remind,REMIND,SSP1-PkBudg650,REMIND — SSP1-PkBudg650,remind | SSP1-PkBudg650,<2.0 °C,2040,Chemicals,Production,Hydrogen production,Steam methane reforming with CCS,Steam methane reforming with CCS,Technology excluding leakage,0.004476073404194862,0.4650506615711199,"('IPCC 2021', 'climate change', 'GWP 100a, incl. H')","climate change — GWP 100a, incl. H (premise_gwp)",kg CO2-Eq,Climate change — premise GWP incl. H₂
ecoinvent-3.12-cutoff_remind-SSP1-PkBudg650_2040_06-2_full,remind,REMIND,SSP1-PkBudg650,REMIND — SSP1-PkBudg650,remind | SSP1-PkBudg650,<2.0 °C,2040,Steel,Production,Hydrogen production,PEM electrolysis,PEM electrolysis,Technology excluding leakage,0.8389031056592986,78.12316740251127,"('IPCC 2021', 'climate change', 'GWP 100a, incl. H')","climate change — GWP 100a, incl. H (premise_gwp)",kg CO2-Eq,Climate change — premise GWP incl. H₂
ecoinvent-3.12-cutoff_remind-SSP1-PkBudg650_2040_06-2_full,remind,REMIND,SSP1-PkBudg650,REMIND — SSP1-PkBudg650,remind | SSP1-PkBudg650,<2.0 °C,2040,Steel,Production,Hydrogen production,Biomass gasification,Biomass gasification,Technology excluding leakage,5.11432624853038e-07,4.7627355646870545e-05,"('IPCC 2021', 'climate change', 'GWP 100a, incl. H')","climate change — GWP 100a, incl. H (premise_gwp)",kg CO2-Eq,Climate change — premise GWP incl. H₂
ecoinvent-3.12-cutoff_remind-SSP1-PkBudg650_2040_06-2_full,remind,REMIND,SSP1-PkBudg650,REMIND — SSP1-PkBudg650,remind | SSP1-PkBudg650,<2.0 °C,2040,Steel,Production,Hydrogen production,Biomass gasification with CCS,Biomass gasification with CCS,Technology excluding leakage,0.01904139717984491,1.773237277849433,"('IPCC 2021', 'climate change', 'GWP 100a, incl. H')","climate change — GWP 100a, incl. H (premise_gwp)",kg CO2-Eq,Climate change — premise GWP incl. H₂
ecoinvent-3.12-cutoff_remind-SSP1-PkBudg650_2040_06-2_full,remind,REMIND,SSP1-PkBudg650,REMIND — SSP1-PkBudg650,remind | SSP1-PkBudg650,<2.0 °C,2040,Steel,Production,Hydrogen production,Coal gasification with CCS,Coal gasification with CCS,Technology excluding leakage,5.232908871216867e-06,0.0004873166078302623,"('IPCC 2021', 'climate change', 'GWP 100a, incl. H')","climate change — GWP 100a, incl. H (premise_gwp)",kg CO2-Eq,Climate change — premise GWP incl. H₂
ecoinvent-3.12-cutoff_remind-SSP1-PkBudg650_2040_06-2_full,remind,REMIND,SSP1-PkBudg650,REMIND — SSP1-PkBudg650,remind | SSP1-PkBudg650,<2.0 °C,2040,Steel,Production,Hydrogen production,Ammonia leakage — Coal gasification with CCS,Ammonia leakage — Coal gasification with CCS,Ammonia leakage,0.0,0.0,"('IPCC 2021', 'climate change', 'GWP 100a, incl. H')","climate change — GWP 100a, incl. H (premise_gwp)",kg CO2-Eq,Climate change — premise GWP incl. H₂
ecoinvent-3.12-cutoff_remind-SSP1-PkBudg650_2040_06-2_full,remind,REMIND,SSP1-PkBudg650,REMIND — SSP1-PkBudg650,remind | SSP1-PkBudg650,<2.0 °C,2040,Steel,Production,Hydrogen production,Steam methane reforming with CCS,Steam methane reforming with CCS,Technology excluding leakage,0.004476073404194862,0.41683602015875754,"('IPCC 2021', 'climate change', 'GWP 100a, incl. H')","climate change — GWP 100a, incl. H (premise_gwp)",kg CO2-Eq,Climate change — premise GWP incl. H₂
ecoinvent-3.12-cutoff_remind-SSP1-PkBudg650_2040_06-2_full,remind,REMIND,SSP1-PkBudg650,REMIND — SSP1-PkBudg650,remind | SSP1-PkBudg650,<2.0 °C,2040,Cement,Production,Hydrogen production,PEM electrolysis,PEM electrolysis,Technology excluding leakage,0.8389031056592986,78.12316740251126,"('IPCC 2021', 'climate change', 'GWP 100a, incl. H')","climate change — GWP 100a, incl. H (premise_gwp)",kg CO2-Eq,Climate change — premise GWP incl. H₂
ecoinvent-3.12-cutoff_remind-SSP1-PkBudg650_2040_06-2_full,remind,REMIND,SSP1-PkBudg650,REMIND — SSP1-PkBudg650,remind | SSP1-PkBudg650,<2.0 °C,2040,Cement,Production,Hydrogen production,Biomass gasification,Biomass gasification,Technology excluding leakage,5.11432624853038e-07,4.762735564687054e-05,"('IPCC 2021', 'climate change', 'GWP 100a, incl. H')","climate change — GWP 100a, incl. H (premise_gwp)",kg CO2-Eq,Climate change — premise GWP incl. H₂
ecoinvent-3.12-cutoff_remind-SSP1-PkBudg650_2040_06-2_full,remind,REMIND,SSP1-PkBudg650,REMIND — SSP1-PkBudg650,remind | SSP1-PkBudg650,<2.0 °C,2040,Cement,Production,Hydrogen production,Biomass gasification with CCS,Biomass gasification with CCS,Technology excluding leakage,0.01904139717984491,1.7732372778494325,"('IPCC 2021', 'climate change', 'GWP 100a, incl. H')","climate change — GWP 100a, incl. H (premise_gwp)",kg CO2-Eq,Climate change — premise GWP incl. H₂
ecoinvent-3.12-cutoff_remind-SSP1-PkBudg650_2040_06-2_full,remind,REMIND,SSP1-PkBudg650,REMIND — SSP1-PkBudg650,remind | SSP1-PkBudg650,<2.0 °C,2040,Cement,Production,Hydrogen production,Coal gasification with CCS,Coal gasification with CCS,Technology excluding leakage,5.232908871216867e-06,0.00048731660783026226,"('IPCC 2021', 'climate change', 'GWP 100a, incl. H')","climate change — GWP 100a, incl. H (premise_gwp)",kg CO2-Eq,Climate change — premise GWP incl. H₂
ecoinvent-3.12-cutoff_remind-SSP1-PkBudg650_2040_06-2_full,remind,REMIND,SSP1-PkBudg650,REMIND — SSP1-PkBudg650,remind | SSP1-PkBudg650,<2.0 °C,2040,Cement,Production,Hydrogen production,Ammonia leakage — Coal gasification with CCS,Ammonia leakage — Coal gasification with CCS,Ammonia leakage,0.0,0.0,"('IPCC 2021', 'climate change', 'GWP 100a, incl. H')","climate change — GWP 100a, incl. H (premise_gwp)",kg CO2-Eq,Climate change — premise GWP incl. H₂
ecoinvent-3.12-cutoff_remind-SSP1-PkBudg650_2040_06-2_full,remind,REMIND,SSP1-PkBudg650,REMIND — SSP1-PkBudg650,remind | SSP1-PkBudg650,<2.0 °C,2040,Cement,Production,Hydrogen production,Steam methane reforming with CCS,Steam methane reforming with CCS,Technology excluding leakage,0.004476073404194862,0.4168360201587574,"('IPCC 2021', 'climate change', 'GWP 100a, incl. H')","climate change — GWP 100a, incl. H (premise_gwp)",kg CO2-Eq,Climate change — premise GWP incl. H₂
ecoinvent-3.12-cutoff_remind-SSP1-PkBudg650_2040_06-2_full,remind,REMIND,SSP1-PkBudg650,REMIND — SSP1-PkBudg650,remind | SSP1-PkBudg650,<2.0 °C,2040,Other end uses,Production,Hydrogen production,PEM electrolysis,PEM electrolysis,Technology excluding leakage,0.8389031056592986,77.2011402253714,"('IPCC 2021', 'climate change', 'GWP 100a, incl. H')","climate change — GWP 100a, incl. H (premise_gwp)",kg CO2-Eq,Climate change — premise GWP incl. H₂
ecoinvent-3.12-cutoff_remind-SSP1-PkBudg650_2040_06-2_full,remind,REMIND,SSP1-PkBudg650,REMIND — SSP1-PkBudg650,remind | SSP1-PkBudg650,<2.0 °C,2040,Other end uses,Production,Hydrogen production,Biomass gasification,Biomass gasification,Technology excluding leakage,5.11432624853038e-07,4.7065246892940165e-05,"('IPCC 2021', 'climate change', 'GWP 100a, incl. H')","climate change — GWP 100a, incl. H (premise_gwp)",kg CO2-Eq,Climate change — premise GWP incl. H₂
ecoinvent-3.12-cutoff_remind-SSP1-PkBudg650_2040_06-2_full,remind,REMIND,SSP1-PkBudg650,REMIND — SSP1-PkBudg650,remind | SSP1-PkBudg650,<2.0 °C,2040,Other end uses,Production,Hydrogen production,Biomass gasification with CCS,Biomass gasification with CCS,Technology excluding leakage,0.01904139717984491,1.7523091330230607,"('IPCC 2021', 'climate change', 'GWP 100a, incl. H')","climate change — GWP 100a, incl. H (premise_gwp)",kg CO2-Eq,Climate change — premise GWP incl. H₂
ecoinvent-3.12-cutoff_remind-SSP1-PkBudg650_2040_06-2_full,remind,REMIND,SSP1-PkBudg650,REMIND — SSP1-PkBudg650,remind | SSP1-PkBudg650,<2.0 °C,2040,Other end uses,Production,Hydrogen production,Coal gasification with CCS,Coal gasification with CCS,Technology excluding leakage,5.232908871216867e-06,0.00048156518771724907,"('IPCC 2021', 'climate change', 'GWP 100a, incl. H')","climate change — GWP 100a, incl. H (premise_gwp)",kg CO2-Eq,Climate change — premise GWP incl. H₂
ecoinvent-3.12-cutoff_remind-SSP1-PkBudg650_2040_06-2_full,remind,REMIND,SSP1-PkBudg650,REMIND — SSP1-PkBudg650,remind | SSP1-PkBudg650,<2.0 °C,2040,Other end uses,Production,Hydrogen production,Ammonia leakage — Coal gasification with CCS,Ammonia leakage — Coal gasification with CCS,Ammonia leakage,0.0,0.0,"('IPCC 2021', 'climate change', 'GWP 100a, incl. H')","climate change — GWP 100a, incl. H (premise_gwp)",kg CO2-Eq,Climate change — premise GWP incl. H₂
ecoinvent-3.12-cutoff_remind-SSP1-PkBudg650_2040_06-2_full,remind,REMIND,SSP1-PkBudg650,REMIND — SSP1-PkBudg650,remind | SSP1-PkBudg650,<2.0 °C,2040,Other end uses,Production,Hydrogen production,Steam methane reforming with CCS,Steam methane reforming with CCS,Technology excluding leakage,0.004476073404194862,0.41191642777949566,"('IPCC 2021', 'climate change', 'GWP 100a, incl. H')","climate change — GWP 100a, incl. H (premise_gwp)",kg CO2-Eq,Climate change — premise GWP incl. H₂
ecoinvent-3.12-cutoff_remind-SSP1-PkBudg650_2040_06-2_full,remind,REMIND,SSP1-PkBudg650,REMIND — SSP1-PkBudg650,remind | SSP1-PkBudg650,<2.0 °C,2040,Generic,Distribution,Pipeline,Pipeline distribution,Pipeline distribution,Process excluding leakage,0.01756253675854568,1.7784705573116832,"('IPCC 2021', 'climate change', 'GWP 100a, incl. H')","climate change — GWP 100a, incl. H (premise_gwp)",kg CO2-Eq,Climate change — premise GWP incl. H₂
ecoinvent-3.12-cutoff_remind-SSP1-PkBudg650_2040_06-2_full,remind,REMIND,SSP1-PkBudg650,REMIND — SSP1-PkBudg650,remind | SSP1-PkBudg650,<2.0 °C,2040,Generic,Distribution,Pipeline,Compression (pipeline),Compression (pipeline),Process excluding leakage,7.5719445545192955e-06,0.0007667730827812502,"('IPCC 2021', 'climate change', 'GWP 100a, incl. H')","climate change — GWP 100a, incl. H (premise_gwp)",kg CO2-Eq,Climate change — premise GWP incl. H₂
ecoinvent-3.12-cutoff_remind-SSP1-PkBudg650_2040_06-2_full,remind,REMIND,SSP1-PkBudg650,REMIND — SSP1-PkBudg650,remind | SSP1-PkBudg650,<2.0 °C,2040,Generic,Distribution,Pipeline,Compression (pipeline),Compression (pipeline),Process excluding leakage,0.03145358847144937,3.1851481245186086,"('IPCC 2021', 'climate change', 'GWP 100a, incl. H')","climate change — GWP 100a, incl. H (premise_gwp)",kg CO2-Eq,Climate change — premise GWP incl. H₂
ecoinvent-3.12-cutoff_remind-SSP1-PkBudg650_2040_06-2_full,remind,REMIND,SSP1-PkBudg650,REMIND — SSP1-PkBudg650,remind | SSP1-PkBudg650,<2.0 °C,2040,Generic,Distribution,Pipeline,Hydrogen leakage — Pipeline distribution,Hydrogen leakage — Pipeline distribution,Hydrogen leakage,0.07605783175677061,7.701997512777489,"('IPCC 2021', 'climate change', 'GWP 100a, incl. H')","climate change — GWP 100a, incl. H (premise_gwp)",kg CO2-Eq,Climate change — premise GWP incl. H₂
ecoinvent-3.12-cutoff_remind-SSP1-PkBudg650_2040_06-2_full,remind,REMIND,SSP1-PkBudg650,REMIND — SSP1-PkBudg650,remind | SSP1-PkBudg650,<2.0 °C,2040,Transport,Distribution,Compressed gas truck,Gaseous H2 truck,Gaseous H2 truck,Process excluding leakage,0.007226636167334539,0.665040513437692,"('IPCC 2021', 'climate change', 'GWP 100a, incl. H')","climate change — GWP 100a, incl. H (premise_gwp)",kg CO2-Eq,Climate change — premise GWP incl. H₂
ecoinvent-3.12-cutoff_remind-SSP1-PkBudg650_2040_06-2_full,remind,REMIND,SSP1-PkBudg650,REMIND — SSP1-PkBudg650,remind | SSP1-PkBudg650,<2.0 °C,2040,Transport,Distribution,Compressed gas truck,Hydrogen leakage — Gaseous H2 truck,Hydrogen leakage — Gaseous H2 truck,Hydrogen leakage,0.0006874999846331776,0.06326807274946739,"('IPCC 2021', 'climate change', 'GWP 100a, incl. H')","climate change — GWP 100a, incl. H (premise_gwp)",kg CO2-Eq,Climate change — premise GWP incl. H₂
ecoinvent-3.12-cutoff_remind-SSP1-PkBudg650_2040_06-2_full,remind,REMIND,SSP1-PkBudg650,REMIND — SSP1-PkBudg650,remind | SSP1-PkBudg650,<2.0 °C,2040,Transport,Distribution,Liquid hydrogen,Liquid H2 truck,Liquid H2 truck,Process excluding leakage,0.014922306637509725,1.3732445135043345,"('IPCC 2021', 'climate change', 'GWP 100a, incl. H')","climate change — GWP 100a, incl. H (premise_gwp)",kg CO2-Eq,Climate change — premise GWP incl. H₂
ecoinvent-3.12-cutoff_remind-SSP1-PkBudg650_2040_06-2_full,remind,REMIND,SSP1-PkBudg650,REMIND — SSP1-PkBudg650,remind | SSP1-PkBudg650,<2.0 °C,2040,Transport,Distribution,Liquid hydrogen,Hydrogen leakage — Liquid H2 truck,Hydrogen leakage — Liquid H2 truck,Hydrogen leakage,0.004468749836087227,0.41124246697923944,"('IPCC 2021', 'climate change', 'GWP 100a, incl. H')","climate change — GWP 100a, incl. H (premise_gwp)",kg CO2-Eq,Climate change — premise GWP incl. H₂
ecoinvent-3.12-cutoff_remind-SSP1-PkBudg650_2040_06-2_full,remind,REMIND,SSP1-PkBudg650,REMIND — SSP1-PkBudg650,remind | SSP1-PkBudg650,<2.0 °C,2040,Transport,Distribution,Pipeline,Pipeline distribution,Pipeline distribution,Process excluding leakage,0.00878126837927284,0.8081075477388754,"('IPCC 2021', 'climate change', 'GWP 100a, incl. H')","climate change — GWP 100a, incl. H (premise_gwp)",kg CO2-Eq,Climate change — premise GWP incl. H₂
ecoinvent-3.12-cutoff_remind-SSP1-PkBudg650_2040_06-2_full,remind,REMIND,SSP1-PkBudg650,REMIND — SSP1-PkBudg650,remind | SSP1-PkBudg650,<2.0 °C,2040,Transport,Distribution,Pipeline,Compression (pipeline),Compression (pipeline),Process excluding leakage,3.7859722772596477e-06,0.0003484089815550095,"('IPCC 2021', 'climate change', 'GWP 100a, incl. H')","climate change — GWP 100a, incl. H (premise_gwp)",kg CO2-Eq,Climate change — premise GWP incl. H₂
ecoinvent-3.12-cutoff_remind-SSP1-PkBudg650_2040_06-2_full,remind,REMIND,SSP1-PkBudg650,REMIND — SSP1-PkBudg650,remind | SSP1-PkBudg650,<2.0 °C,2040,Transport,Distribution,Pipeline,Compression (pipeline),Compression (pipeline),Process excluding leakage,0.015726794235724685,1.4472785222717175,"('IPCC 2021', 'climate change', 'GWP 100a, incl. H')","climate change — GWP 100a, incl. H (premise_gwp)",kg CO2-Eq,Climate change — premise GWP incl. H₂
ecoinvent-3.12-cutoff_remind-SSP1-PkBudg650_2040_06-2_full,remind,REMIND,SSP1-PkBudg650,REMIND — SSP1-PkBudg650,remind | SSP1-PkBudg650,<2.0 °C,2040,Transport,Distribution,Pipeline,Hydrogen leakage — Pipeline distribution,Hydrogen leakage — Pipeline distribution,Hydrogen leakage,0.038028915878385305,3.499660029317398,"('IPCC 2021', 'climate change', 'GWP 100a, incl. H')","climate change — GWP 100a, incl. H (premise_gwp)",kg CO2-Eq,Climate change — premise GWP incl. H₂
ecoinvent-3.12-cutoff_remind-SSP1-PkBudg650_2040_06-2_full,remind,REMIND,SSP1-PkBudg650,REMIND — SSP1-PkBudg650,remind | SSP1-PkBudg650,<2.0 °C,2040,Transport,Distribution,Compressed gas truck,Compression (lorry),Compression (lorry),Process excluding leakage,0.006352766169293006,0.5846214998443053,"('IPCC 2021', 'climate change', 'GWP 100a, incl. H')","climate change — GWP 100a, incl. H (premise_gwp)",kg CO2-Eq,Climate change — premise GWP incl. H₂
ecoinvent-3.12-cutoff_remind-SSP1-PkBudg650_2040_06-2_full,remind,REMIND,SSP1-PkBudg650,REMIND — SSP1-PkBudg650,remind | SSP1-PkBudg650,<2.0 °C,2040,Transport,Distribution,Compressed gas truck,Hydrogen leakage — Compression (lorry),Hydrogen leakage — Compression (lorry),Hydrogen leakage,0.008250000071711838,0.7592168965628029,"('IPCC 2021', 'climate change', 'GWP 100a, incl. H')","climate change — GWP 100a, incl. H (premise_gwp)",kg CO2-Eq,Climate change — premise GWP incl. H₂
ecoinvent-3.12-cutoff_remind-SSP1-PkBudg650_2040_06-2_full,remind,REMIND,SSP1-PkBudg650,REMIND — SSP1-PkBudg650,remind | SSP1-PkBudg650,<2.0 °C,2040,Transport,Distribution,Liquid hydrogen,Liquefaction,Liquefaction,Process excluding leakage,0.055425926792680005,5.100642395500507,"('IPCC 2021', 'climate change', 'GWP 100a, incl. H')","climate change — GWP 100a, incl. H (premise_gwp)",kg CO2-Eq,Climate change — premise GWP incl. H₂
ecoinvent-3.12-cutoff_remind-SSP1-PkBudg650_2040_06-2_full,remind,REMIND,SSP1-PkBudg650,REMIND — SSP1-PkBudg650,remind | SSP1-PkBudg650,<2.0 °C,2040,Transport,Distribution,Liquid hydrogen,Hydrogen leakage — Liquefaction,Hydrogen leakage — Liquefaction,Hydrogen leakage,0.04455000115558505,4.099771312146718,"('IPCC 2021', 'climate change', 'GWP 100a, incl. H')","climate change — GWP 100a, incl. H (premise_gwp)",kg CO2-Eq,Climate change — premise GWP incl. H₂
ecoinvent-3.12-cutoff_remind-SSP1-PkBudg650_2040_06-2_full,remind,REMIND,SSP1-PkBudg650,REMIND — SSP1-PkBudg650,remind | SSP1-PkBudg650,<2.0 °C,2040,Transport,Distribution,Liquid hydrogen,Hydrogen regasification,Hydrogen regasification,Process excluding leakage,0.006045009796071511,0.5562998226874996,"('IPCC 2021', 'climate change', 'GWP 100a, incl. H')","climate change — GWP 100a, incl. H (premise_gwp)",kg CO2-Eq,Climate change — premise GWP incl. H₂
ecoinvent-3.12-cutoff_remind-SSP1-PkBudg650_2040_06-2_full,remind,REMIND,SSP1-PkBudg650,REMIND — SSP1-PkBudg650,remind | SSP1-PkBudg650,<2.0 °C,2040,Transport,Distribution,Liquid hydrogen,Hydrogen leakage — Hydrogen regasification,Hydrogen leakage — Hydrogen regasification,Hydrogen leakage,0.01374999969266355,1.2653614549893475,"('IPCC 2021', 'climate change', 'GWP 100a, incl. H')","climate change — GWP 100a, incl. H (premise_gwp)",kg CO2-Eq,Climate change — premise GWP incl. H₂
ecoinvent-3.12-cutoff_remind-SSP1-PkBudg650_2040_06-2_full,remind,REMIND,SSP1-PkBudg650,REMIND — SSP1-PkBudg650,remind | SSP1-PkBudg650,<2.0 °C,2040,Chemicals,Distribution,Pipeline,Pipeline distribution,Pipeline distribution,Process excluding leakage,0.01405002940683656,1.459756103333684,"('IPCC 2021', 'climate change', 'GWP 100a, incl. H')","climate change — GWP 100a, incl. H (premise_gwp)",kg CO2-Eq,Climate change — premise GWP incl. H₂
ecoinvent-3.12-cutoff_remind-SSP1-PkBudg650_2040_06-2_full,remind,REMIND,SSP1-PkBudg650,REMIND — SSP1-PkBudg650,remind | SSP1-PkBudg650,<2.0 °C,2040,Chemicals,Distribution,Pipeline,Compression (pipeline),Compression (pipeline),Process excluding leakage,6.057555643615438e-06,0.00062936194409304,"('IPCC 2021', 'climate change', 'GWP 100a, incl. H')","climate change — GWP 100a, incl. H (premise_gwp)",kg CO2-Eq,Climate change — premise GWP incl. H₂
ecoinvent-3.12-cutoff_remind-SSP1-PkBudg650_2040_06-2_full,remind,REMIND,SSP1-PkBudg650,REMIND — SSP1-PkBudg650,remind | SSP1-PkBudg650,<2.0 °C,2040,Chemicals,Distribution,Pipeline,Compression (pipeline),Compression (pipeline),Process excluding leakage,0.0251628707771595,2.6143471398346145,"('IPCC 2021', 'climate change', 'GWP 100a, incl. H')","climate change — GWP 100a, incl. H (premise_gwp)",kg CO2-Eq,Climate change — premise GWP incl. H₂
ecoinvent-3.12-cutoff_remind-SSP1-PkBudg650_2040_06-2_full,remind,REMIND,SSP1-PkBudg650,REMIND — SSP1-PkBudg650,remind | SSP1-PkBudg650,<2.0 °C,2040,Chemicals,Distribution,Pipeline,Hydrogen leakage — Pipeline distribution,Hydrogen leakage — Pipeline distribution,Hydrogen leakage,0.060846265405416496,6.321745294525786,"('IPCC 2021', 'climate change', 'GWP 100a, incl. H')","climate change — GWP 100a, incl. H (premise_gwp)",kg CO2-Eq,Climate change — premise GWP incl. H₂
ecoinvent-3.12-cutoff_remind-SSP1-PkBudg650_2040_06-2_full,remind,REMIND,SSP1-PkBudg650,REMIND — SSP1-PkBudg650,remind | SSP1-PkBudg650,<2.0 °C,2040,Steel,Distribution,Liquid hydrogen,Liquid H2 truck,Liquid H2 truck,Process excluding leakage,0.011937845310007779,1.1117163368301857,"('IPCC 2021', 'climate change', 'GWP 100a, incl. H')","climate change — GWP 100a, incl. H (premise_gwp)",kg CO2-Eq,Climate change — premise GWP incl. H₂
ecoinvent-3.12-cutoff_remind-SSP1-PkBudg650_2040_06-2_full,remind,REMIND,SSP1-PkBudg650,REMIND — SSP1-PkBudg650,remind | SSP1-PkBudg650,<2.0 °C,2040,Steel,Distribution,Liquid hydrogen,Hydrogen leakage — Liquid H2 truck,Hydrogen leakage — Liquid H2 truck,Hydrogen leakage,0.003574999868869782,0.33292320809823917,"('IPCC 2021', 'climate change', 'GWP 100a, incl. H')","climate change — GWP 100a, incl. H (premise_gwp)",kg CO2-Eq,Climate change — premise GWP incl. H₂
ecoinvent-3.12-cutoff_remind-SSP1-PkBudg650_2040_06-2_full,remind,REMIND,SSP1-PkBudg650,REMIND — SSP1-PkBudg650,remind | SSP1-PkBudg650,<2.0 °C,2040,Steel,Distribution,Pipeline,Pipeline distribution,Pipeline distribution,Process excluding leakage,0.014050029406836556,1.308414275684273,"('IPCC 2021', 'climate change', 'GWP 100a, incl. H')","climate change — GWP 100a, incl. H (premise_gwp)",kg CO2-Eq,Climate change — premise GWP incl. H₂
ecoinvent-3.12-cutoff_remind-SSP1-PkBudg650_2040_06-2_full,remind,REMIND,SSP1-PkBudg650,REMIND — SSP1-PkBudg650,remind | SSP1-PkBudg650,<2.0 °C,2040,Steel,Distribution,Pipeline,Compression (pipeline),Compression (pipeline),Process excluding leakage,6.057555643615437e-06,0.0005641121488330613,"('IPCC 2021', 'climate change', 'GWP 100a, incl. H')","climate change — GWP 100a, incl. H (premise_gwp)",kg CO2-Eq,Climate change — premise GWP incl. H₂
ecoinvent-3.12-cutoff_remind-SSP1-PkBudg650_2040_06-2_full,remind,REMIND,SSP1-PkBudg650,REMIND — SSP1-PkBudg650,remind | SSP1-PkBudg650,<2.0 °C,2040,Steel,Distribution,Pipeline,Compression (pipeline),Compression (pipeline),Process excluding leakage,0.025162870777159497,2.3433018101737204,"('IPCC 2021', 'climate change', 'GWP 100a, incl. H')","climate change — GWP 100a, incl. H (premise_gwp)",kg CO2-Eq,Climate change — premise GWP incl. H₂
ecoinvent-3.12-cutoff_remind-SSP1-PkBudg650_2040_06-2_full,remind,REMIND,SSP1-PkBudg650,REMIND — SSP1-PkBudg650,remind | SSP1-PkBudg650,<2.0 °C,2040,Steel,Distribution,Pipeline,Hydrogen leakage — Pipeline distribution,Hydrogen leakage — Pipeline distribution,Hydrogen leakage,0.06084626540541649,5.666331362963757,"('IPCC 2021', 'climate change', 'GWP 100a, incl. H')","climate change — GWP 100a, incl. H (premise_gwp)",kg CO2-Eq,Climate change — premise GWP incl. H₂
ecoinvent-3.12-cutoff_remind-SSP1-PkBudg650_2040_06-2_full,remind,REMIND,SSP1-PkBudg650,REMIND — SSP1-PkBudg650,remind | SSP1-PkBudg650,<2.0 °C,2040,Steel,Distribution,Liquid hydrogen,Liquefaction,Liquefaction,Process excluding leakage,0.04434074143414401,4.129248231938171,"('IPCC 2021', 'climate change', 'GWP 100a, incl. H')","climate change — GWP 100a, incl. H (premise_gwp)",kg CO2-Eq,Climate change — premise GWP incl. H₂
ecoinvent-3.12-cutoff_remind-SSP1-PkBudg650_2040_06-2_full,remind,REMIND,SSP1-PkBudg650,REMIND — SSP1-PkBudg650,remind | SSP1-PkBudg650,<2.0 °C,2040,Steel,Distribution,Liquid hydrogen,Hydrogen leakage — Liquefaction,Hydrogen leakage — Liquefaction,Hydrogen leakage,0.03564000092446804,3.3189884977951873,"('IPCC 2021', 'climate change', 'GWP 100a, incl. H')","climate change — GWP 100a, incl. H (premise_gwp)",kg CO2-Eq,Climate change — premise GWP incl. H₂
ecoinvent-3.12-cutoff_remind-SSP1-PkBudg650_2040_06-2_full,remind,REMIND,SSP1-PkBudg650,REMIND — SSP1-PkBudg650,remind | SSP1-PkBudg650,<2.0 °C,2040,Steel,Distribution,Liquid hydrogen,Hydrogen regasification,Hydrogen regasification,Process excluding leakage,0.004836007836857208,0.45035504964751993,"('IPCC 2021', 'climate change', 'GWP 100a, incl. H')","climate change — GWP 100a, incl. H (premise_gwp)",kg CO2-Eq,Climate change — premise GWP incl. H₂
ecoinvent-3.12-cutoff_remind-SSP1-PkBudg650_2040_06-2_full,remind,REMIND,SSP1-PkBudg650,REMIND — SSP1-PkBudg650,remind | SSP1-PkBudg650,<2.0 °C,2040,Steel,Distribution,Liquid hydrogen,Hydrogen leakage — Hydrogen regasification,Hydrogen leakage — Hydrogen regasification,Hydrogen leakage,0.010999999754130841,1.0243791165180807,"('IPCC 2021', 'climate change', 'GWP 100a, incl. H')","climate change — GWP 100a, incl. H (premise_gwp)",kg CO2-Eq,Climate change — premise GWP incl. H₂
ecoinvent-3.12-cutoff_remind-SSP1-PkBudg650_2040_06-2_full,remind,REMIND,SSP1-PkBudg650,REMIND — SSP1-PkBudg650,remind | SSP1-PkBudg650,<2.0 °C,2040,Cement,Distribution,Liquid hydrogen,Liquid H2 truck,Liquid H2 truck,Process excluding leakage,0.011937845310007779,1.1117163368301854,"('IPCC 2021', 'climate change', 'GWP 100a, incl. H')","climate change — GWP 100a, incl. H (premise_gwp)",kg CO2-Eq,Climate change — premise GWP incl. H₂
ecoinvent-3.12-cutoff_remind-SSP1-PkBudg650_2040_06-2_full,remind,REMIND,SSP1-PkBudg650,REMIND — SSP1-PkBudg650,remind | SSP1-PkBudg650,<2.0 °C,2040,Cement,Distribution,Liquid hydrogen,Hydrogen leakage — Liquid H2 truck,Hydrogen leakage — Liquid H2 truck,Hydrogen leakage,0.003574999868869782,0.3329232080982391,"('IPCC 2021', 'climate change', 'GWP 100a, incl. H')","climate change — GWP 100a, incl. H (premise_gwp)",kg CO2-Eq,Climate change — premise GWP incl. H₂
ecoinvent-3.12-cutoff_remind-SSP1-PkBudg650_2040_06-2_full,remind,REMIND,SSP1-PkBudg650,REMIND — SSP1-PkBudg650,remind | SSP1-PkBudg650,<2.0 °C,2040,Cement,Distribution,Pipeline,Pipeline distribution,Pipeline distribution,Process excluding leakage,0.014050029406836556,1.3084142756842725,"('IPCC 2021', 'climate change', 'GWP 100a, incl. H')","climate change — GWP 100a, incl. H (premise_gwp)",kg CO2-Eq,Climate change — premise GWP incl. H₂
ecoinvent-3.12-cutoff_remind-SSP1-PkBudg650_2040_06-2_full,remind,REMIND,SSP1-PkBudg650,REMIND — SSP1-PkBudg650,remind | SSP1-PkBudg650,<2.0 °C,2040,Cement,Distribution,Pipeline,Compression (pipeline),Compression (pipeline),Process excluding leakage,6.057555643615437e-06,0.0005641121488330612,"('IPCC 2021', 'climate change', 'GWP 100a, incl. H')","climate change — GWP 100a, incl. H (premise_gwp)",kg CO2-Eq,Climate change — premise GWP incl. H₂
ecoinvent-3.12-cutoff_remind-SSP1-PkBudg650_2040_06-2_full,remind,REMIND,SSP1-PkBudg650,REMIND — SSP1-PkBudg650,remind | SSP1-PkBudg650,<2.0 °C,2040,Cement,Distribution,Pipeline,Compression (pipeline),Compression (pipeline),Process excluding leakage,0.025162870777159497,2.34330181017372,"('IPCC 2021', 'climate change', 'GWP 100a, incl. H')","climate change — GWP 100a, incl. H (premise_gwp)",kg CO2-Eq,Climate change — premise GWP incl. H₂
ecoinvent-3.12-cutoff_remind-SSP1-PkBudg650_2040_06-2_full,remind,REMIND,SSP1-PkBudg650,REMIND — SSP1-PkBudg650,remind | SSP1-PkBudg650,<2.0 °C,2040,Cement,Distribution,Pipeline,Hydrogen leakage — Pipeline distribution,Hydrogen leakage — Pipeline distribution,Hydrogen leakage,0.06084626540541649,5.6663313629637555,"('IPCC 2021', 'climate change', 'GWP 100a, incl. H')","climate change — GWP 100a, incl. H (premise_gwp)",kg CO2-Eq,Climate change — premise GWP incl. H₂
ecoinvent-3.12-cutoff_remind-SSP1-PkBudg650_2040_06-2_full,remind,REMIND,SSP1-PkBudg650,REMIND — SSP1-PkBudg650,remind | SSP1-PkBudg650,<2.0 °C,2040,Cement,Distribution,Liquid hydrogen,Liquefaction,Liquefaction,Process excluding leakage,0.04434074143414401,4.1292482319381705,"('IPCC 2021', 'climate change', 'GWP 100a, incl. H')","climate change — GWP 100a, incl. H (premise_gwp)",kg CO2-Eq,Climate change — premise GWP incl. H₂
ecoinvent-3.12-cutoff_remind-SSP1-PkBudg650_2040_06-2_full,remind,REMIND,SSP1-PkBudg650,REMIND — SSP1-PkBudg650,remind | SSP1-PkBudg650,<2.0 °C,2040,Cement,Distribution,Liquid hydrogen,Hydrogen leakage — Liquefaction,Hydrogen leakage — Liquefaction,Hydrogen leakage,0.03564000092446804,3.318988497795187,"('IPCC 2021', 'climate change', 'GWP 100a, incl. H')","climate change — GWP 100a, incl. H (premise_gwp)",kg CO2-Eq,Climate change — premise GWP incl. H₂
ecoinvent-3.12-cutoff_remind-SSP1-PkBudg650_2040_06-2_full,remind,REMIND,SSP1-PkBudg650,REMIND — SSP1-PkBudg650,remind | SSP1-PkBudg650,<2.0 °C,2040,Cement,Distribution,Liquid hydrogen,Hydrogen regasification,Hydrogen regasification,Process excluding leakage,0.004836007836857208,0.4503550496475198,"('IPCC 2021', 'climate change', 'GWP 100a, incl. H')","climate change — GWP 100a, incl. H (premise_gwp)",kg CO2-Eq,Climate change — premise GWP incl. H₂
ecoinvent-3.12-cutoff_remind-SSP1-PkBudg650_2040_06-2_full,remind,REMIND,SSP1-PkBudg650,REMIND — SSP1-PkBudg650,remind | SSP1-PkBudg650,<2.0 °C,2040,Cement,Distribution,Liquid hydrogen,Hydrogen leakage — Hydrogen regasification,Hydrogen leakage — Hydrogen regasification,Hydrogen leakage,0.010999999754130841,1.0243791165180804,"('IPCC 2021', 'climate change', 'GWP 100a, incl. H')","climate change — GWP 100a, incl. H (premise_gwp)",kg CO2-Eq,Climate change — premise GWP incl. H₂
ecoinvent-3.12-cutoff_remind-SSP1-PkBudg650_2040_06-2_full,remind,REMIND,SSP1-PkBudg650,REMIND — SSP1-PkBudg650,remind | SSP1-PkBudg650,<2.0 °C,2040,Other end uses,Distribution,Compressed gas truck,Gaseous H2 truck,Gaseous H2 truck,Process excluding leakage,0.007226636167334539,0.665040513437692,"('IPCC 2021', 'climate change', 'GWP 100a, incl. H')","climate change — GWP 100a, incl. H (premise_gwp)",kg CO2-Eq,Climate change — premise GWP incl. H₂
ecoinvent-3.12-cutoff_remind-SSP1-PkBudg650_2040_06-2_full,remind,REMIND,SSP1-PkBudg650,REMIND — SSP1-PkBudg650,remind | SSP1-PkBudg650,<2.0 °C,2040,Other end uses,Distribution,Compressed gas truck,Hydrogen leakage — Gaseous H2 truck,Hydrogen leakage — Gaseous H2 truck,Hydrogen leakage,0.0006874999846331776,0.06326807274946739,"('IPCC 2021', 'climate change', 'GWP 100a, incl. H')","climate change — GWP 100a, incl. H (premise_gwp)",kg CO2-Eq,Climate change — premise GWP incl. H₂
ecoinvent-3.12-cutoff_remind-SSP1-PkBudg650_2040_06-2_full,remind,REMIND,SSP1-PkBudg650,REMIND — SSP1-PkBudg650,remind | SSP1-PkBudg650,<2.0 °C,2040,Other end uses,Distribution,Liquid hydrogen,Liquid H2 truck,Liquid H2 truck,Process excluding leakage,0.014922306637509725,1.3732445135043345,"('IPCC 2021', 'climate change', 'GWP 100a, incl. H')","climate change — GWP 100a, incl. H (premise_gwp)",kg CO2-Eq,Climate change — premise GWP incl. H₂
ecoinvent-3.12-cutoff_remind-SSP1-PkBudg650_2040_06-2_full,remind,REMIND,SSP1-PkBudg650,REMIND — SSP1-PkBudg650,remind | SSP1-PkBudg650,<2.0 °C,2040,Other end uses,Distribution,Liquid hydrogen,Hydrogen leakage — Liquid H2 truck,Hydrogen leakage — Liquid H2 truck,Hydrogen leakage,0.004468749836087227,0.41124246697923944,"('IPCC 2021', 'climate change', 'GWP 100a, incl. H')","climate change — GWP 100a, incl. H (premise_gwp)",kg CO2-Eq,Climate change — premise GWP incl. H₂
ecoinvent-3.12-cutoff_remind-SSP1-PkBudg650_2040_06-2_full,remind,REMIND,SSP1-PkBudg650,REMIND — SSP1-PkBudg650,remind | SSP1-PkBudg650,<2.0 °C,2040,Other end uses,Distribution,Pipeline,Pipeline distribution,Pipeline distribution,Process excluding leakage,0.00878126837927284,0.8081075477388754,"('IPCC 2021', 'climate change', 'GWP 100a, incl. H')","climate change — GWP 100a, incl. H (premise_gwp)",kg CO2-Eq,Climate change — premise GWP incl. H₂
ecoinvent-3.12-cutoff_remind-SSP1-PkBudg650_2040_06-2_full,remind,REMIND,SSP1-PkBudg650,REMIND — SSP1-PkBudg650,remind | SSP1-PkBudg650,<2.0 °C,2040,Other end uses,Distribution,Pipeline,Compression (pipeline),Compression (pipeline),Process excluding leakage,3.7859722772596477e-06,0.0003484089815550095,"('IPCC 2021', 'climate change', 'GWP 100a, incl. H')","climate change — GWP 100a, incl. H (premise_gwp)",kg CO2-Eq,Climate change — premise GWP incl. H₂
ecoinvent-3.12-cutoff_remind-SSP1-PkBudg650_2040_06-2_full,remind,REMIND,SSP1-PkBudg650,REMIND — SSP1-PkBudg650,remind | SSP1-PkBudg650,<2.0 °C,2040,Other end uses,Distribution,Pipeline,Compression (pipeline),Compression (pipeline),Process excluding leakage,0.015726794235724685,1.4472785222717175,"('IPCC 2021', 'climate change', 'GWP 100a, incl. H')","climate change — GWP 100a, incl. H (premise_gwp)",kg CO2-Eq,Climate change — premise GWP incl. H₂
ecoinvent-3.12-cutoff_remind-SSP1-PkBudg650_2040_06-2_full,remind,REMIND,SSP1-PkBudg650,REMIND — SSP1-PkBudg650,remind | SSP1-PkBudg650,<2.0 °C,2040,Other end uses,Distribution,Pipeline,Hydrogen leakage — Pipeline distribution,Hydrogen leakage — Pipeline distribution,Hydrogen leakage,0.038028915878385305,3.499660029317398,"('IPCC 2021', 'climate change', 'GWP 100a, incl. H')","climate change — GWP 100a, incl. H (premise_gwp)",kg CO2-Eq,Climate change — premise GWP incl. H₂
ecoinvent-3.12-cutoff_remind-SSP1-PkBudg650_2040_06-2_full,remind,REMIND,SSP1-PkBudg650,REMIND — SSP1-PkBudg650,remind | SSP1-PkBudg650,<2.0 °C,2040,Other end uses,Distribution,Compressed gas truck,Compression (lorry),Compression (lorry),Process excluding leakage,0.006352766169293006,0.5846214998443053,"('IPCC 2021', 'climate change', 'GWP 100a, incl. H')","climate change — GWP 100a, incl. H (premise_gwp)",kg CO2-Eq,Climate change — premise GWP incl. H₂
ecoinvent-3.12-cutoff_remind-SSP1-PkBudg650_2040_06-2_full,remind,REMIND,SSP1-PkBudg650,REMIND — SSP1-PkBudg650,remind | SSP1-PkBudg650,<2.0 °C,2040,Other end uses,Distribution,Compressed gas truck,Hydrogen leakage — Compression (lorry),Hydrogen leakage — Compression (lorry),Hydrogen leakage,0.008250000071711838,0.7592168965628029,"('IPCC 2021', 'climate change', 'GWP 100a, incl. H')","climate change — GWP 100a, incl. H (premise_gwp)",kg CO2-Eq,Climate change — premise GWP incl. H₂
ecoinvent-3.12-cutoff_remind-SSP1-PkBudg650_2040_06-2_full,remind,REMIND,SSP1-PkBudg650,REMIND — SSP1-PkBudg650,remind | SSP1-PkBudg650,<2.0 °C,2040,Other end uses,Distribution,Liquid hydrogen,Liquefaction,Liquefaction,Process excluding leakage,0.055425926792680005,5.100642395500507,"('IPCC 2021', 'climate change', 'GWP 100a, incl. H')","climate change — GWP 100a, incl. H (premise_gwp)",kg CO2-Eq,Climate change — premise GWP incl. H₂
ecoinvent-3.12-cutoff_remind-SSP1-PkBudg650_2040_06-2_full,remind,REMIND,SSP1-PkBudg650,REMIND — SSP1-PkBudg650,remind | SSP1-PkBudg650,<2.0 °C,2040,Other end uses,Distribution,Liquid hydrogen,Hydrogen leakage — Liquefaction,Hydrogen leakage — Liquefaction,Hydrogen leakage,0.04455000115558505,4.099771312146718,"('IPCC 2021', 'climate change', 'GWP 100a, incl. H')","climate change — GWP 100a, incl. H (premise_gwp)",kg CO2-Eq,Climate change — premise GWP incl. H₂
ecoinvent-3.12-cutoff_remind-SSP1-PkBudg650_2040_06-2_full,remind,REMIND,SSP1-PkBudg650,REMIND — SSP1-PkBudg650,remind | SSP1-PkBudg650,<2.0 °C,2040,Other end uses,Distribution,Liquid hydrogen,Hydrogen regasification,Hydrogen regasification,Process excluding leakage,0.006045009796071511,0.5562998226874996,"('IPCC 2021', 'climate change', 'GWP 100a, incl. H')","climate change — GWP 100a, incl. H (premise_gwp)",kg CO2-Eq,Climate change — premise GWP incl. H₂
ecoinvent-3.12-cutoff_remind-SSP1-PkBudg650_2040_06-2_full,remind,REMIND,SSP1-PkBudg650,REMIND — SSP1-PkBudg650,remind | SSP1-PkBudg650,<2.0 °C,2040,Other end uses,Distribution,Liquid hydrogen,Hydrogen leakage — Hydrogen regasification,Hydrogen leakage — Hydrogen regasification,Hydrogen leakage,0.01374999969266355,1.2653614549893475,"('IPCC 2021', 'climate change', 'GWP 100a, incl. H')","climate change — GWP 100a, incl. H (premise_gwp)",kg CO2-Eq,Climate change — premise GWP incl. H₂
ecoinvent-3.12-cutoff_remind-SSP1-PkBudg650_2050_06-2_full,remind,REMIND,SSP1-PkBudg650,REMIND — SSP1-PkBudg650,remind | SSP1-PkBudg650,<2.0 °C,2050,Generic,Production,Hydrogen production,PEM electrolysis,PEM electrolysis,Technology excluding leakage,0.6137436655648569,83.68828729640502,"('IPCC 2021', 'climate change', 'GWP 100a, incl. H')","climate change — GWP 100a, incl. H (premise_gwp)",kg CO2-Eq,Climate change — premise GWP incl. H₂
ecoinvent-3.12-cutoff_remind-SSP1-PkBudg650_2050_06-2_full,remind,REMIND,SSP1-PkBudg650,REMIND — SSP1-PkBudg650,remind | SSP1-PkBudg650,<2.0 °C,2050,Generic,Production,Hydrogen production,Biomass gasification,Biomass gasification,Technology excluding leakage,2.104238716044418e-07,2.8692782359956495e-05,"('IPCC 2021', 'climate change', 'GWP 100a, incl. H')","climate change — GWP 100a, incl. H (premise_gwp)",kg CO2-Eq,Climate change — premise GWP incl. H₂
ecoinvent-3.12-cutoff_remind-SSP1-PkBudg650_2050_06-2_full,remind,REMIND,SSP1-PkBudg650,REMIND — SSP1-PkBudg650,remind | SSP1-PkBudg650,<2.0 °C,2050,Generic,Production,Hydrogen production,Biomass gasification with CCS,Biomass gasification with CCS,Technology excluding leakage,0.006097707304198923,0.8314654950508169,"('IPCC 2021', 'climate change', 'GWP 100a, incl. H')","climate change — GWP 100a, incl. H (premise_gwp)",kg CO2-Eq,Climate change — premise GWP incl. H₂
ecoinvent-3.12-cutoff_remind-SSP1-PkBudg650_2050_06-2_full,remind,REMIND,SSP1-PkBudg650,REMIND — SSP1-PkBudg650,remind | SSP1-PkBudg650,<2.0 °C,2050,Generic,Production,Hydrogen production,Coal gasification with CCS,Coal gasification with CCS,Technology excluding leakage,2.3473119533780876e-06,0.00032007257777201797,"('IPCC 2021', 'climate change', 'GWP 100a, incl. H')","climate change — GWP 100a, incl. H (premise_gwp)",kg CO2-Eq,Climate change — premise GWP incl. H₂
ecoinvent-3.12-cutoff_remind-SSP1-PkBudg650_2050_06-2_full,remind,REMIND,SSP1-PkBudg650,REMIND — SSP1-PkBudg650,remind | SSP1-PkBudg650,<2.0 °C,2050,Generic,Production,Hydrogen production,Ammonia leakage — Coal gasification with CCS,Ammonia leakage — Coal gasification with CCS,Ammonia leakage,0.0,0.0,"('IPCC 2021', 'climate change', 'GWP 100a, incl. H')","climate change — GWP 100a, incl. H (premise_gwp)",kg CO2-Eq,Climate change — premise GWP incl. H₂
ecoinvent-3.12-cutoff_remind-SSP1-PkBudg650_2050_06-2_full,remind,REMIND,SSP1-PkBudg650,REMIND — SSP1-PkBudg650,remind | SSP1-PkBudg650,<2.0 °C,2050,Generic,Production,Hydrogen production,Steam methane reforming with CCS,Steam methane reforming with CCS,Technology excluding leakage,0.0008774079911792632,0.11964078191241591,"('IPCC 2021', 'climate change', 'GWP 100a, incl. H')","climate change — GWP 100a, incl. H (premise_gwp)",kg CO2-Eq,Climate change — premise GWP incl. H₂
ecoinvent-3.12-cutoff_remind-SSP1-PkBudg650_2050_06-2_full,remind,REMIND,SSP1-PkBudg650,REMIND — SSP1-PkBudg650,remind | SSP1-PkBudg650,<2.0 °C,2050,Transport,Production,Hydrogen production,PEM electrolysis,PEM electrolysis,Technology excluding leakage,0.6137436655648569,75.1197889214513,"('IPCC 2021', 'climate change', 'GWP 100a, incl. H')","climate change — GWP 100a, incl. H (premise_gwp)",kg CO2-Eq,Climate change — premise GWP incl. H₂
ecoinvent-3.12-cutoff_remind-SSP1-PkBudg650_2050_06-2_full,remind,REMIND,SSP1-PkBudg650,REMIND — SSP1-PkBudg650,remind | SSP1-PkBudg650,<2.0 °C,2050,Transport,Production,Hydrogen production,Biomass gasification,Biomass gasification,Technology excluding leakage,2.104238716044418e-07,2.5755046782295214e-05,"('IPCC 2021', 'climate change', 'GWP 100a, incl. H')","climate change — GWP 100a, incl. H (premise_gwp)",kg CO2-Eq,Climate change — premise GWP incl. H₂
ecoinvent-3.12-cutoff_remind-SSP1-PkBudg650_2050_06-2_full,remind,REMIND,SSP1-PkBudg650,REMIND — SSP1-PkBudg650,remind | SSP1-PkBudg650,<2.0 °C,2050,Transport,Production,Hydrogen production,Biomass gasification with CCS,Biomass gasification with CCS,Technology excluding leakage,0.006097707304198923,0.746335174269607,"('IPCC 2021', 'climate change', 'GWP 100a, incl. H')","climate change — GWP 100a, incl. H (premise_gwp)",kg CO2-Eq,Climate change — premise GWP incl. H₂
ecoinvent-3.12-cutoff_remind-SSP1-PkBudg650_2050_06-2_full,remind,REMIND,SSP1-PkBudg650,REMIND — SSP1-PkBudg650,remind | SSP1-PkBudg650,<2.0 °C,2050,Transport,Production,Hydrogen production,Coal gasification with CCS,Coal gasification with CCS,Technology excluding leakage,2.3473119533780876e-06,0.00028730166739607347,"('IPCC 2021', 'climate change', 'GWP 100a, incl. H')","climate change — GWP 100a, incl. H (premise_gwp)",kg CO2-Eq,Climate change — premise GWP incl. H₂
ecoinvent-3.12-cutoff_remind-SSP1-PkBudg650_2050_06-2_full,remind,REMIND,SSP1-PkBudg650,REMIND — SSP1-PkBudg650,remind | SSP1-PkBudg650,<2.0 °C,2050,Transport,Production,Hydrogen production,Ammonia leakage — Coal gasification with CCS,Ammonia leakage — Coal gasification with CCS,Ammonia leakage,0.0,0.0,"('IPCC 2021', 'climate change', 'GWP 100a, incl. H')","climate change — GWP 100a, incl. H (premise_gwp)",kg CO2-Eq,Climate change — premise GWP incl. H₂
ecoinvent-3.12-cutoff_remind-SSP1-PkBudg650_2050_06-2_full,remind,REMIND,SSP1-PkBudg650,REMIND — SSP1-PkBudg650,remind | SSP1-PkBudg650,<2.0 °C,2050,Transport,Production,Hydrogen production,Steam methane reforming with CCS,Steam methane reforming with CCS,Technology excluding leakage,0.0008774079911792632,0.10739125598098052,"('IPCC 2021', 'climate change', 'GWP 100a, incl. H')","climate change — GWP 100a, incl. H (premise_gwp)",kg CO2-Eq,Climate change — premise GWP incl. H₂
ecoinvent-3.12-cutoff_remind-SSP1-PkBudg650_2050_06-2_full,remind,REMIND,SSP1-PkBudg650,REMIND — SSP1-PkBudg650,remind | SSP1-PkBudg650,<2.0 °C,2050,Chemicals,Production,Hydrogen production,PEM electrolysis,PEM electrolysis,Technology excluding leakage,0.6137436655648569,86.34071831246227,"('IPCC 2021', 'climate change', 'GWP 100a, incl. H')","climate change — GWP 100a, incl. H (premise_gwp)",kg CO2-Eq,Climate change — premise GWP incl. H₂
ecoinvent-3.12-cutoff_remind-SSP1-PkBudg650_2050_06-2_full,remind,REMIND,SSP1-PkBudg650,REMIND — SSP1-PkBudg650,remind | SSP1-PkBudg650,<2.0 °C,2050,Chemicals,Production,Hydrogen production,Biomass gasification,Biomass gasification,Technology excluding leakage,2.104238716044418e-07,2.96021763543512e-05,"('IPCC 2021', 'climate change', 'GWP 100a, incl. H')","climate change — GWP 100a, incl. H (premise_gwp)",kg CO2-Eq,Climate change — premise GWP incl. H₂
ecoinvent-3.12-cutoff_remind-SSP1-PkBudg650_2050_06-2_full,remind,REMIND,SSP1-PkBudg650,REMIND — SSP1-PkBudg650,remind | SSP1-PkBudg650,<2.0 °C,2050,Chemicals,Production,Hydrogen production,Biomass gasification with CCS,Biomass gasification with CCS,Technology excluding leakage,0.006097707304198923,0.8578181059011638,"('IPCC 2021', 'climate change', 'GWP 100a, incl. H')","climate change — GWP 100a, incl. H (premise_gwp)",kg CO2-Eq,Climate change — premise GWP incl. H₂
ecoinvent-3.12-cutoff_remind-SSP1-PkBudg650_2050_06-2_full,remind,REMIND,SSP1-PkBudg650,REMIND — SSP1-PkBudg650,remind | SSP1-PkBudg650,<2.0 °C,2050,Chemicals,Production,Hydrogen production,Coal gasification with CCS,Coal gasification with CCS,Technology excluding leakage,2.3473119533780876e-06,0.0003302170132730701,"('IPCC 2021', 'climate change', 'GWP 100a, incl. H')","climate change — GWP 100a, incl. H (premise_gwp)",kg CO2-Eq,Climate change — premise GWP incl. H₂
ecoinvent-3.12-cutoff_remind-SSP1-PkBudg650_2050_06-2_full,remind,REMIND,SSP1-PkBudg650,REMIND — SSP1-PkBudg650,remind | SSP1-PkBudg650,<2.0 °C,2050,Chemicals,Production,Hydrogen production,Ammonia leakage — Coal gasification with CCS,Ammonia leakage — Coal gasification with CCS,Ammonia leakage,0.0,0.0,"('IPCC 2021', 'climate change', 'GWP 100a, incl. H')","climate change — GWP 100a, incl. H (premise_gwp)",kg CO2-Eq,Climate change — premise GWP incl. H₂
ecoinvent-3.12-cutoff_remind-SSP1-PkBudg650_2050_06-2_full,remind,REMIND,SSP1-PkBudg650,REMIND — SSP1-PkBudg650,remind | SSP1-PkBudg650,<2.0 °C,2050,Chemicals,Production,Hydrogen production,Steam methane reforming with CCS,Steam methane reforming with CCS,Technology excluding leakage,0.0008774079911792632,0.12343269749560727,"('IPCC 2021', 'climate change', 'GWP 100a, incl. H')","climate change — GWP 100a, incl. H (premise_gwp)",kg CO2-Eq,Climate change — premise GWP incl. H₂
ecoinvent-3.12-cutoff_remind-SSP1-PkBudg650_2050_06-2_full,remind,REMIND,SSP1-PkBudg650,REMIND — SSP1-PkBudg650,remind | SSP1-PkBudg650,<2.0 °C,2050,Steel,Production,Hydrogen production,PEM electrolysis,PEM electrolysis,Technology excluding leakage,0.6137436655648569,75.992547279332,"('IPCC 2021', 'climate change', 'GWP 100a, incl. H')","climate change — GWP 100a, incl. H (premise_gwp)",kg CO2-Eq,Climate change — premise GWP incl. H₂
ecoinvent-3.12-cutoff_remind-SSP1-PkBudg650_2050_06-2_full,remind,REMIND,SSP1-PkBudg650,REMIND — SSP1-PkBudg650,remind | SSP1-PkBudg650,<2.0 °C,2050,Steel,Production,Hydrogen production,Biomass gasification,Biomass gasification,Technology excluding leakage,2.104238716044418e-07,2.6054274624380347e-05,"('IPCC 2021', 'climate change', 'GWP 100a, incl. H')","climate change — GWP 100a, incl. H (premise_gwp)",kg CO2-Eq,Climate change — premise GWP incl. H₂
ecoinvent-3.12-cutoff_remind-SSP1-PkBudg650_2050_06-2_full,remind,REMIND,SSP1-PkBudg650,REMIND — SSP1-PkBudg650,remind | SSP1-PkBudg650,<2.0 °C,2050,Steel,Production,Hydrogen production,Biomass gasification with CCS,Biomass gasification with CCS,Technology excluding leakage,0.006097707304198923,0.7550062617483705,"('IPCC 2021', 'climate change', 'GWP 100a, incl. H')","climate change — GWP 100a, incl. H (premise_gwp)",kg CO2-Eq,Climate change — premise GWP incl. H₂
ecoinvent-3.12-cutoff_remind-SSP1-PkBudg650_2050_06-2_full,remind,REMIND,SSP1-PkBudg650,REMIND — SSP1-PkBudg650,remind | SSP1-PkBudg650,<2.0 °C,2050,Steel,Production,Hydrogen production,Coal gasification with CCS,Coal gasification with CCS,Technology excluding leakage,2.3473119533780876e-06,0.0002906396018478752,"('IPCC 2021', 'climate change', 'GWP 100a, incl. H')","climate change — GWP 100a, incl. H (premise_gwp)",kg CO2-Eq,Climate change — premise GWP incl. H₂
ecoinvent-3.12-cutoff_remind-SSP1-PkBudg650_2050_06-2_full,remind,REMIND,SSP1-PkBudg650,REMIND — SSP1-PkBudg650,remind | SSP1-PkBudg650,<2.0 °C,2050,Steel,Production,Hydrogen production,Ammonia leakage — Coal gasification with CCS,Ammonia leakage — Coal gasification with CCS,Ammonia leakage,0.0,0.0,"('IPCC 2021', 'climate change', 'GWP 100a, incl. H')","climate change — GWP 100a, incl. H (premise_gwp)",kg CO2-Eq,Climate change — premise GWP incl. H₂
ecoinvent-3.12-cutoff_remind-SSP1-PkBudg650_2050_06-2_full,remind,REMIND,SSP1-PkBudg650,REMIND — SSP1-PkBudg650,remind | SSP1-PkBudg650,<2.0 °C,2050,Steel,Production,Hydrogen production,Steam methane reforming with CCS,Steam methane reforming with CCS,Technology excluding leakage,0.0008774079911792632,0.10863895139608229,"('IPCC 2021', 'climate change', 'GWP 100a, incl. H')","climate change — GWP 100a, incl. H (premise_gwp)",kg CO2-Eq,Climate change — premise GWP incl. H₂
ecoinvent-3.12-cutoff_remind-SSP1-PkBudg650_2050_06-2_full,remind,REMIND,SSP1-PkBudg650,REMIND — SSP1-PkBudg650,remind | SSP1-PkBudg650,<2.0 °C,2050,Cement,Production,Hydrogen production,PEM electrolysis,PEM electrolysis,Technology excluding leakage,0.6137436655648569,75.992547279332,"('IPCC 2021', 'climate change', 'GWP 100a, incl. H')","climate change — GWP 100a, incl. H (premise_gwp)",kg CO2-Eq,Climate change — premise GWP incl. H₂
ecoinvent-3.12-cutoff_remind-SSP1-PkBudg650_2050_06-2_full,remind,REMIND,SSP1-PkBudg650,REMIND — SSP1-PkBudg650,remind | SSP1-PkBudg650,<2.0 °C,2050,Cement,Production,Hydrogen production,Biomass gasification,Biomass gasification,Technology excluding leakage,2.104238716044418e-07,2.6054274624380347e-05,"('IPCC 2021', 'climate change', 'GWP 100a, incl. H')","climate change — GWP 100a, incl. H (premise_gwp)",kg CO2-Eq,Climate change — premise GWP incl. H₂
ecoinvent-3.12-cutoff_remind-SSP1-PkBudg650_2050_06-2_full,remind,REMIND,SSP1-PkBudg650,REMIND — SSP1-PkBudg650,remind | SSP1-PkBudg650,<2.0 °C,2050,Cement,Production,Hydrogen production,Biomass gasification with CCS,Biomass gasification with CCS,Technology excluding leakage,0.006097707304198923,0.7550062617483705,"('IPCC 2021', 'climate change', 'GWP 100a, incl. H')","climate change — GWP 100a, incl. H (premise_gwp)",kg CO2-Eq,Climate change — premise GWP incl. H₂
ecoinvent-3.12-cutoff_remind-SSP1-PkBudg650_2050_06-2_full,remind,REMIND,SSP1-PkBudg650,REMIND — SSP1-PkBudg650,remind | SSP1-PkBudg650,<2.0 °C,2050,Cement,Production,Hydrogen production,Coal gasification with CCS,Coal gasification with CCS,Technology excluding leakage,2.3473119533780876e-06,0.0002906396018478752,"('IPCC 2021', 'climate change', 'GWP 100a, incl. H')","climate change — GWP 100a, incl. H (premise_gwp)",kg CO2-Eq,Climate change — premise GWP incl. H₂
ecoinvent-3.12-cutoff_remind-SSP1-PkBudg650_2050_06-2_full,remind,REMIND,SSP1-PkBudg650,REMIND — SSP1-PkBudg650,remind | SSP1-PkBudg650,<2.0 °C,2050,Cement,Production,Hydrogen production,Ammonia leakage — Coal gasification with CCS,Ammonia leakage — Coal gasification with CCS,Ammonia leakage,0.0,0.0,"('IPCC 2021', 'climate change', 'GWP 100a, incl. H')","climate change — GWP 100a, incl. H (premise_gwp)",kg CO2-Eq,Climate change — premise GWP incl. H₂
ecoinvent-3.12-cutoff_remind-SSP1-PkBudg650_2050_06-2_full,remind,REMIND,SSP1-PkBudg650,REMIND — SSP1-PkBudg650,remind | SSP1-PkBudg650,<2.0 °C,2050,Cement,Production,Hydrogen production,Steam methane reforming with CCS,Steam methane reforming with CCS,Technology excluding leakage,0.0008774079911792632,0.10863895139608229,"('IPCC 2021', 'climate change', 'GWP 100a, incl. H')","climate change — GWP 100a, incl. H (premise_gwp)",kg CO2-Eq,Climate change — premise GWP incl. H₂
ecoinvent-3.12-cutoff_remind-SSP1-PkBudg650_2050_06-2_full,remind,REMIND,SSP1-PkBudg650,REMIND — SSP1-PkBudg650,remind | SSP1-PkBudg650,<2.0 °C,2050,Other end uses,Production,Hydrogen production,PEM electrolysis,PEM electrolysis,Technology excluding leakage,0.6137436655648569,75.11978892145125,"('IPCC 2021', 'climate change', 'GWP 100a, incl. H')","climate change — GWP 100a, incl. H (premise_gwp)",kg CO2-Eq,Climate change — premise GWP incl. H₂
ecoinvent-3.12-cutoff_remind-SSP1-PkBudg650_2050_06-2_full,remind,REMIND,SSP1-PkBudg650,REMIND — SSP1-PkBudg650,remind | SSP1-PkBudg650,<2.0 °C,2050,Other end uses,Production,Hydrogen production,Biomass gasification,Biomass gasification,Technology excluding leakage,2.104238716044418e-07,2.5755046782295194e-05,"('IPCC 2021', 'climate change', 'GWP 100a, incl. H')","climate change — GWP 100a, incl. H (premise_gwp)",kg CO2-Eq,Climate change — premise GWP incl. H₂
ecoinvent-3.12-cutoff_remind-SSP1-PkBudg650_2050_06-2_full,remind,REMIND,SSP1-PkBudg650,REMIND — SSP1-PkBudg650,remind | SSP1-PkBudg650,<2.0 °C,2050,Other end uses,Production,Hydrogen production,Biomass gasification with CCS,Biomass gasification with CCS,Technology excluding leakage,0.006097707304198923,0.7463351742696065,"('IPCC 2021', 'climate change', 'GWP 100a, incl. H')","climate change — GWP 100a, incl. H (premise_gwp)",kg CO2-Eq,Climate change — premise GWP incl. H₂
ecoinvent-3.12-cutoff_remind-SSP1-PkBudg650_2050_06-2_full,remind,REMIND,SSP1-PkBudg650,REMIND — SSP1-PkBudg650,remind | SSP1-PkBudg650,<2.0 °C,2050,Other end uses,Production,Hydrogen production,Coal gasification with CCS,Coal gasification with CCS,Technology excluding leakage,2.3473119533780876e-06,0.00028730166739607325,"('IPCC 2021', 'climate change', 'GWP 100a, incl. H')","climate change — GWP 100a, incl. H (premise_gwp)",kg CO2-Eq,Climate change — premise GWP incl. H₂
ecoinvent-3.12-cutoff_remind-SSP1-PkBudg650_2050_06-2_full,remind,REMIND,SSP1-PkBudg650,REMIND — SSP1-PkBudg650,remind | SSP1-PkBudg650,<2.0 °C,2050,Other end uses,Production,Hydrogen production,Ammonia leakage — Coal gasification with CCS,Ammonia leakage — Coal gasification with CCS,Ammonia leakage,0.0,0.0,"('IPCC 2021', 'climate change', 'GWP 100a, incl. H')","climate change — GWP 100a, incl. H (premise_gwp)",kg CO2-Eq,Climate change — premise GWP incl. H₂
ecoinvent-3.12-cutoff_remind-SSP1-PkBudg650_2050_06-2_full,remind,REMIND,SSP1-PkBudg650,REMIND — SSP1-PkBudg650,remind | SSP1-PkBudg650,<2.0 °C,2050,Other end uses,Production,Hydrogen production,Steam methane reforming with CCS,Steam methane reforming with CCS,Technology excluding leakage,0.0008774079911792632,0.10739125598098044,"('IPCC 2021', 'climate change', 'GWP 100a, incl. H')","climate change — GWP 100a, incl. H (premise_gwp)",kg CO2-Eq,Climate change — premise GWP incl. H₂
ecoinvent-3.12-cutoff_remind-SSP1-PkBudg650_2050_06-2_full,remind,REMIND,SSP1-PkBudg650,REMIND — SSP1-PkBudg650,remind | SSP1-PkBudg650,<2.0 °C,2050,Generic,Distribution,Pipeline,Pipeline distribution,Pipeline distribution,Process excluding leakage,0.012429751906142046,1.6948845371575219,"('IPCC 2021', 'climate change', 'GWP 100a, incl. H')","climate change — GWP 100a, incl. H (premise_gwp)",kg CO2-Eq,Climate change — premise GWP incl. H₂
ecoinvent-3.12-cutoff_remind-SSP1-PkBudg650_2050_06-2_full,remind,REMIND,SSP1-PkBudg650,REMIND — SSP1-PkBudg650,remind | SSP1-PkBudg650,<2.0 °C,2050,Generic,Distribution,Pipeline,Compression (pipeline),Compression (pipeline),Process excluding leakage,5.507060814334804e-06,0.0007509266709329848,"('IPCC 2021', 'climate change', 'GWP 100a, incl. H')","climate change — GWP 100a, incl. H (premise_gwp)",kg CO2-Eq,Climate change — premise GWP incl. H₂
ecoinvent-3.12-cutoff_remind-SSP1-PkBudg650_2050_06-2_full,remind,REMIND,SSP1-PkBudg650,REMIND — SSP1-PkBudg650,remind | SSP1-PkBudg650,<2.0 °C,2050,Generic,Distribution,Pipeline,Compression (pipeline),Compression (pipeline),Process excluding leakage,0.024154216151634905,3.2935981161729413,"('IPCC 2021', 'climate change', 'GWP 100a, incl. H')","climate change — GWP 100a, incl. H (premise_gwp)",kg CO2-Eq,Climate change — premise GWP incl. H₂
ecoinvent-3.12-cutoff_remind-SSP1-PkBudg650_2050_06-2_full,remind,REMIND,SSP1-PkBudg650,REMIND — SSP1-PkBudg650,remind | SSP1-PkBudg650,<2.0 °C,2050,Generic,Distribution,Pipeline,Hydrogen leakage — Pipeline distribution,Hydrogen leakage — Pipeline distribution,Hydrogen leakage,0.07605783175677061,10.371023005743142,"('IPCC 2021', 'climate change', 'GWP 100a, incl. H')","climate change — GWP 100a, incl. H (premise_gwp)",kg CO2-Eq,Climate change — premise GWP incl. H₂
ecoinvent-3.12-cutoff_remind-SSP1-PkBudg650_2050_06-2_full,remind,REMIND,SSP1-PkBudg650,REMIND — SSP1-PkBudg650,remind | SSP1-PkBudg650,<2.0 °C,2050,Transport,Distribution,Compressed gas truck,Gaseous H2 truck,Gaseous H2 truck,Process excluding leakage,0.005189042101175558,0.635118159608346,"('IPCC 2021', 'climate change', 'GWP 100a, incl. H')","climate change — GWP 100a, incl. H (premise_gwp)",kg CO2-Eq,Climate change — premise GWP incl. H₂
ecoinvent-3.12-cutoff_remind-SSP1-PkBudg650_2050_06-2_full,remind,REMIND,SSP1-PkBudg650,REMIND — SSP1-PkBudg650,remind | SSP1-PkBudg650,<2.0 °C,2050,Transport,Distribution,Compressed gas truck,Hydrogen leakage — Gaseous H2 truck,Hydrogen leakage — Gaseous H2 truck,Hydrogen leakage,0.0006874999846331776,0.08414726966120968,"('IPCC 2021', 'climate change', 'GWP 100a, incl. H')","climate change — GWP 100a, incl. H (premise_gwp)",kg CO2-Eq,Climate change — premise GWP incl. H₂
ecoinvent-3.12-cutoff_remind-SSP1-PkBudg650_2050_06-2_full,remind,REMIND,SSP1-PkBudg650,REMIND — SSP1-PkBudg650,remind | SSP1-PkBudg650,<2.0 °C,2050,Transport,Distribution,Liquid hydrogen,Liquid H2 truck,Liquid H2 truck,Process excluding leakage,0.010604110830618862,1.2979010814924439,"('IPCC 2021', 'climate change', 'GWP 100a, incl. H')","climate change — GWP 100a, incl. H (premise_gwp)",kg CO2-Eq,Climate change — premise GWP incl. H₂
ecoinvent-3.12-cutoff_remind-SSP1-PkBudg650_2050_06-2_full,remind,REMIND,SSP1-PkBudg650,REMIND — SSP1-PkBudg650,remind | SSP1-PkBudg650,<2.0 °C,2050,Transport,Distribution,Liquid hydrogen,Hydrogen leakage — Liquid H2 truck,Hydrogen leakage — Liquid H2 truck,Hydrogen leakage,0.004468749836087227,0.5469572449610377,"('IPCC 2021', 'climate change', 'GWP 100a, incl. H')","climate change — GWP 100a, incl. H (premise_gwp)",kg CO2-Eq,Climate change — premise GWP incl. H₂
ecoinvent-3.12-cutoff_remind-SSP1-PkBudg650_2050_06-2_full,remind,REMIND,SSP1-PkBudg650,REMIND — SSP1-PkBudg650,remind | SSP1-PkBudg650,<2.0 °C,2050,Transport,Distribution,Pipeline,Pipeline distribution,Pipeline distribution,Process excluding leakage,0.006214875953071023,0.760676151888306,"('IPCC 2021', 'climate change', 'GWP 100a, incl. H')","climate change — GWP 100a, incl. H (premise_gwp)",kg CO2-Eq,Climate change — premise GWP incl. H₂
ecoinvent-3.12-cutoff_remind-SSP1-PkBudg650_2050_06-2_full,remind,REMIND,SSP1-PkBudg650,REMIND — SSP1-PkBudg650,remind | SSP1-PkBudg650,<2.0 °C,2050,Transport,Distribution,Pipeline,Compression (pipeline),Compression (pipeline),Process excluding leakage,2.753530407167402e-06,0.0003370211939944738,"('IPCC 2021', 'climate change', 'GWP 100a, incl. H')","climate change — GWP 100a, incl. H (premise_gwp)",kg CO2-Eq,Climate change — premise GWP incl. H₂
ecoinvent-3.12-cutoff_remind-SSP1-PkBudg650_2050_06-2_full,remind,REMIND,SSP1-PkBudg650,REMIND — SSP1-PkBudg650,remind | SSP1-PkBudg650,<2.0 °C,2050,Transport,Distribution,Pipeline,Compression (pipeline),Compression (pipeline),Process excluding leakage,0.012077108075817453,1.4781900984705008,"('IPCC 2021', 'climate change', 'GWP 100a, incl. H')","climate change — GWP 100a, incl. H (premise_gwp)",kg CO2-Eq,Climate change — premise GWP incl. H₂
ecoinvent-3.12-cutoff_remind-SSP1-PkBudg650_2050_06-2_full,remind,REMIND,SSP1-PkBudg650,REMIND — SSP1-PkBudg650,remind | SSP1-PkBudg650,<2.0 °C,2050,Transport,Distribution,Pipeline,Hydrogen leakage — Pipeline distribution,Hydrogen leakage — Pipeline distribution,Hydrogen leakage,0.038028915878385305,4.654588379444626,"('IPCC 2021', 'climate change', 'GWP 100a, incl. H')","climate change — GWP 100a, incl. H (premise_gwp)",kg CO2-Eq,Climate change — premise GWP incl. H₂
ecoinvent-3.12-cutoff_remind-SSP1-PkBudg650_2050_06-2_full,remind,REMIND,SSP1-PkBudg650,REMIND — SSP1-PkBudg650,remind | SSP1-PkBudg650,<2.0 °C,2050,Transport,Distribution,Compressed gas truck,Compression (lorry),Compression (lorry),Process excluding leakage,0.004851588845822107,0.5938152203923825,"('IPCC 2021', 'climate change', 'GWP 100a, incl. H')","climate change — GWP 100a, incl. H (premise_gwp)",kg CO2-Eq,Climate change — premise GWP incl. H₂
ecoinvent-3.12-cutoff_remind-SSP1-PkBudg650_2050_06-2_full,remind,REMIND,SSP1-PkBudg650,REMIND — SSP1-PkBudg650,remind | SSP1-PkBudg650,<2.0 °C,2050,Transport,Distribution,Compressed gas truck,Hydrogen leakage — Compression (lorry),Hydrogen leakage — Compression (lorry),Hydrogen leakage,0.008250000071711838,1.0097672672818176,"('IPCC 2021', 'climate change', 'GWP 100a, incl. H')","climate change — GWP 100a, incl. H (premise_gwp)",kg CO2-Eq,Climate change — premise GWP incl. H₂
ecoinvent-3.12-cutoff_remind-SSP1-PkBudg650_2050_06-2_full,remind,REMIND,SSP1-PkBudg650,REMIND — SSP1-PkBudg650,remind | SSP1-PkBudg650,<2.0 °C,2050,Transport,Distribution,Liquid hydrogen,Liquefaction,Liquefaction,Process excluding leakage,0.04298998159815279,5.261803134730762,"('IPCC 2021', 'climate change', 'GWP 100a, incl. H')","climate change — GWP 100a, incl. H (premise_gwp)",kg CO2-Eq,Climate change — premise GWP incl. H₂
ecoinvent-3.12-cutoff_remind-SSP1-PkBudg650_2050_06-2_full,remind,REMIND,SSP1-PkBudg650,REMIND — SSP1-PkBudg650,remind | SSP1-PkBudg650,<2.0 °C,2050,Transport,Distribution,Liquid hydrogen,Hydrogen leakage — Liquefaction,Hydrogen leakage — Liquefaction,Hydrogen leakage,0.04455000115558505,5.45274333736372,"('IPCC 2021', 'climate change', 'GWP 100a, incl. H')","climate change — GWP 100a, incl. H (premise_gwp)",kg CO2-Eq,Climate change — premise GWP incl. H₂
ecoinvent-3.12-cutoff_remind-SSP1-PkBudg650_2050_06-2_full,remind,REMIND,SSP1-PkBudg650,REMIND — SSP1-PkBudg650,remind | SSP1-PkBudg650,<2.0 °C,2050,Transport,Distribution,Liquid hydrogen,Hydrogen regasification,Hydrogen regasification,Process excluding leakage,0.00463398054718148,0.5671808282534504,"('IPCC 2021', 'climate change', 'GWP 100a, incl. H')","climate change — GWP 100a, incl. H (premise_gwp)",kg CO2-Eq,Climate change — premise GWP incl. H₂
ecoinvent-3.12-cutoff_remind-SSP1-PkBudg650_2050_06-2_full,remind,REMIND,SSP1-PkBudg650,REMIND — SSP1-PkBudg650,remind | SSP1-PkBudg650,<2.0 °C,2050,Transport,Distribution,Liquid hydrogen,Hydrogen leakage — Hydrogen regasification,Hydrogen leakage — Hydrogen regasification,Hydrogen leakage,0.01374999969266355,1.6829453932241938,"('IPCC 2021', 'climate change', 'GWP 100a, incl. H')","climate change — GWP 100a, incl. H (premise_gwp)",kg CO2-Eq,Climate change — premise GWP incl. H₂
ecoinvent-3.12-cutoff_remind-SSP1-PkBudg650_2050_06-2_full,remind,REMIND,SSP1-PkBudg650,REMIND — SSP1-PkBudg650,remind | SSP1-PkBudg650,<2.0 °C,2050,Chemicals,Distribution,Pipeline,Pipeline distribution,Pipeline distribution,Process excluding leakage,0.009943801524913639,1.3988820000731625,"('IPCC 2021', 'climate change', 'GWP 100a, incl. H')","climate change — GWP 100a, incl. H (premise_gwp)",kg CO2-Eq,Climate change — premise GWP incl. H₂
ecoinvent-3.12-cutoff_remind-SSP1-PkBudg650_2050_06-2_full,remind,REMIND,SSP1-PkBudg650,REMIND — SSP1-PkBudg650,remind | SSP1-PkBudg650,<2.0 °C,2050,Chemicals,Distribution,Pipeline,Compression (pipeline),Compression (pipeline),Process excluding leakage,4.405648651467843e-06,0.0006197813363172987,"('IPCC 2021', 'climate change', 'GWP 100a, incl. H')","climate change — GWP 100a, incl. H (premise_gwp)",kg CO2-Eq,Climate change — premise GWP incl. H₂
ecoinvent-3.12-cutoff_remind-SSP1-PkBudg650_2050_06-2_full,remind,REMIND,SSP1-PkBudg650,REMIND — SSP1-PkBudg650,remind | SSP1-PkBudg650,<2.0 °C,2050,Chemicals,Distribution,Pipeline,Compression (pipeline),Compression (pipeline),Process excluding leakage,0.019323372921307924,2.7183887864810923,"('IPCC 2021', 'climate change', 'GWP 100a, incl. H')","climate change — GWP 100a, incl. H (premise_gwp)",kg CO2-Eq,Climate change — premise GWP incl. H₂
ecoinvent-3.12-cutoff_remind-SSP1-PkBudg650_2050_06-2_full,remind,REMIND,SSP1-PkBudg650,REMIND — SSP1-PkBudg650,remind | SSP1-PkBudg650,<2.0 °C,2050,Chemicals,Distribution,Pipeline,Hydrogen leakage — Pipeline distribution,Hydrogen leakage — Pipeline distribution,Hydrogen leakage,0.06084626540541649,8.559779198534509,"('IPCC 2021', 'climate change', 'GWP 100a, incl. H')","climate change — GWP 100a, incl. H (premise_gwp)",kg CO2-Eq,Climate change — premise GWP incl. H₂
ecoinvent-3.12-cutoff_remind-SSP1-PkBudg650_2050_06-2_full,remind,REMIND,SSP1-PkBudg650,REMIND — SSP1-PkBudg650,remind | SSP1-PkBudg650,<2.0 °C,2050,Steel,Distribution,Liquid hydrogen,Liquid H2 truck,Liquid H2 truck,Process excluding leakage,0.00848328866449509,1.0503843071480787,"('IPCC 2021', 'climate change', 'GWP 100a, incl. H')","climate change — GWP 100a, incl. H (premise_gwp)",kg CO2-Eq,Climate change — premise GWP incl. H₂
ecoinvent-3.12-cutoff_remind-SSP1-PkBudg650_2050_06-2_full,remind,REMIND,SSP1-PkBudg650,REMIND — SSP1-PkBudg650,remind | SSP1-PkBudg650,<2.0 °C,2050,Steel,Distribution,Liquid hydrogen,Hydrogen leakage — Liquid H2 truck,Hydrogen leakage — Liquid H2 truck,Hydrogen leakage,0.003574999868869782,0.4426495323722143,"('IPCC 2021', 'climate change', 'GWP 100a, incl. H')","climate change — GWP 100a, incl. H (premise_gwp)",kg CO2-Eq,Climate change — premise GWP incl. H₂
ecoinvent-3.12-cutoff_remind-SSP1-PkBudg650_2050_06-2_full,remind,REMIND,SSP1-PkBudg650,REMIND — SSP1-PkBudg650,remind | SSP1-PkBudg650,<2.0 °C,2050,Steel,Distribution,Pipeline,Pipeline distribution,Pipeline distribution,Process excluding leakage,0.009943801524913639,1.2312221696379204,"('IPCC 2021', 'climate change', 'GWP 100a, incl. H')","climate change — GWP 100a, incl. H (premise_gwp)",kg CO2-Eq,Climate change — premise GWP incl. H₂
ecoinvent-3.12-cutoff_remind-SSP1-PkBudg650_2050_06-2_full,remind,REMIND,SSP1-PkBudg650,REMIND — SSP1-PkBudg650,remind | SSP1-PkBudg650,<2.0 °C,2050,Steel,Distribution,Pipeline,Compression (pipeline),Compression (pipeline),Process excluding leakage,4.405648651467843e-06,0.0005454988494824896,"('IPCC 2021', 'climate change', 'GWP 100a, incl. H')","climate change — GWP 100a, incl. H (premise_gwp)",kg CO2-Eq,Climate change — premise GWP incl. H₂
ecoinvent-3.12-cutoff_remind-SSP1-PkBudg650_2050_06-2_full,remind,REMIND,SSP1-PkBudg650,REMIND — SSP1-PkBudg650,remind | SSP1-PkBudg650,<2.0 °C,2050,Steel,Distribution,Pipeline,Compression (pipeline),Compression (pipeline),Process excluding leakage,0.019323372921307924,2.392582461877125,"('IPCC 2021', 'climate change', 'GWP 100a, incl. H')","climate change — GWP 100a, incl. H (premise_gwp)",kg CO2-Eq,Climate change — premise GWP incl. H₂
ecoinvent-3.12-cutoff_remind-SSP1-PkBudg650_2050_06-2_full,remind,REMIND,SSP1-PkBudg650,REMIND — SSP1-PkBudg650,remind | SSP1-PkBudg650,<2.0 °C,2050,Steel,Distribution,Pipeline,Hydrogen leakage — Pipeline distribution,Hydrogen leakage — Pipeline distribution,Hydrogen leakage,0.06084626540541649,7.533866270271546,"('IPCC 2021', 'climate change', 'GWP 100a, incl. H')","climate change — GWP 100a, incl. H (premise_gwp)",kg CO2-Eq,Climate change — premise GWP incl. H₂
ecoinvent-3.12-cutoff_remind-SSP1-PkBudg650_2050_06-2_full,remind,REMIND,SSP1-PkBudg650,REMIND — SSP1-PkBudg650,remind | SSP1-PkBudg650,<2.0 °C,2050,Steel,Distribution,Liquid hydrogen,Liquefaction,Liquefaction,Process excluding leakage,0.034391985278522226,4.258348743856823,"('IPCC 2021', 'climate change', 'GWP 100a, incl. H')","climate change — GWP 100a, incl. H (premise_gwp)",kg CO2-Eq,Climate change — premise GWP incl. H₂
ecoinvent-3.12-cutoff_remind-SSP1-PkBudg650_2050_06-2_full,remind,REMIND,SSP1-PkBudg650,REMIND — SSP1-PkBudg650,remind | SSP1-PkBudg650,<2.0 °C,2050,Steel,Distribution,Liquid hydrogen,Hydrogen leakage — Liquefaction,Hydrogen leakage — Liquefaction,Hydrogen leakage,0.03564000092446804,4.412875614439834,"('IPCC 2021', 'climate change', 'GWP 100a, incl. H')","climate change — GWP 100a, incl. H (premise_gwp)",kg CO2-Eq,Climate change — premise GWP incl. H₂
ecoinvent-3.12-cutoff_remind-SSP1-PkBudg650_2050_06-2_full,remind,REMIND,SSP1-PkBudg650,REMIND — SSP1-PkBudg650,remind | SSP1-PkBudg650,<2.0 °C,2050,Steel,Distribution,Liquid hydrogen,Hydrogen regasification,Hydrogen regasification,Process excluding leakage,0.0037071844377451844,0.4590163686647196,"('IPCC 2021', 'climate change', 'GWP 100a, incl. H')","climate change — GWP 100a, incl. H (premise_gwp)",kg CO2-Eq,Climate change — premise GWP incl. H₂
ecoinvent-3.12-cutoff_remind-SSP1-PkBudg650_2050_06-2_full,remind,REMIND,SSP1-PkBudg650,REMIND — SSP1-PkBudg650,remind | SSP1-PkBudg650,<2.0 °C,2050,Steel,Distribution,Liquid hydrogen,Hydrogen leakage — Hydrogen regasification,Hydrogen leakage — Hydrogen regasification,Hydrogen leakage,0.010999999754130841,1.3619985806600448,"('IPCC 2021', 'climate change', 'GWP 100a, incl. H')","climate change — GWP 100a, incl. H (premise_gwp)",kg CO2-Eq,Climate change — premise GWP incl. H₂
ecoinvent-3.12-cutoff_remind-SSP1-PkBudg650_2050_06-2_full,remind,REMIND,SSP1-PkBudg650,REMIND — SSP1-PkBudg650,remind | SSP1-PkBudg650,<2.0 °C,2050,Cement,Distribution,Liquid hydrogen,Liquid H2 truck,Liquid H2 truck,Process excluding leakage,0.00848328866449509,1.0503843071480787,"('IPCC 2021', 'climate change', 'GWP 100a, incl. H')","climate change — GWP 100a, incl. H (premise_gwp)",kg CO2-Eq,Climate change — premise GWP incl. H₂
ecoinvent-3.12-cutoff_remind-SSP1-PkBudg650_2050_06-2_full,remind,REMIND,SSP1-PkBudg650,REMIND — SSP1-PkBudg650,remind | SSP1-PkBudg650,<2.0 °C,2050,Cement,Distribution,Liquid hydrogen,Hydrogen leakage — Liquid H2 truck,Hydrogen leakage — Liquid H2 truck,Hydrogen leakage,0.003574999868869782,0.4426495323722143,"('IPCC 2021', 'climate change', 'GWP 100a, incl. H')","climate change — GWP 100a, incl. H (premise_gwp)",kg CO2-Eq,Climate change — premise GWP incl. H₂
ecoinvent-3.12-cutoff_remind-SSP1-PkBudg650_2050_06-2_full,remind,REMIND,SSP1-PkBudg650,REMIND — SSP1-PkBudg650,remind | SSP1-PkBudg650,<2.0 °C,2050,Cement,Distribution,Pipeline,Pipeline distribution,Pipeline distribution,Process excluding leakage,0.009943801524913639,1.2312221696379204,"('IPCC 2021', 'climate change', 'GWP 100a, incl. H')","climate change — GWP 100a, incl. H (premise_gwp)",kg CO2-Eq,Climate change — premise GWP incl. H₂
ecoinvent-3.12-cutoff_remind-SSP1-PkBudg650_2050_06-2_full,remind,REMIND,SSP1-PkBudg650,REMIND — SSP1-PkBudg650,remind | SSP1-PkBudg650,<2.0 °C,2050,Cement,Distribution,Pipeline,Compression (pipeline),Compression (pipeline),Process excluding leakage,4.405648651467843e-06,0.0005454988494824896,"('IPCC 2021', 'climate change', 'GWP 100a, incl. H')","climate change — GWP 100a, incl. H (premise_gwp)",kg CO2-Eq,Climate change — premise GWP incl. H₂
ecoinvent-3.12-cutoff_remind-SSP1-PkBudg650_2050_06-2_full,remind,REMIND,SSP1-PkBudg650,REMIND — SSP1-PkBudg650,remind | SSP1-PkBudg650,<2.0 °C,2050,Cement,Distribution,Pipeline,Compression (pipeline),Compression (pipeline),Process excluding leakage,0.019323372921307924,2.392582461877125,"('IPCC 2021', 'climate change', 'GWP 100a, incl. H')","climate change — GWP 100a, incl. H (premise_gwp)",kg CO2-Eq,Climate change — premise GWP incl. H₂
ecoinvent-3.12-cutoff_remind-SSP1-PkBudg650_2050_06-2_full,remind,REMIND,SSP1-PkBudg650,REMIND — SSP1-PkBudg650,remind | SSP1-PkBudg650,<2.0 °C,2050,Cement,Distribution,Pipeline,Hydrogen leakage — Pipeline distribution,Hydrogen leakage — Pipeline distribution,Hydrogen leakage,0.06084626540541649,7.533866270271546,"('IPCC 2021', 'climate change', 'GWP 100a, incl. H')","climate change — GWP 100a, incl. H (premise_gwp)",kg CO2-Eq,Climate change — premise GWP incl. H₂
ecoinvent-3.12-cutoff_remind-SSP1-PkBudg650_2050_06-2_full,remind,REMIND,SSP1-PkBudg650,REMIND — SSP1-PkBudg650,remind | SSP1-PkBudg650,<2.0 °C,2050,Cement,Distribution,Liquid hydrogen,Liquefaction,Liquefaction,Process excluding leakage,0.034391985278522226,4.258348743856823,"('IPCC 2021', 'climate change', 'GWP 100a, incl. H')","climate change — GWP 100a, incl. H (premise_gwp)",kg CO2-Eq,Climate change — premise GWP incl. H₂
ecoinvent-3.12-cutoff_remind-SSP1-PkBudg650_2050_06-2_full,remind,REMIND,SSP1-PkBudg650,REMIND — SSP1-PkBudg650,remind | SSP1-PkBudg650,<2.0 °C,2050,Cement,Distribution,Liquid hydrogen,Hydrogen leakage — Liquefaction,Hydrogen leakage — Liquefaction,Hydrogen leakage,0.03564000092446804,4.412875614439834,"('IPCC 2021', 'climate change', 'GWP 100a, incl. H')","climate change — GWP 100a, incl. H (premise_gwp)",kg CO2-Eq,Climate change — premise GWP incl. H₂
ecoinvent-3.12-cutoff_remind-SSP1-PkBudg650_2050_06-2_full,remind,REMIND,SSP1-PkBudg650,REMIND — SSP1-PkBudg650,remind | SSP1-PkBudg650,<2.0 °C,2050,Cement,Distribution,Liquid hydrogen,Hydrogen regasification,Hydrogen regasification,Process excluding leakage,0.0037071844377451844,0.4590163686647196,"('IPCC 2021', 'climate change', 'GWP 100a, incl. H')","climate change — GWP 100a, incl. H (premise_gwp)",kg CO2-Eq,Climate change — premise GWP incl. H₂
ecoinvent-3.12-cutoff_remind-SSP1-PkBudg650_2050_06-2_full,remind,REMIND,SSP1-PkBudg650,REMIND — SSP1-PkBudg650,remind | SSP1-PkBudg650,<2.0 °C,2050,Cement,Distribution,Liquid hydrogen,Hydrogen leakage — Hydrogen regasification,Hydrogen leakage — Hydrogen regasification,Hydrogen leakage,0.010999999754130841,1.3619985806600448,"('IPCC 2021', 'climate change', 'GWP 100a, incl. H')","climate change — GWP 100a, incl. H (premise_gwp)",kg CO2-Eq,Climate change — premise GWP incl. H₂
ecoinvent-3.12-cutoff_remind-SSP1-PkBudg650_2050_06-2_full,remind,REMIND,SSP1-PkBudg650,REMIND — SSP1-PkBudg650,remind | SSP1-PkBudg650,<2.0 °C,2050,Other end uses,Distribution,Compressed gas truck,Gaseous H2 truck,Gaseous H2 truck,Process excluding leakage,0.005189042101175558,0.6351181596083454,"('IPCC 2021', 'climate change', 'GWP 100a, incl. H')","climate change — GWP 100a, incl. H (premise_gwp)",kg CO2-Eq,Climate change — premise GWP incl. H₂
ecoinvent-3.12-cutoff_remind-SSP1-PkBudg650_2050_06-2_full,remind,REMIND,SSP1-PkBudg650,REMIND — SSP1-PkBudg650,remind | SSP1-PkBudg650,<2.0 °C,2050,Other end uses,Distribution,Compressed gas truck,Hydrogen leakage — Gaseous H2 truck,Hydrogen leakage — Gaseous H2 truck,Hydrogen leakage,0.0006874999846331776,0.08414726966120963,"('IPCC 2021', 'climate change', 'GWP 100a, incl. H')","climate change — GWP 100a, incl. H (premise_gwp)",kg CO2-Eq,Climate change — premise GWP incl. H₂
ecoinvent-3.12-cutoff_remind-SSP1-PkBudg650_2050_06-2_full,remind,REMIND,SSP1-PkBudg650,REMIND — SSP1-PkBudg650,remind | SSP1-PkBudg650,<2.0 °C,2050,Other end uses,Distribution,Liquid hydrogen,Liquid H2 truck,Liquid H2 truck,Process excluding leakage,0.010604110830618862,1.2979010814924428,"('IPCC 2021', 'climate change', 'GWP 100a, incl. H')","climate change — GWP 100a, incl. H (premise_gwp)",kg CO2-Eq,Climate change — premise GWP incl. H₂
ecoinvent-3.12-cutoff_remind-SSP1-PkBudg650_2050_06-2_full,remind,REMIND,SSP1-PkBudg650,REMIND — SSP1-PkBudg650,remind | SSP1-PkBudg650,<2.0 °C,2050,Other end uses,Distribution,Liquid hydrogen,Hydrogen leakage — Liquid H2 truck,Hydrogen leakage — Liquid H2 truck,Hydrogen leakage,0.004468749836087227,0.5469572449610373,"('IPCC 2021', 'climate change', 'GWP 100a, incl. H')","climate change — GWP 100a, incl. H (premise_gwp)",kg CO2-Eq,Climate change — premise GWP incl. H₂
ecoinvent-3.12-cutoff_remind-SSP1-PkBudg650_2050_06-2_full,remind,REMIND,SSP1-PkBudg650,REMIND — SSP1-PkBudg650,remind | SSP1-PkBudg650,<2.0 °C,2050,Other end uses,Distribution,Pipeline,Pipeline distribution,Pipeline distribution,Process excluding leakage,0.006214875953071023,0.7606761518883053,"('IPCC 2021', 'climate change', 'GWP 100a, incl. H')","climate change — GWP 100a, incl. H (premise_gwp)",kg CO2-Eq,Climate change — premise GWP incl. H₂
ecoinvent-3.12-cutoff_remind-SSP1-PkBudg650_2050_06-2_full,remind,REMIND,SSP1-PkBudg650,REMIND — SSP1-PkBudg650,remind | SSP1-PkBudg650,<2.0 °C,2050,Other end uses,Distribution,Pipeline,Compression (pipeline),Compression (pipeline),Process excluding leakage,2.753530407167402e-06,0.00033702119399447355,"('IPCC 2021', 'climate change', 'GWP 100a, incl. H')","climate change — GWP 100a, incl. H (premise_gwp)",kg CO2-Eq,Climate change — premise GWP incl. H₂
ecoinvent-3.12-cutoff_remind-SSP1-PkBudg650_2050_06-2_full,remind,REMIND,SSP1-PkBudg650,REMIND — SSP1-PkBudg650,remind | SSP1-PkBudg650,<2.0 °C,2050,Other end uses,Distribution,Pipeline,Compression (pipeline),Compression (pipeline),Process excluding leakage,0.012077108075817453,1.4781900984704996,"('IPCC 2021', 'climate change', 'GWP 100a, incl. H')","climate change — GWP 100a, incl. H (premise_gwp)",kg CO2-Eq,Climate change — premise GWP incl. H₂
ecoinvent-3.12-cutoff_remind-SSP1-PkBudg650_2050_06-2_full,remind,REMIND,SSP1-PkBudg650,REMIND — SSP1-PkBudg650,remind | SSP1-PkBudg650,<2.0 °C,2050,Other end uses,Distribution,Pipeline,Hydrogen leakage — Pipeline distribution,Hydrogen leakage — Pipeline distribution,Hydrogen leakage,0.038028915878385305,4.654588379444623,"('IPCC 2021', 'climate change', 'GWP 100a, incl. H')","climate change — GWP 100a, incl. H (premise_gwp)",kg CO2-Eq,Climate change — premise GWP incl. H₂
ecoinvent-3.12-cutoff_remind-SSP1-PkBudg650_2050_06-2_full,remind,REMIND,SSP1-PkBudg650,REMIND — SSP1-PkBudg650,remind | SSP1-PkBudg650,<2.0 °C,2050,Other end uses,Distribution,Compressed gas truck,Compression (lorry),Compression (lorry),Process excluding leakage,0.004851588845822107,0.5938152203923821,"('IPCC 2021', 'climate change', 'GWP 100a, incl. H')","climate change — GWP 100a, incl. H (premise_gwp)",kg CO2-Eq,Climate change — premise GWP incl. H₂
ecoinvent-3.12-cutoff_remind-SSP1-PkBudg650_2050_06-2_full,remind,REMIND,SSP1-PkBudg650,REMIND — SSP1-PkBudg650,remind | SSP1-PkBudg650,<2.0 °C,2050,Other end uses,Distribution,Compressed gas truck,Hydrogen leakage — Compression (lorry),Hydrogen leakage — Compression (lorry),Hydrogen leakage,0.008250000071711838,1.0097672672818168,"('IPCC 2021', 'climate change', 'GWP 100a, incl. H')","climate change — GWP 100a, incl. H (premise_gwp)",kg CO2-Eq,Climate change — premise GWP incl. H₂
ecoinvent-3.12-cutoff_remind-SSP1-PkBudg650_2050_06-2_full,remind,REMIND,SSP1-PkBudg650,REMIND — SSP1-PkBudg650,remind | SSP1-PkBudg650,<2.0 °C,2050,Other end uses,Distribution,Liquid hydrogen,Liquefaction,Liquefaction,Process excluding leakage,0.04298998159815279,5.261803134730759,"('IPCC 2021', 'climate change', 'GWP 100a, incl. H')","climate change — GWP 100a, incl. H (premise_gwp)",kg CO2-Eq,Climate change — premise GWP incl. H₂
ecoinvent-3.12-cutoff_remind-SSP1-PkBudg650_2050_06-2_full,remind,REMIND,SSP1-PkBudg650,REMIND — SSP1-PkBudg650,remind | SSP1-PkBudg650,<2.0 °C,2050,Other end uses,Distribution,Liquid hydrogen,Hydrogen leakage — Liquefaction,Hydrogen leakage — Liquefaction,Hydrogen leakage,0.04455000115558505,5.4527433373637155,"('IPCC 2021', 'climate change', 'GWP 100a, incl. H')","climate change — GWP 100a, incl. H (premise_gwp)",kg CO2-Eq,Climate change — premise GWP incl. H₂
ecoinvent-3.12-cutoff_remind-SSP1-PkBudg650_2050_06-2_full,remind,REMIND,SSP1-PkBudg650,REMIND — SSP1-PkBudg650,remind | SSP1-PkBudg650,<2.0 °C,2050,Other end uses,Distribution,Liquid hydrogen,Hydrogen regasification,Hydrogen regasification,Process excluding leakage,0.00463398054718148,0.5671808282534498,"('IPCC 2021', 'climate change', 'GWP 100a, incl. H')","climate change — GWP 100a, incl. H (premise_gwp)",kg CO2-Eq,Climate change — premise GWP incl. H₂
ecoinvent-3.12-cutoff_remind-SSP1-PkBudg650_2050_06-2_full,remind,REMIND,SSP1-PkBudg650,REMIND — SSP1-PkBudg650,remind | SSP1-PkBudg650,<2.0 °C,2050,Other end uses,Distribution,Liquid hydrogen,Hydrogen leakage — Hydrogen regasification,Hydrogen leakage — Hydrogen regasification,Hydrogen leakage,0.01374999969266355,1.6829453932241925,"('IPCC 2021', 'climate change', 'GWP 100a, incl. H')","climate change — GWP 100a, incl. H (premise_gwp)",kg CO2-Eq,Climate change — premise GWP incl. H₂
